config,year,role,is_new,BTC_initial_weight,EMA_span_days,cost,fold,net_return_pct,minute_DD_pct,Sharpe365,Calmar
fundalloc_2025_BTC_vol30_r1_c900,2025,component,True,0.45,,1,1,0.0,0.0,,
fundalloc_2025_BTC_vol30_r1_c900,2025,component,True,0.45,,1,2,18.00513040559999,4.644914801339195,5.785053577099446,139.83870179721438
fundalloc_2025_BTC_vol30_r1_c900,2025,component,True,0.45,,1,3,2.040250446505798,10.253655464963085,0.8718402264591564,2.7166608663198155
fundalloc_2025_BTC_vol30_r1_c900,2025,component,True,0.45,,1,4,3.002436184405566,9.65941431970706,1.642344575251025,4.48489460798452
fundalloc_2025_BTC_vol30_r1_c900,2025,component,True,0.45,,1,5,0.46965495744970553,7.401013207763718,0.34119636379142837,0.7926461159914702
fundalloc_2025_BTC_vol30_r1_c900,2025,component,True,0.45,,1,6,-3.5653966654247027,6.257152125531262,-3.2201938970885338,-5.706513065944438
fundalloc_2025_BTC_vol30_r1_c900,2025,component,True,0.45,,2,1,0.0,0.0,,
fundalloc_2025_BTC_vol30_r1_c900,2025,component,True,0.45,,2,2,17.856939418888885,4.6461946043988895,5.7868519055752845,137.3525489898796
fundalloc_2025_BTC_vol30_r1_c900,2025,component,True,0.45,,2,3,2.0408247685461234,10.256323060658834,0.8718901488493672,2.7168079673956163
fundalloc_2025_BTC_vol30_r1_c900,2025,component,True,0.45,,2,4,2.7297901373829037,9.66199782843099,1.505617110819346,4.01297899592851
fundalloc_2025_BTC_vol30_r1_c900,2025,component,True,0.45,,2,5,0.46950146255875236,7.398658922947532,0.3411528125408368,0.7926323697695826
fundalloc_2025_BTC_vol30_r1_c900,2025,component,True,0.45,,2,6,-3.9410166163169724,6.499956002168417,-3.6129768602167727,-5.9520399794171786
fundalloc_2025_BTC_vol30_r1_c900,2025,component,True,0.45,,3,1,0.0,0.0,,
fundalloc_2025_BTC_vol30_r1_c900,2025,component,True,0.45,,3,2,17.708953088000023,4.647469705558461,5.788013635071051,134.90532782513992
fundalloc_2025_BTC_vol30_r1_c900,2025,component,True,0.45,,3,3,2.041396987386146,10.25898077429609,0.8719398874953623,2.716954537017581
fundalloc_2025_BTC_vol30_r1_c900,2025,component,True,0.45,,3,4,2.46548009202443,9.664571804094047,1.3709491398202895,3.5688289622118563
fundalloc_2025_BTC_vol30_r1_c900,2025,component,True,0.45,,3,5,0.46980390974806774,7.403297779607543,0.3412386259661474,0.792659455583753
fundalloc_2025_BTC_vol30_r1_c900,2025,component,True,0.45,,3,6,-4.3203188856052455,6.747650656930116,-4.002088469690331,-6.160582373619138
fundalloc_2025_ETH_s30_b0.0125_c1100,2025,component,True,0.45,30,1,1,0.0,0.0,,
fundalloc_2025_ETH_s30_b0.0125_c1100,2025,component,True,0.45,30,1,2,43.69504635727275,9.22334652098179,5.293946351892856,881.7506592651733
fundalloc_2025_ETH_s30_b0.0125_c1100,2025,component,True,0.45,30,1,3,0.4870748027709926,14.891870189007172,0.3840461826624408,0.408943034487646
fundalloc_2025_ETH_s30_b0.0125_c1100,2025,component,True,0.45,30,1,4,14.746324483068385,13.886253778415536,4.232405938118827,31.190282575957067
fundalloc_2025_ETH_s30_b0.0125_c1100,2025,component,True,0.45,30,1,5,44.99735580825603,14.72364455914219,7.05289915529463,617.2289256221253
fundalloc_2025_ETH_s30_b0.0125_c1100,2025,component,True,0.45,30,1,6,2.5688696988147797,14.551187359520501,0.7622186818384465,2.484443620983119
fundalloc_2025_ETH_s30_b0.0125_c1100,2025,component,True,0.45,30,2,1,0.0,0.0,,
fundalloc_2025_ETH_s30_b0.0125_c1100,2025,component,True,0.45,30,2,2,43.49934613818183,9.22265646126651,5.276294718054047,867.1372690405087
fundalloc_2025_ETH_s30_b0.0125_c1100,2025,component,True,0.45,30,2,3,0.4870354786144837,14.890811556484584,0.3840236794886607,0.4089381859290554
fundalloc_2025_ETH_s30_b0.0125_c1100,2025,component,True,0.45,30,2,4,14.445574175890075,14.112177166125406,4.1530072609032755,29.503761012846446
fundalloc_2025_ETH_s30_b0.0125_c1100,2025,component,True,0.45,30,2,5,44.998460266836005,14.723932023736197,7.052906243346861,617.2747073065171
fundalloc_2025_ETH_s30_b0.0125_c1100,2025,component,True,0.45,30,2,6,2.433965560956586,14.551413275967795,0.7414776579141668,2.3357731021994743
fundalloc_2025_ETH_s30_b0.0125_c1100,2025,component,True,0.45,30,3,1,0.0,0.0,,
fundalloc_2025_ETH_s30_b0.0125_c1100,2025,component,True,0.45,30,3,2,43.3109245603636,9.222904115905928,5.258540632979061,853.1906276057683
fundalloc_2025_ETH_s30_b0.0125_c1100,2025,component,True,0.45,30,3,3,0.48704959155663197,14.89119148865078,0.38403175560153974,0.40893992601309315
fundalloc_2025_ETH_s30_b0.0125_c1100,2025,component,True,0.45,30,3,4,14.144033088031449,14.337984150666006,4.072544912279057,27.901465319003655
fundalloc_2025_ETH_s30_b0.0125_c1100,2025,component,True,0.45,30,3,5,44.99725194429869,14.723617525648224,7.052898488724915,617.2246204519606
fundalloc_2025_ETH_s30_b0.0125_c1100,2025,component,True,0.45,30,3,6,2.2988206721559434,14.551166113990599,0.7206905355214094,2.1890887189004276
fundalloc_2025_ETH_s33_b0.0125_c1100,2025,component,True,0.45,33,1,1,0.0,0.0,,
fundalloc_2025_ETH_s33_b0.0125_c1100,2025,component,True,0.45,33,1,2,40.92130530727272,9.222551983808746,5.022765539542137,693.3605771651216
fundalloc_2025_ETH_s33_b0.0125_c1100,2025,component,True,0.45,33,1,3,0.4870295248400103,14.89065127512471,0.38402027244604864,0.4089374518470125
fundalloc_2025_ETH_s33_b0.0125_c1100,2025,component,True,0.45,33,1,4,14.747743705737616,13.885512578510584,4.2327229011789855,31.19772543724593
fundalloc_2025_ETH_s33_b0.0125_c1100,2025,component,True,0.45,33,1,5,44.998766619350896,14.724011759579724,7.052908209399496,617.2874067148973
fundalloc_2025_ETH_s33_b0.0125_c1100,2025,component,True,0.45,33,1,6,2.569145072697654,14.551475939498747,0.7622599203952104,2.4846999838763257
fundalloc_2025_ETH_s33_b0.0125_c1100,2025,component,True,0.45,33,2,1,0.0,0.0,,
fundalloc_2025_ETH_s33_b0.0125_c1100,2025,component,True,0.45,33,2,2,40.73520447454544,9.222663099682993,5.00231378492607,682.1207541111515
fundalloc_2025_ETH_s33_b0.0125_c1100,2025,component,True,0.45,33,2,3,0.48703585691303175,14.890821740631521,0.38402389596965386,0.4089382325721042
fundalloc_2025_ETH_s33_b0.0125_c1100,2025,component,True,0.45,33,2,4,14.447594238429318,14.112547525607045,4.153233941015423,29.510845050699565
fundalloc_2025_ETH_s33_b0.0125_c1100,2025,component,True,0.45,33,2,5,45.00216380951463,14.724895947727957,7.052930010761315,617.4282491831658
fundalloc_2025_ETH_s33_b0.0125_c1100,2025,component,True,0.45,33,2,6,2.434103713742153,14.552170804018028,0.7414973039623722,2.335802599600853
fundalloc_2025_ETH_s33_b0.0125_c1100,2025,component,True,0.45,33,3,1,0.0,0.0,,
fundalloc_2025_ETH_s33_b0.0125_c1100,2025,component,True,0.45,33,3,2,40.54938539563635,9.222757376480729,4.981807672797531,671.0636842444156
fundalloc_2025_ETH_s33_b0.0125_c1100,2025,component,True,0.45,33,3,3,0.4870412294002868,14.890966372749826,0.3840269703695626,0.40893889498362385
fundalloc_2025_ETH_s33_b0.0125_c1100,2025,component,True,0.45,33,3,4,14.144725618902632,14.337925219273473,4.07265392337152,27.904154541237844
fundalloc_2025_ETH_s33_b0.0125_c1100,2025,component,True,0.45,33,3,5,44.99830384395733,14.723891310715032,7.052905239482117,617.2682231147647
fundalloc_2025_ETH_s33_b0.0125_c1100,2025,component,True,0.45,33,3,6,2.2988577342961447,14.551381279994303,0.7206961395792247,2.1890962908069174
fundalloc_2025_ETH_s35_b0.0125_c1100,2025,component,True,0.45,35,1,1,0.0,0.0,,
fundalloc_2025_ETH_s35_b0.0125_c1100,2025,component,True,0.45,35,1,2,40.92130530727272,9.222551983808746,5.022765539542137,693.3605771651216
fundalloc_2025_ETH_s35_b0.0125_c1100,2025,component,True,0.45,35,1,3,0.4870295248400103,14.89065127512471,0.38402027244604864,0.4089374518470125
fundalloc_2025_ETH_s35_b0.0125_c1100,2025,component,True,0.45,35,1,4,14.747743705737616,13.885512578510584,4.2327229011789855,31.19772543724593
fundalloc_2025_ETH_s35_b0.0125_c1100,2025,component,True,0.45,35,1,5,44.998766619350896,14.724011759579724,7.052908209399496,617.2874067148973
fundalloc_2025_ETH_s35_b0.0125_c1100,2025,component,True,0.45,35,1,6,2.569145072697654,14.551475939498747,0.7622599203952104,2.4846999838763257
fundalloc_2025_ETH_s35_b0.0125_c1100,2025,component,True,0.45,35,2,1,0.0,0.0,,
fundalloc_2025_ETH_s35_b0.0125_c1100,2025,component,True,0.45,35,2,2,40.73520447454544,9.222663099682993,5.00231378492607,682.1207541111515
fundalloc_2025_ETH_s35_b0.0125_c1100,2025,component,True,0.45,35,2,3,0.48703585691303175,14.890821740631521,0.38402389596965386,0.4089382325721042
fundalloc_2025_ETH_s35_b0.0125_c1100,2025,component,True,0.45,35,2,4,14.447594238429318,14.112547525607045,4.153233941015423,29.510845050699565
fundalloc_2025_ETH_s35_b0.0125_c1100,2025,component,True,0.45,35,2,5,45.00216380951463,14.724895947727957,7.052930010761315,617.4282491831658
fundalloc_2025_ETH_s35_b0.0125_c1100,2025,component,True,0.45,35,2,6,2.434103713742153,14.552170804018028,0.7414973039623722,2.335802599600853
fundalloc_2025_ETH_s35_b0.0125_c1100,2025,component,True,0.45,35,3,1,0.0,0.0,,
fundalloc_2025_ETH_s35_b0.0125_c1100,2025,component,True,0.45,35,3,2,40.54938539563635,9.222757376480729,4.981807672797531,671.0636842444156
fundalloc_2025_ETH_s35_b0.0125_c1100,2025,component,True,0.45,35,3,3,0.4870412294002868,14.890966372749826,0.3840269703695626,0.40893889498362385
fundalloc_2025_ETH_s35_b0.0125_c1100,2025,component,True,0.45,35,3,4,14.144725618902632,14.337925219273473,4.07265392337152,27.904154541237844
fundalloc_2025_ETH_s35_b0.0125_c1100,2025,component,True,0.45,35,3,5,44.99830384395733,14.723891310715032,7.052905239482117,617.2682231147647
fundalloc_2025_ETH_s35_b0.0125_c1100,2025,component,True,0.45,35,3,6,2.2988577342961447,14.551381279994303,0.7206961395792247,2.1890962908069174
fundalloc_2025_BTC_vol30_r1_c1050,2025,component,True,0.525,,1,1,0.0,0.0,,
fundalloc_2025_BTC_vol30_r1_c1050,2025,component,True,0.525,,1,2,18.020092339104753,4.648136111294477,5.785092793561739,139.99072129779503
fundalloc_2025_BTC_vol30_r1_c1050,2025,component,True,0.525,,1,3,2.0416960486535407,10.260369742004304,0.8719658822566534,2.717031142223502
fundalloc_2025_BTC_vol30_r1_c1050,2025,component,True,0.525,,1,4,2.998094168683574,9.665917023762361,1.6400354823989742,4.4742744766571505
fundalloc_2025_BTC_vol30_r1_c1050,2025,component,True,0.525,,1,5,0.4696085606534117,7.400301584025659,0.3411831996067463,0.7926419609102434
fundalloc_2025_BTC_vol30_r1_c1050,2025,component,True,0.525,,1,6,-3.566035469330031,6.2563067853457,-3.221429874069921,-5.708112326454258
fundalloc_2025_BTC_vol30_r1_c1050,2025,component,True,0.525,,2,1,0.0,0.0,,
fundalloc_2025_BTC_vol30_r1_c1050,2025,component,True,0.525,,2,2,17.8592798185905,4.64673810863907,5.786860484789286,137.37486853352613
fundalloc_2025_BTC_vol30_r1_c1050,2025,component,True,0.525,,2,3,2.0410686725711447,10.257455905144097,0.8719113496902918,2.7168704407234148
fundalloc_2025_BTC_vol30_r1_c1050,2025,component,True,0.525,,2,4,2.7333653453363915,9.663094975215392,1.506821886806142,4.01860542509176
fundalloc_2025_BTC_vol30_r1_c1050,2025,component,True,0.525,,2,5,0.46975886414866164,7.402606891977981,0.3412258452175854,0.7926554214550415
fundalloc_2025_BTC_vol30_r1_c1050,2025,component,True,0.525,,2,6,-3.944841323366177,6.50286496881276,-3.61510731434415,-5.9539438384234185
fundalloc_2025_BTC_vol30_r1_c1050,2025,component,True,0.525,,3,1,0.0,0.0,,
fundalloc_2025_BTC_vol30_r1_c1050,2025,component,True,0.525,,3,2,17.698831343314293,4.645322203909408,5.787985833296799,134.8040464185146
fundalloc_2025_BTC_vol30_r1_c1050,2025,component,True,0.525,,3,3,2.0404332709817785,10.254504655560037,0.8718561184016473,2.716707692354124
fundalloc_2025_BTC_vol30_r1_c1050,2025,component,True,0.525,,3,4,2.462576059775179,9.660236738338657,1.3701911299044147,3.5656305796080585
fundalloc_2025_BTC_vol30_r1_c1050,2025,component,True,0.525,,3,5,0.4695054068995619,7.39871942125162,0.341153931675037,0.792632723002321
fundalloc_2025_BTC_vol30_r1_c1050,2025,component,True,0.525,,3,6,-4.317915788260729,6.743835039560353,-4.0024251801484825,-6.161419995634156
fundalloc_2025_ETH_s30_b0.0125_c950,2025,component,True,0.525,30,1,1,0.0,0.0,,
fundalloc_2025_ETH_s30_b0.0125_c950,2025,component,True,0.525,30,1,2,43.69320332210525,9.223095629176093,5.293945103004231,881.6353623411568
fundalloc_2025_ETH_s30_b0.0125_c950,2025,component,True,0.525,30,1,3,0.4870605052463173,14.89148529247002,0.3840380009397493,0.4089412716405126
fundalloc_2025_ETH_s30_b0.0125_c950,2025,component,True,0.525,30,1,4,14.746962985949885,13.88561198801539,4.232603686891859,31.19432354253605
fundalloc_2025_ETH_s30_b0.0125_c950,2025,component,True,0.525,30,1,5,44.997281692296376,14.723625268397555,7.052898679639309,617.2258535061414
fundalloc_2025_ETH_s30_b0.0125_c950,2025,component,True,0.525,30,1,6,2.569086602672921,14.551172198992301,0.7622520770951937,2.48468695222364
fundalloc_2025_ETH_s30_b0.0125_c950,2025,component,True,0.525,30,2,1,0.0,0.0,,
fundalloc_2025_ETH_s30_b0.0125_c950,2025,component,True,0.525,30,2,2,43.504323526947374,9.223226418225073,5.276373084231875,867.4542492628871
fundalloc_2025_ETH_s30_b0.0125_c950,2025,component,True,0.525,30,2,3,0.48706795848985074,14.891685937862075,0.3840422660409315,0.4089421906054812
fundalloc_2025_ETH_s30_b0.0125_c950,2025,component,True,0.525,30,2,4,14.444501293268974,14.111847133649825,4.1529126651234805,29.5002777804599
fundalloc_2025_ETH_s30_b0.0125_c950,2025,component,True,0.525,30,2,5,44.995671249744284,14.723206102619447,7.052888344165585,617.1591040733276
fundalloc_2025_ETH_s30_b0.0125_c950,2025,component,True,0.525,30,2,6,2.434081114486286,14.5508427760758,0.7414966335378512,2.3359910661897327
fundalloc_2025_ETH_s30_b0.0125_c950,2025,component,True,0.525,30,3,1,0.0,0.0,,
fundalloc_2025_ETH_s30_b0.0125_c950,2025,component,True,0.525,30,3,2,43.315155590526274,9.223374736110424,5.258618883525727,853.4574913404084
fundalloc_2025_ETH_s30_b0.0125_c950,2025,component,True,0.525,30,3,3,0.48707641066514373,14.891913474155139,0.3840471027752089,0.40894323273693245
fundalloc_2025_ETH_s30_b0.0125_c950,2025,component,True,0.525,30,3,4,14.146614245567068,14.338206762903605,4.072889144652037,27.9106284965833
fundalloc_2025_ETH_s30_b0.0125_c950,2025,component,True,0.525,30,3,5,45.00105146673747,14.724606440800947,7.052922872436945,617.3821297117166
fundalloc_2025_ETH_s30_b0.0125_c950,2025,component,True,0.525,30,3,6,2.2991739348092954,14.551943288609504,0.7207445289127831,2.189352502747104
fundalloc_2025_ETH_s33_b0.0125_c950,2025,component,True,0.525,33,1,1,0.0,0.0,,
fundalloc_2025_ETH_s33_b0.0125_c950,2025,component,True,0.525,33,1,2,40.92341751999997,9.222865016533587,5.0227658144356155,693.4654696985323
fundalloc_2025_ETH_s33_b0.0125_c950,2025,component,True,0.525,33,1,3,0.487047363420845,14.891131505552856,0.38403048055435013,0.40893965129037513
fundalloc_2025_ETH_s33_b0.0125_c950,2025,component,True,0.525,33,1,4,14.746299078656456,13.88521147198417,4.232576529499816,31.19252048230049
fundalloc_2025_ETH_s33_b0.0125_c950,2025,component,True,0.525,33,1,5,44.99574371745923,14.723224964638748,7.052888809252179,617.1621075580528
fundalloc_2025_ETH_s33_b0.0125_c950,2025,component,True,0.525,33,1,6,2.5690260425926814,14.550857599843226,0.7622439534334136,2.4846734548127154
fundalloc_2025_ETH_s33_b0.0125_c950,2025,component,True,0.525,33,2,1,0.0,0.0,,
fundalloc_2025_ETH_s33_b0.0125_c950,2025,component,True,0.525,33,2,2,40.73716463242103,9.222838540847277,5.002399842060479,682.2252130305296
fundalloc_2025_ETH_s33_b0.0125_c950,2025,component,True,0.525,33,2,3,0.4870458546653911,14.89109088867967,0.3840296171712982,0.4089394652652093
fundalloc_2025_ETH_s33_b0.0125_c950,2025,component,True,0.525,33,2,4,14.446635671345277,14.111740765248149,4.1532313918788235,29.508802808931538
fundalloc_2025_ETH_s33_b0.0125_c950,2025,component,True,0.525,33,2,5,44.998991030541255,14.724070168019399,7.052909649579505,617.2967095208535
fundalloc_2025_ETH_s33_b0.0125_c950,2025,component,True,0.525,33,2,6,2.434204968116349,14.55152184196713,0.7415142444467581,2.3360175121552813
fundalloc_2025_ETH_s33_b0.0125_c950,2025,component,True,0.525,33,3,1,0.0,0.0,,
fundalloc_2025_ETH_s33_b0.0125_c950,2025,component,True,0.525,33,3,2,40.55064129789472,9.222828440452469,4.981893912569158,671.1326516738183
fundalloc_2025_ETH_s33_b0.0125_c950,2025,component,True,0.525,33,3,3,0.4870452790798785,14.891075393461517,0.38402928779332907,0.4089393942971789
fundalloc_2025_ETH_s33_b0.0125_c950,2025,component,True,0.525,33,3,4,14.147494407619465,14.337671310407874,4.073099573260117,27.914943834166813
fundalloc_2025_ETH_s33_b0.0125_c950,2025,component,True,0.525,33,3,5,45.001831270692726,14.724809398911232,7.0529278767441665,617.4144612576719
fundalloc_2025_ETH_s33_b0.0125_c950,2025,component,True,0.525,33,3,6,2.29920141129043,14.552102787912114,0.7207486831297107,2.1893581167443954
fundalloc_2025_ETH_s35_b0.0125_c950,2025,component,True,0.525,35,1,1,0.0,0.0,,
fundalloc_2025_ETH_s35_b0.0125_c950,2025,component,True,0.525,35,1,2,40.92341751999997,9.222865016533587,5.0227658144356155,693.4654696985323
fundalloc_2025_ETH_s35_b0.0125_c950,2025,component,True,0.525,35,1,3,0.487047363420845,14.891131505552856,0.38403048055435013,0.40893965129037513
fundalloc_2025_ETH_s35_b0.0125_c950,2025,component,True,0.525,35,1,4,14.746299078656456,13.88521147198417,4.232576529499816,31.19252048230049
fundalloc_2025_ETH_s35_b0.0125_c950,2025,component,True,0.525,35,1,5,44.99574371745923,14.723224964638748,7.052888809252179,617.1621075580528
fundalloc_2025_ETH_s35_b0.0125_c950,2025,component,True,0.525,35,1,6,2.5690260425926814,14.550857599843226,0.7622439534334136,2.4846734548127154
fundalloc_2025_ETH_s35_b0.0125_c950,2025,component,True,0.525,35,2,1,0.0,0.0,,
fundalloc_2025_ETH_s35_b0.0125_c950,2025,component,True,0.525,35,2,2,40.73716463242103,9.222838540847277,5.002399842060479,682.2252130305296
fundalloc_2025_ETH_s35_b0.0125_c950,2025,component,True,0.525,35,2,3,0.4870458546653911,14.89109088867967,0.3840296171712982,0.4089394652652093
fundalloc_2025_ETH_s35_b0.0125_c950,2025,component,True,0.525,35,2,4,14.446635671345277,14.111740765248149,4.1532313918788235,29.508802808931538
fundalloc_2025_ETH_s35_b0.0125_c950,2025,component,True,0.525,35,2,5,44.998991030541255,14.724070168019399,7.052909649579505,617.2967095208535
fundalloc_2025_ETH_s35_b0.0125_c950,2025,component,True,0.525,35,2,6,2.434204968116349,14.55152184196713,0.7415142444467581,2.3360175121552813
fundalloc_2025_ETH_s35_b0.0125_c950,2025,component,True,0.525,35,3,1,0.0,0.0,,
fundalloc_2025_ETH_s35_b0.0125_c950,2025,component,True,0.525,35,3,2,40.55064129789472,9.222828440452469,4.981893912569158,671.1326516738183
fundalloc_2025_ETH_s35_b0.0125_c950,2025,component,True,0.525,35,3,3,0.4870452790798785,14.891075393461517,0.38402928779332907,0.4089393942971789
fundalloc_2025_ETH_s35_b0.0125_c950,2025,component,True,0.525,35,3,4,14.147494407619465,14.337671310407874,4.073099573260117,27.914943834166813
fundalloc_2025_ETH_s35_b0.0125_c950,2025,component,True,0.525,35,3,5,45.001831270692726,14.724809398911232,7.0529278767441665,617.4144612576719
fundalloc_2025_ETH_s35_b0.0125_c950,2025,component,True,0.525,35,3,6,2.29920141129043,14.552102787912114,0.7207486831297107,2.1893581167443954
fundalloc_2025_BTC_vol30_r1_c1200,2025,component,False,0.6,,1,1,0.0,0.0,,
fundalloc_2025_BTC_vol30_r1_c1200,2025,component,False,0.6,,1,2,18.018143593991674,4.647736523524637,5.785089184662632,139.97031155204084
fundalloc_2025_BTC_vol30_r1_c1200,2025,component,False,0.6,,1,3,2.0415167264072442,10.25953689693525,0.8719502953838871,2.7169852081960784
fundalloc_2025_BTC_vol30_r1_c1200,2025,component,False,0.6,,1,4,2.9985340538788874,9.665110409421763,1.6402705979872911,4.4754180302897275
fundalloc_2025_BTC_vol30_r1_c1200,2025,component,False,0.6,,1,5,0.46961513458920745,7.400402413818352,0.341185064833826,0.792642549640299
fundalloc_2025_BTC_vol30_r1_c1200,2025,component,False,0.6,,1,6,-3.565755579396146,6.256681506303741,-3.2209760472451348,-5.707407612823623
fundalloc_2025_BTC_vol30_r1_c1200,2025,component,False,0.6,,2,1,0.0,0.0,,
fundalloc_2025_BTC_vol30_r1_c1200,2025,component,False,0.6,,2,2,17.860997994266683,4.647147153574071,5.78686735395992,137.39095947776372
fundalloc_2025_BTC_vol30_r1_c1200,2025,component,False,0.6,,2,3,2.0412522371907604,10.258308481749756,0.8719273055454954,2.7169174596433434
fundalloc_2025_BTC_vol30_r1_c1200,2025,component,False,0.6,,2,4,2.730105412616246,9.663920690284167,1.5054836819317576,4.012716718605564
fundalloc_2025_BTC_vol30_r1_c1200,2025,component,False,0.6,,2,5,0.46960622069129876,7.400265694107566,0.34118253568771056,0.7926417513546293
fundalloc_2025_BTC_vol30_r1_c1200,2025,component,False,0.6,,2,6,-3.9430652537522204,6.501420965486393,-3.614370602711058,-5.953145527694127
fundalloc_2025_BTC_vol30_r1_c1200,2025,component,False,0.6,,3,1,0.0,0.0,,
fundalloc_2025_BTC_vol30_r1_c1200,2025,component,False,0.6,,3,2,17.70418465725001,4.6465433681651565,5.788003774155585,134.85512785397447
fundalloc_2025_BTC_vol30_r1_c1200,2025,component,False,0.6,,3,3,2.040981280313403,10.257050002610146,0.8719037533226521,2.7168480560088946
fundalloc_2025_BTC_vol30_r1_c1200,2025,component,False,0.6,,3,4,2.4623249382961454,9.662701862523093,1.3698258321394376,3.564306037931443
fundalloc_2025_BTC_vol30_r1_c1200,2025,component,False,0.6,,3,5,0.46958967497228166,7.4000119185756885,0.34117784115816924,0.7926402696014933
fundalloc_2025_BTC_vol30_r1_c1200,2025,component,False,0.6,,3,6,-4.319007401025909,6.745415882367867,-4.00269314439258,-6.16117868516868
fundalloc_2025_ETH_s30_b0.0125_c800,2025,component,False,0.6,30,1,1,0.0,0.0,,
fundalloc_2025_ETH_s30_b0.0125_c800,2025,component,False,0.6,30,1,2,43.69123684087497,9.222716874856928,5.294018419185296,881.5229729053214
fundalloc_2025_ETH_s30_b0.0125_c800,2025,component,False,0.6,30,1,3,0.4870389213609494,14.89090423833197,0.38402564959675584,0.40893861040927276
fundalloc_2025_ETH_s30_b0.0125_c800,2025,component,False,0.6,30,1,4,14.747609871025414,13.884842126247232,4.232815022636538,31.198686941655836
fundalloc_2025_ETH_s30_b0.0125_c800,2025,component,False,0.6,30,1,5,44.99709348564349,14.723576282311123,7.0528974717801045,617.2180523821821
fundalloc_2025_ETH_s30_b0.0125_c800,2025,component,False,0.6,30,1,6,2.56929901319054,14.551133700963092,0.7622848697012723,2.4849292876831193
fundalloc_2025_ETH_s30_b0.0125_c800,2025,component,False,0.6,30,2,1,0.0,0.0,,
fundalloc_2025_ETH_s30_b0.0125_c800,2025,component,False,0.6,30,2,2,43.501353933500006,9.222708359706866,5.276446362630739,867.2818605692589
fundalloc_2025_ETH_s30_b0.0125_c800,2025,component,False,0.6,30,2,3,0.48703843611390685,14.89089117505249,0.3840253719146802,0.4089385505797675
fundalloc_2025_ETH_s30_b0.0125_c800,2025,component,False,0.6,30,2,4,14.445022292794963,14.110431613294095,4.153216183704685,29.50526386985826
fundalloc_2025_ETH_s30_b0.0125_c800,2025,component,False,0.6,30,2,5,44.99416183889049,14.722813227786558,7.052878656904992,617.0965484676099
fundalloc_2025_ETH_s30_b0.0125_c800,2025,component,False,0.6,30,2,6,2.4342443913130563,14.550534011759119,0.7415223971929382,2.3362192237460278
fundalloc_2025_ETH_s30_b0.0125_c800,2025,component,False,0.6,30,3,1,0.0,0.0,,
fundalloc_2025_ETH_s30_b0.0125_c800,2025,component,False,0.6,30,3,2,43.31175640937499,9.222682802795257,5.258768239089243,853.2721240329055
fundalloc_2025_ETH_s30_b0.0125_c800,2025,component,False,0.6,30,3,3,0.4870369797200569,14.890851967623542,0.3840245384948629,0.408938371010794
fundalloc_2025_ETH_s30_b0.0125_c800,2025,component,False,0.6,30,3,4,14.147325832013768,14.336593309584245,4.073250607115358,27.916415883623706
fundalloc_2025_ETH_s30_b0.0125_c800,2025,component,False,0.6,30,3,5,44.99959818650283,14.724228194445088,7.0529135460402586,617.3218794116601
fundalloc_2025_ETH_s30_b0.0125_c800,2025,component,False,0.6,30,3,6,2.2995615069433706,14.551646032601418,0.7208042900153495,2.189814921750172
fundalloc_2025_ETH_s33_b0.0125_c800,2025,component,False,0.6,33,1,1,0.0,0.0,,
fundalloc_2025_ETH_s33_b0.0125_c800,2025,component,False,0.6,33,1,2,40.9263218125,9.223295418464062,5.022766191884604,693.609721763719
fundalloc_2025_ETH_s33_b0.0125_c800,2025,component,False,0.6,33,1,3,0.4870718905963134,14.891791792023145,0.38404451617856317,0.4089426754239562
fundalloc_2025_ETH_s33_b0.0125_c800,2025,component,False,0.6,33,1,4,14.749065886376588,13.885810763706418,4.2328599240493014,31.20243896270175
fundalloc_2025_ETH_s33_b0.0125_c800,2025,component,False,0.6,33,1,5,45.00057236564767,14.724481745346862,7.052919797833824,617.3622664478175
fundalloc_2025_ETH_s33_b0.0125_c800,2025,component,False,0.6,33,1,6,2.5694360066776056,14.551845293370114,0.7623032446157377,2.4849598226349308
fundalloc_2025_ETH_s33_b0.0125_c800,2025,component,False,0.6,33,2,1,0.0,0.0,,
fundalloc_2025_ETH_s33_b0.0125_c800,2025,component,False,0.6,33,2,2,40.739094572,9.223126237900814,5.0024000295622075,682.3195707515711
fundalloc_2025_ETH_s33_b0.0125_c800,2025,component,False,0.6,33,2,3,0.4870622495367183,14.891532249787499,0.384038999106099,0.4089414867067787
fundalloc_2025_ETH_s33_b0.0125_c800,2025,component,False,0.6,33,2,4,14.445111622161333,14.110974201707949,4.153142469511737,29.50447683806942
fundalloc_2025_ETH_s33_b0.0125_c800,2025,component,False,0.6,33,2,5,44.99495300840519,14.723019156878026,7.0528837345809725,617.1293367206017
fundalloc_2025_ETH_s33_b0.0125_c800,2025,component,False,0.6,33,2,6,2.4342739118784484,14.550695853941974,0.7415265943497681,2.336225527543028
fundalloc_2025_ETH_s33_b0.0125_c800,2025,component,False,0.6,33,3,1,0.0,0.0,,
fundalloc_2025_ETH_s33_b0.0125_c800,2025,component,False,0.6,33,3,2,40.552159539499975,9.222938837318717,4.981980168789586,671.2142516258527
fundalloc_2025_ETH_s33_b0.0125_c800,2025,component,False,0.6,33,3,3,0.4870515702091627,14.891244755415634,0.3840328878821263,0.4089401699753106
fundalloc_2025_ETH_s33_b0.0125_c800,2025,component,False,0.6,33,3,4,14.146159246830914,14.336703923772287,4.073065228859826,27.911862244052084
fundalloc_2025_ETH_s33_b0.0125_c800,2025,component,False,0.6,33,3,5,44.99784001003668,14.723770585833718,7.052902262754442,617.2489962081087
fundalloc_2025_ETH_s33_b0.0125_c800,2025,component,False,0.6,33,3,6,2.2994995432459753,14.551286403252972,0.7207949235392362,2.189802259587975
fundalloc_2025_ETH_s35_b0.0125_c800,2025,component,False,0.6,35,1,1,0.0,0.0,,
fundalloc_2025_ETH_s35_b0.0125_c800,2025,component,False,0.6,35,1,2,40.9263218125,9.223295418464062,5.022766191884604,693.609721763719
fundalloc_2025_ETH_s35_b0.0125_c800,2025,component,False,0.6,35,1,3,0.4870718905963134,14.891791792023145,0.38404451617856317,0.4089426754239562
fundalloc_2025_ETH_s35_b0.0125_c800,2025,component,False,0.6,35,1,4,14.749065886376588,13.885810763706418,4.2328599240493014,31.20243896270175
fundalloc_2025_ETH_s35_b0.0125_c800,2025,component,False,0.6,35,1,5,45.00057236564767,14.724481745346862,7.052919797833824,617.3622664478175
fundalloc_2025_ETH_s35_b0.0125_c800,2025,component,False,0.6,35,1,6,2.5694360066776056,14.551845293370114,0.7623032446157377,2.4849598226349308
fundalloc_2025_ETH_s35_b0.0125_c800,2025,component,False,0.6,35,2,1,0.0,0.0,,
fundalloc_2025_ETH_s35_b0.0125_c800,2025,component,False,0.6,35,2,2,40.739094572,9.223126237900814,5.0024000295622075,682.3195707515711
fundalloc_2025_ETH_s35_b0.0125_c800,2025,component,False,0.6,35,2,3,0.4870622495367183,14.891532249787499,0.384038999106099,0.4089414867067787
fundalloc_2025_ETH_s35_b0.0125_c800,2025,component,False,0.6,35,2,4,14.445111622161333,14.110974201707949,4.153142469511737,29.50447683806942
fundalloc_2025_ETH_s35_b0.0125_c800,2025,component,False,0.6,35,2,5,44.99495300840519,14.723019156878026,7.0528837345809725,617.1293367206017
fundalloc_2025_ETH_s35_b0.0125_c800,2025,component,False,0.6,35,2,6,2.4342739118784484,14.550695853941974,0.7415265943497681,2.336225527543028
fundalloc_2025_ETH_s35_b0.0125_c800,2025,component,False,0.6,35,3,1,0.0,0.0,,
fundalloc_2025_ETH_s35_b0.0125_c800,2025,component,False,0.6,35,3,2,40.552159539499975,9.222938837318717,4.981980168789586,671.2142516258527
fundalloc_2025_ETH_s35_b0.0125_c800,2025,component,False,0.6,35,3,3,0.4870515702091627,14.891244755415634,0.3840328878821263,0.4089401699753106
fundalloc_2025_ETH_s35_b0.0125_c800,2025,component,False,0.6,35,3,4,14.146159246830914,14.336703923772287,4.073065228859826,27.911862244052084
fundalloc_2025_ETH_s35_b0.0125_c800,2025,component,False,0.6,35,3,5,44.99784001003668,14.723770585833718,7.052902262754442,617.2489962081087
fundalloc_2025_ETH_s35_b0.0125_c800,2025,component,False,0.6,35,3,6,2.2994995432459753,14.551286403252972,0.7207949235392362,2.189802259587975
fundalloc_2026_BTC_vol30_r1_c900,2026,component,True,0.45,,1,1,4.2506972889888806,4.318931515041324,2.2345181117839568,15.268523025483114
fundalloc_2026_BTC_vol30_r1_c900,2026,component,True,0.45,,1,2,4.0947357453479105,6.236384904068892,1.733865523822614,10.093726226893521
fundalloc_2026_BTC_vol30_r1_c900,2026,component,True,0.45,,1,3,-3.5402000549524137,4.0083332918208425,-4.070976480786384,-8.857007374631934
fundalloc_2026_BTC_vol30_r1_c900,2026,component,True,0.45,,1,4,0.9803457209622612,4.325963769925856,0.6835261946009686,2.913244526065309
fundalloc_2026_BTC_vol30_r1_c900,2026,component,True,0.45,,1,5,-2.678164428490304,6.919102214605132,-1.359327966373054,-4.065295615566252
fundalloc_2026_BTC_vol30_r1_c900,2026,component,True,0.45,,1,6,21.734000212591088,6.884636078426675,5.21700647713333,144.43826865186585
fundalloc_2026_BTC_vol30_r1_c900,2026,component,True,0.45,,2,1,4.113271482333336,4.317685226381773,2.1591274176284965,14.661035367577437
fundalloc_2026_BTC_vol30_r1_c900,2026,component,True,0.45,,2,2,4.093575173129138,6.234782246208292,1.7338184080852732,10.092775827033245
fundalloc_2026_BTC_vol30_r1_c900,2026,component,True,0.45,,2,3,-3.6652678894318558,4.132667471815599,-4.215771270564983,-8.834963484529252
fundalloc_2026_BTC_vol30_r1_c900,2026,component,True,0.45,,2,4,0.8490292452271397,4.3282051476208006,0.6027454612378205,2.5030932254414444
fundalloc_2026_BTC_vol30_r1_c900,2026,component,True,0.45,,2,5,-2.679549715473728,6.9225648721009225,-1.3592813131369796,-4.065060029355176
fundalloc_2026_BTC_vol30_r1_c900,2026,component,True,0.45,,2,6,21.586164532282236,6.887445919638468,5.1790793192828515,142.04740896388913
fundalloc_2026_BTC_vol30_r1_c900,2026,component,True,0.45,,3,1,3.9793829282666504,4.319815881154476,2.083927986266255,14.066560048396298
fundalloc_2026_BTC_vol30_r1_c900,2026,component,True,0.45,,3,2,4.095559279866623,6.237522088264258,1.7338989561267257,10.094400679061598
fundalloc_2026_BTC_vol30_r1_c900,2026,component,True,0.45,,3,3,-3.793005767259494,4.260001873633213,-4.352245139405866,-8.809539307822357
fundalloc_2026_BTC_vol30_r1_c900,2026,component,True,0.45,,3,4,0.717332193969078,4.3273024097593265,0.5227215840578711,2.0996285229197014
fundalloc_2026_BTC_vol30_r1_c900,2026,component,True,0.45,,3,5,-2.678991777218842,6.921170265983145,-1.3593001032252945,-4.06515491187834
fundalloc_2026_BTC_vol30_r1_c900,2026,component,True,0.45,,3,6,21.422268223194575,6.88631430156973,5.14054075862263,139.52180282001126
fundalloc_2026_ETH_s30_b0.0125_c1100,2026,component,True,0.45,30,1,1,4.488016005454565,6.403198358908535,1.597048764843167,11.025526222573987
fundalloc_2026_ETH_s30_b0.0125_c1100,2026,component,True,0.45,30,1,2,-3.8020113394647392,9.780594716433876,-1.2549167084814676,-3.844322862241846
fundalloc_2026_ETH_s30_b0.0125_c1100,2026,component,True,0.45,30,1,3,0.0,0.0,,
fundalloc_2026_ETH_s30_b0.0125_c1100,2026,component,True,0.45,30,1,4,8.970732822494455,6.124165743950538,3.9424188463495193,30.110991165773143
fundalloc_2026_ETH_s30_b0.0125_c1100,2026,component,True,0.45,30,1,5,-1.9383367052521305,7.754494299143754,-0.5960104502583127,-2.732773955530425
fundalloc_2026_ETH_s30_b0.0125_c1100,2026,component,True,0.45,30,1,6,31.42101360843883,7.766136705877491,4.792046916272,344.84932178241763
fundalloc_2026_ETH_s30_b0.0125_c1100,2026,component,True,0.45,30,2,1,4.3506914880000025,6.403769787598024,1.550573044412366,10.601670592188858
fundalloc_2026_ETH_s30_b0.0125_c1100,2026,component,True,0.45,30,2,2,-3.9283861320289493,9.781418613146887,-1.3025909386796042,-3.9452193245938436
fundalloc_2026_ETH_s30_b0.0125_c1100,2026,component,True,0.45,30,2,3,0.0,0.0,,
fundalloc_2026_ETH_s30_b0.0125_c1100,2026,component,True,0.45,30,2,4,8.82837928160849,6.1248523381636,3.8892320508423492,29.374949810512792
fundalloc_2026_ETH_s30_b0.0125_c1100,2026,component,True,0.45,30,2,5,-1.938543507569379,7.755297618739343,-0.5959937925409537,-2.7327516201562285
fundalloc_2026_ETH_s30_b0.0125_c1100,2026,component,True,0.45,30,2,6,31.251509049143355,7.766758142440966,4.7668460537254065,339.24886420148863
fundalloc_2026_ETH_s30_b0.0125_c1100,2026,component,True,0.45,30,3,1,4.213208647363653,6.4030280281187295,1.5044278475341128,10.185670486306
fundalloc_2026_ETH_s30_b0.0125_c1100,2026,component,True,0.45,30,3,2,-4.053900137662703,9.78034912867849,-1.3500055147989585,-4.044731448417825
fundalloc_2026_ETH_s30_b0.0125_c1100,2026,component,True,0.45,30,3,3,0.0,0.0,,
fundalloc_2026_ETH_s30_b0.0125_c1100,2026,component,True,0.45,30,3,4,8.684166116994652,6.12450648878784,3.8346761613119154,28.64516269940974
fundalloc_2026_ETH_s30_b0.0125_c1100,2026,component,True,0.45,30,3,5,-1.9384393379470177,7.754892974480732,-0.5960021833042725,-2.732762870810148
fundalloc_2026_ETH_s30_b0.0125_c1100,2026,component,True,0.45,30,3,6,31.076965735844865,7.766445119085075,4.741514054535421,333.60715586556165
fundalloc_2026_ETH_s33_b0.0125_c1100,2026,component,True,0.45,33,1,1,4.488016005454565,6.403198358908535,1.597048764843167,11.025526222573987
fundalloc_2026_ETH_s33_b0.0125_c1100,2026,component,True,0.45,33,1,2,-3.8020113394647392,9.780594716433876,-1.2549167084814676,-3.844322862241846
fundalloc_2026_ETH_s33_b0.0125_c1100,2026,component,True,0.45,33,1,3,0.0,0.0,,
fundalloc_2026_ETH_s33_b0.0125_c1100,2026,component,True,0.45,33,1,4,8.970732822494455,6.124165743950538,3.9424188463495193,30.110991165773143
fundalloc_2026_ETH_s33_b0.0125_c1100,2026,component,True,0.45,33,1,5,-1.9383367052521305,7.754494299143754,-0.5960104502583127,-2.732773955530425
fundalloc_2026_ETH_s33_b0.0125_c1100,2026,component,True,0.45,33,1,6,31.42101360843883,7.766136705877491,4.792046916272,344.84932178241763
fundalloc_2026_ETH_s33_b0.0125_c1100,2026,component,True,0.45,33,2,1,4.3506914880000025,6.403769787598024,1.550573044412366,10.601670592188858
fundalloc_2026_ETH_s33_b0.0125_c1100,2026,component,True,0.45,33,2,2,-3.9283861320289493,9.781418613146887,-1.3025909386796042,-3.9452193245938436
fundalloc_2026_ETH_s33_b0.0125_c1100,2026,component,True,0.45,33,2,3,0.0,0.0,,
fundalloc_2026_ETH_s33_b0.0125_c1100,2026,component,True,0.45,33,2,4,8.82837928160849,6.1248523381636,3.8892320508423492,29.374949810512792
fundalloc_2026_ETH_s33_b0.0125_c1100,2026,component,True,0.45,33,2,5,-1.938543507569379,7.755297618739343,-0.5959937925409537,-2.7327516201562285
fundalloc_2026_ETH_s33_b0.0125_c1100,2026,component,True,0.45,33,2,6,31.251509049143355,7.766758142440966,4.7668460537254065,339.24886420148863
fundalloc_2026_ETH_s33_b0.0125_c1100,2026,component,True,0.45,33,3,1,4.213208647363653,6.4030280281187295,1.5044278475341128,10.185670486306
fundalloc_2026_ETH_s33_b0.0125_c1100,2026,component,True,0.45,33,3,2,-4.053900137662703,9.78034912867849,-1.3500055147989585,-4.044731448417825
fundalloc_2026_ETH_s33_b0.0125_c1100,2026,component,True,0.45,33,3,3,0.0,0.0,,
fundalloc_2026_ETH_s33_b0.0125_c1100,2026,component,True,0.45,33,3,4,8.684166116994652,6.12450648878784,3.8346761613119154,28.64516269940974
fundalloc_2026_ETH_s33_b0.0125_c1100,2026,component,True,0.45,33,3,5,-1.9384393379470177,7.754892974480732,-0.5960021833042725,-2.732762870810148
fundalloc_2026_ETH_s33_b0.0125_c1100,2026,component,True,0.45,33,3,6,31.076965735844865,7.766445119085075,4.741514054535421,333.60715586556165
fundalloc_2026_ETH_s35_b0.0125_c1100,2026,component,True,0.45,35,1,1,4.488016005454565,6.403198358908535,1.597048764843167,11.025526222573987
fundalloc_2026_ETH_s35_b0.0125_c1100,2026,component,True,0.45,35,1,2,-3.8020113394647392,9.780594716433876,-1.2549167084814676,-3.844322862241846
fundalloc_2026_ETH_s35_b0.0125_c1100,2026,component,True,0.45,35,1,3,0.0,0.0,,
fundalloc_2026_ETH_s35_b0.0125_c1100,2026,component,True,0.45,35,1,4,7.723923491651874,6.123990430044557,3.443104213326099,24.044316017623466
fundalloc_2026_ETH_s35_b0.0125_c1100,2026,component,True,0.45,35,1,5,-1.9382839003085128,7.75428917856572,-0.5960147036358286,-2.7327796586876762
fundalloc_2026_ETH_s35_b0.0125_c1100,2026,component,True,0.45,35,1,6,31.42014070527972,7.765978022832787,4.792043109425854,344.8274602731536
fundalloc_2026_ETH_s35_b0.0125_c1100,2026,component,True,0.45,35,2,1,4.3506914880000025,6.403769787598024,1.550573044412366,10.601670592188858
fundalloc_2026_ETH_s35_b0.0125_c1100,2026,component,True,0.45,35,2,2,-3.9283861320289493,9.781418613146887,-1.3025909386796042,-3.9452193245938436
fundalloc_2026_ETH_s35_b0.0125_c1100,2026,component,True,0.45,35,2,3,0.0,0.0,,
fundalloc_2026_ETH_s35_b0.0125_c1100,2026,component,True,0.45,35,2,4,7.582534273669261,6.124430212281662,3.3828230449912677,23.402617020573636
fundalloc_2026_ETH_s35_b0.0125_c1100,2026,component,True,0.45,35,2,5,-1.9384163634330043,7.754803730393367,-0.5960040338778023,-2.7327653521396464
fundalloc_2026_ETH_s35_b0.0125_c1100,2026,component,True,0.45,35,2,6,31.24941882493053,7.766376080941074,4.7668365855540245,339.19732905042997
fundalloc_2026_ETH_s35_b0.0125_c1100,2026,component,True,0.45,35,3,1,4.213208647363653,6.4030280281187295,1.5044278475341128,10.185670486306
fundalloc_2026_ETH_s35_b0.0125_c1100,2026,component,True,0.45,35,3,2,-4.053900137662703,9.78034912867849,-1.3500055147989585,-4.044731448417825
fundalloc_2026_ETH_s35_b0.0125_c1100,2026,component,True,0.45,35,3,3,0.0,0.0,,
fundalloc_2026_ETH_s35_b0.0125_c1100,2026,component,True,0.45,35,3,4,7.441279272923151,6.124750419440206,3.321792678080531,22.77137173659487
fundalloc_2026_ETH_s35_b0.0125_c1100,2026,component,True,0.45,35,3,5,-1.9385128097707982,7.75517837404972,-0.5959962652204154,-2.7327549356107927
fundalloc_2026_ETH_s35_b0.0125_c1100,2026,component,True,0.45,35,3,6,31.078166917634075,7.766665898304259,4.74151970183865,333.6363044584898
fundalloc_2026_BTC_vol30_r1_c1050,2026,component,True,0.525,,1,1,4.250141655733319,4.318452011853058,2.234472184768666,15.267726651609593
fundalloc_2026_BTC_vol30_r1_c1050,2026,component,True,0.525,,1,2,4.094289222532654,6.235768301636502,1.7338473964808934,10.093360555910719
fundalloc_2026_BTC_vol30_r1_c1050,2026,component,True,0.525,,1,3,-3.5398802841595467,4.007966269622165,-4.071038160660652,-8.857169363194886
fundalloc_2026_BTC_vol30_r1_c1050,2026,component,True,0.525,,1,4,0.9804803018185204,4.326828687294071,0.6835039109146142,2.913084166904925
fundalloc_2026_BTC_vol30_r1_c1050,2026,component,True,0.525,,1,5,-2.6786989923053506,6.920438421842013,-1.3593099635381756,-4.065204703823437
fundalloc_2026_BTC_vol30_r1_c1050,2026,component,True,0.525,,1,6,21.73837852570808,6.885720431391428,5.217058087310006,144.48508638467555
fundalloc_2026_BTC_vol30_r1_c1050,2026,component,True,0.525,,2,1,4.113589967999998,4.318175374991629,2.1590455841783722,14.660778734871412
fundalloc_2026_BTC_vol30_r1_c1050,2026,component,True,0.525,,2,2,4.094031612034876,6.235412562123532,1.7338369382715695,10.093149596975058
fundalloc_2026_BTC_vol30_r1_c1050,2026,component,True,0.525,,2,3,-3.665762582778531,4.13320958774217,-4.215884230081792,-8.834764340483423
fundalloc_2026_BTC_vol30_r1_c1050,2026,component,True,0.525,,2,4,0.848488013436266,4.326101672542826,0.602627234085346,2.5026374934759525
fundalloc_2026_BTC_vol30_r1_c1050,2026,component,True,0.525,,2,5,-2.6782496594875416,6.919315261003922,-1.3593250959986654,-4.06528112039196
fundalloc_2026_BTC_vol30_r1_c1050,2026,component,True,0.525,,2,6,21.575229137466813,6.884808974069334,5.178865054239486,141.93050976195025
fundalloc_2026_BTC_vol30_r1_c1050,2026,component,True,0.525,,3,1,3.977335868076204,4.317885430285284,2.0837749650219437,14.063931781379937
fundalloc_2026_BTC_vol30_r1_c1050,2026,component,True,0.525,,3,2,4.093761608340785,6.235039704112899,1.7338259768732063,10.092928493928506
fundalloc_2026_BTC_vol30_r1_c1050,2026,component,True,0.525,,3,3,-3.791546588594219,4.258353812295502,-4.352395030698594,-8.810241381023245
fundalloc_2026_BTC_vol30_r1_c1050,2026,component,True,0.525,,3,4,0.7172154255909557,4.32782689675586,0.5226085666615672,2.0990185305550315
fundalloc_2026_BTC_vol30_r1_c1050,2026,component,True,0.525,,3,5,-2.679315937105098,6.9219805288354035,-1.3592891862641168,-4.065099785153616
fundalloc_2026_BTC_vol30_r1_c1050,2026,component,True,0.525,,3,6,21.424678655473215,6.886971779225948,5.140522626460372,139.54568952754323
fundalloc_2026_ETH_s30_b0.0125_c950,2026,component,True,0.525,30,1,1,4.488402129473701,6.40373069074961,1.5970595821687945,11.025807485761096
fundalloc_2026_ETH_s30_b0.0125_c950,2026,component,True,0.525,30,1,2,-3.80189898398956,9.781362242832692,-1.2547438748664266,-3.8439305504014483
fundalloc_2026_ETH_s30_b0.0125_c950,2026,component,True,0.525,30,1,3,0.0,0.0,,
fundalloc_2026_ETH_s30_b0.0125_c950,2026,component,True,0.525,30,1,4,8.970839606291836,6.124236041305798,3.942418922739958,30.111199209475632
fundalloc_2026_ETH_s30_b0.0125_c950,2026,component,True,0.525,30,1,5,-1.938357878932928,7.754576548125247,-0.5960087447418231,-2.732771668687761
fundalloc_2026_ETH_s30_b0.0125_c950,2026,component,True,0.525,30,1,6,31.421363624659282,7.766200333860951,4.792048442710065,344.8580881785584
fundalloc_2026_ETH_s30_b0.0125_c950,2026,component,True,0.525,30,2,1,4.350668231368426,6.403075032266992,1.5507154064313629,10.602749810852037
fundalloc_2026_ETH_s30_b0.0125_c950,2026,component,True,0.525,30,2,2,-3.9275390787121056,9.780416900663468,-1.302445355142381,-3.9449498112463806
fundalloc_2026_ETH_s30_b0.0125_c950,2026,component,True,0.525,30,2,3,0.0,0.0,,
fundalloc_2026_ETH_s30_b0.0125_c950,2026,component,True,0.525,30,2,4,8.828006226733676,6.124602434368431,3.8892318171040214,29.374242304889243
fundalloc_2026_ETH_s30_b0.0125_c950,2026,component,True,0.525,30,2,5,-1.9384682367547645,7.755005231293688,-0.5959998555341349,-2.7327597496399587
fundalloc_2026_ETH_s30_b0.0125_c950,2026,component,True,0.525,30,2,6,31.250271611326987,7.766531959081091,4.766840448527369,339.2183538494859
fundalloc_2026_ETH_s30_b0.0125_c950,2026,component,True,0.525,30,3,1,4.214244368842124,6.403870016827473,1.5046014114947415,10.187451112120263
fundalloc_2026_ETH_s30_b0.0125_c950,2026,component,True,0.525,30,3,2,-4.054003545957108,9.781563124699478,-1.3498285610617167,-4.044310479636761
fundalloc_2026_ETH_s30_b0.0125_c950,2026,component,True,0.525,30,3,3,0.0,0.0,,
fundalloc_2026_ETH_s30_b0.0125_c950,2026,component,True,0.525,30,3,4,8.68531762629432,6.124870674731242,3.834913471838332,28.64925673696892
fundalloc_2026_ETH_s30_b0.0125_c950,2026,component,True,0.525,30,3,5,-1.9385490305165676,7.755319072452494,-0.5959933476725324,-2.7327510236618955
fundalloc_2026_ETH_s30_b0.0125_c950,2026,component,True,0.525,30,3,6,31.078759086803686,7.766774738325322,4.741522485820723,333.65067530472993
fundalloc_2026_ETH_s33_b0.0125_c950,2026,component,True,0.525,33,1,1,4.488402129473701,6.40373069074961,1.5970595821687945,11.025807485761096
fundalloc_2026_ETH_s33_b0.0125_c950,2026,component,True,0.525,33,1,2,-3.80189898398956,9.781362242832692,-1.2547438748664266,-3.8439305504014483
fundalloc_2026_ETH_s33_b0.0125_c950,2026,component,True,0.525,33,1,3,0.0,0.0,,
fundalloc_2026_ETH_s33_b0.0125_c950,2026,component,True,0.525,33,1,4,8.970839606291836,6.124236041305798,3.942418922739958,30.111199209475632
fundalloc_2026_ETH_s33_b0.0125_c950,2026,component,True,0.525,33,1,5,-1.938357878932928,7.754576548125247,-0.5960087447418231,-2.732771668687761
fundalloc_2026_ETH_s33_b0.0125_c950,2026,component,True,0.525,33,1,6,31.421363624659282,7.766200333860951,4.792048442710065,344.8580881785584
fundalloc_2026_ETH_s33_b0.0125_c950,2026,component,True,0.525,33,2,1,4.350668231368426,6.403075032266992,1.5507154064313629,10.602749810852037
fundalloc_2026_ETH_s33_b0.0125_c950,2026,component,True,0.525,33,2,2,-3.9275390787121056,9.780416900663468,-1.302445355142381,-3.9449498112463806
fundalloc_2026_ETH_s33_b0.0125_c950,2026,component,True,0.525,33,2,3,0.0,0.0,,
fundalloc_2026_ETH_s33_b0.0125_c950,2026,component,True,0.525,33,2,4,8.828006226733676,6.124602434368431,3.8892318171040214,29.374242304889243
fundalloc_2026_ETH_s33_b0.0125_c950,2026,component,True,0.525,33,2,5,-1.9384682367547645,7.755005231293688,-0.5959998555341349,-2.7327597496399587
fundalloc_2026_ETH_s33_b0.0125_c950,2026,component,True,0.525,33,2,6,31.250271611326987,7.766531959081091,4.766840448527369,339.2183538494859
fundalloc_2026_ETH_s33_b0.0125_c950,2026,component,True,0.525,33,3,1,4.214244368842124,6.403870016827473,1.5046014114947415,10.187451112120263
fundalloc_2026_ETH_s33_b0.0125_c950,2026,component,True,0.525,33,3,2,-4.054003545957108,9.781563124699478,-1.3498285610617167,-4.044310479636761
fundalloc_2026_ETH_s33_b0.0125_c950,2026,component,True,0.525,33,3,3,0.0,0.0,,
fundalloc_2026_ETH_s33_b0.0125_c950,2026,component,True,0.525,33,3,4,8.68531762629432,6.124870674731242,3.834913471838332,28.64925673696892
fundalloc_2026_ETH_s33_b0.0125_c950,2026,component,True,0.525,33,3,5,-1.9385490305165676,7.755319072452494,-0.5959933476725324,-2.7327510236618955
fundalloc_2026_ETH_s33_b0.0125_c950,2026,component,True,0.525,33,3,6,31.078759086803686,7.766774738325322,4.741522485820723,333.65067530472993
fundalloc_2026_ETH_s35_b0.0125_c950,2026,component,True,0.525,35,1,1,4.488402129473701,6.40373069074961,1.5970595821687945,11.025807485761096
fundalloc_2026_ETH_s35_b0.0125_c950,2026,component,True,0.525,35,1,2,-3.80189898398956,9.781362242832692,-1.2547438748664266,-3.8439305504014483
fundalloc_2026_ETH_s35_b0.0125_c950,2026,component,True,0.525,35,1,3,0.0,0.0,,
fundalloc_2026_ETH_s35_b0.0125_c950,2026,component,True,0.525,35,1,4,7.724278954053809,6.124265347062552,3.4431043300581825,24.044857506809898
fundalloc_2026_ETH_s35_b0.0125_c950,2026,component,True,0.525,35,1,5,-1.938366705868888,7.7546108362668065,-0.5960080337417979,-2.732770715343958
fundalloc_2026_ETH_s35_b0.0125_c950,2026,component,True,0.525,35,1,6,31.42150954032359,7.766226859147974,4.792049079050609,344.8617428006909
fundalloc_2026_ETH_s35_b0.0125_c950,2026,component,True,0.525,35,2,1,4.350668231368426,6.403075032266992,1.5507154064313629,10.602749810852037
fundalloc_2026_ETH_s35_b0.0125_c950,2026,component,True,0.525,35,2,2,-3.9275390787121056,9.780416900663468,-1.302445355142381,-3.9449498112463806
fundalloc_2026_ETH_s35_b0.0125_c950,2026,component,True,0.525,35,2,3,0.0,0.0,,
fundalloc_2026_ETH_s35_b0.0125_c950,2026,component,True,0.525,35,2,4,7.582469109755774,6.124378802902708,3.3828230220957214,23.402520671350413
fundalloc_2026_ETH_s35_b0.0125_c950,2026,component,True,0.525,35,2,5,-1.9384008788920104,7.754743580937062,-0.5960052811414143,-2.7327670245270297
fundalloc_2026_ETH_s35_b0.0125_c950,2026,component,True,0.525,35,2,6,31.24916426253883,7.7663295498469616,4.766835432411368,339.1910532554106
fundalloc_2026_ETH_s35_b0.0125_c950,2026,component,True,0.525,35,3,1,4.214244368842124,6.403870016827473,1.5046014114947415,10.187451112120263
fundalloc_2026_ETH_s35_b0.0125_c950,2026,component,True,0.525,35,3,2,-4.054003545957108,9.781563124699478,-1.3498285610617167,-4.044310479636761
fundalloc_2026_ETH_s35_b0.0125_c950,2026,component,True,0.525,35,3,3,0.0,0.0,,
fundalloc_2026_ETH_s35_b0.0125_c950,2026,component,True,0.525,35,3,4,7.44083174440251,6.1243901581623295,3.321792500243587,22.77072972493495
fundalloc_2026_ETH_s35_b0.0125_c950,2026,component,True,0.525,35,3,5,-1.9384042991052453,7.754756866704071,-0.5960050056468355,-2.7327666551313
fundalloc_2026_ETH_s35_b0.0125_c950,2026,component,True,0.525,35,3,6,31.07692267329696,7.766339827614422,4.7415891702617445,333.6102937718217
fundalloc_2026_BTC_vol30_r1_c1200,2026,component,False,0.6,,1,1,4.249693691250012,4.3180936997537,2.2344197315150027,15.266984607924757
fundalloc_2026_BTC_vol30_r1_c1200,2026,component,False,0.6,,1,2,4.093955554095041,6.235307531387302,1.73383385053739,10.093087313474328
fundalloc_2026_BTC_vol30_r1_c1200,2026,component,False,0.6,,1,3,-3.539641463330978,4.007692138577035,-4.071084415681246,-8.857290393349993
fundalloc_2026_BTC_vol30_r1_c1200,2026,component,False,0.6,,1,4,0.9805659119059396,4.3274793325811185,0.6834775397336562,2.912914578230588
fundalloc_2026_BTC_vol30_r1_c1200,2026,component,False,0.6,,1,5,-2.6791011246190544,6.921443589028009,-1.359296420657206,-4.0651363161160905
fundalloc_2026_BTC_vol30_r1_c1200,2026,component,False,0.6,,1,6,21.741652549829183,6.886536089308959,5.2170922384987195,144.5200037749013
fundalloc_2026_BTC_vol30_r1_c1200,2026,component,False,0.6,,2,1,4.113790622649982,4.318544599392105,2.158962222510043,14.660411998515716
fundalloc_2026_BTC_vol30_r1_c1200,2026,component,False,0.6,,2,2,4.0943754420105005,6.23588736291294,1.7338508967186943,10.093431162600204
fundalloc_2026_BTC_vol30_r1_c1200,2026,component,False,0.6,,2,3,-3.6661476674730964,4.133630334280269,-4.215983193987175,-8.834611997395319
fundalloc_2026_BTC_vol30_r1_c1200,2026,component,False,0.6,,2,4,0.8484865398474595,4.326731411864815,0.6025627366882499,2.5022686904117073
fundalloc_2026_BTC_vol30_r1_c1200,2026,component,False,0.6,,2,5,-2.678638871060246,6.9202881423460205,-1.3593119882801357,-4.065214928336651
fundalloc_2026_BTC_vol30_r1_c1200,2026,component,False,0.6,,2,6,21.5783083731651,6.885598481096222,5.178882436382175,141.96244970060428
fundalloc_2026_BTC_vol30_r1_c1200,2026,component,False,0.6,,3,1,3.9781402345666628,4.318985993502633,2.0836615849192066,14.063850779456935
fundalloc_2026_BTC_vol30_r1_c1200,2026,component,False,0.6,,3,2,4.094786476652712,6.236454958028825,1.733867583333862,10.093767773129901
fundalloc_2026_BTC_vol30_r1_c1200,2026,component,False,0.6,,3,3,-3.7925987093625046,4.259512549567557,-4.352540487209232,-8.809796320212248
fundalloc_2026_BTC_vol30_r1_c1200,2026,component,False,0.6,,3,4,0.7170918394394654,4.328122162715065,0.522509929559901,2.098499067022217
fundalloc_2026_BTC_vol30_r1_c1200,2026,component,False,0.6,,3,5,-2.679498426566118,6.9224366726373665,-1.359283040432078,-4.065068751381509
fundalloc_2026_BTC_vol30_r1_c1200,2026,component,False,0.6,,3,6,21.42595665179119,6.887341898917643,5.140493262008909,139.55791936368746
fundalloc_2026_ETH_s30_b0.0125_c800,2026,component,False,0.6,30,1,1,4.488117433625005,6.402696696433797,1.5971957927809093,11.026704778736127
fundalloc_2026_ETH_s30_b0.0125_c800,2026,component,False,0.6,30,1,2,-3.8012909817454754,9.779871403175932,-1.2547661379514647,-3.844025852853363
fundalloc_2026_ETH_s30_b0.0125_c800,2026,component,False,0.6,30,1,3,0.0,0.0,,
fundalloc_2026_ETH_s30_b0.0125_c800,2026,component,False,0.6,30,1,4,8.971582552186664,6.124317388873479,3.9426460061563766,30.114651543784472
fundalloc_2026_ETH_s30_b0.0125_c800,2026,component,False,0.6,30,1,5,-1.9383823809268286,7.7546717258453635,-0.5960067711328426,-2.7327690223770364
fundalloc_2026_ETH_s30_b0.0125_c800,2026,component,False,0.6,30,1,6,31.421768660485405,7.766273963160186,4.792050209070671,344.86823285021774
fundalloc_2026_ETH_s30_b0.0125_c800,2026,component,False,0.6,30,2,1,4.3516932750000015,6.403873061216014,1.5508884750233078,10.60456199954719
fundalloc_2026_ETH_s30_b0.0125_c800,2026,component,False,0.6,30,2,2,-3.92802388620368,9.781567514126765,-1.302428380264393,-3.9448712492758875
fundalloc_2026_ETH_s30_b0.0125_c800,2026,component,False,0.6,30,2,3,0.0,0.0,,
fundalloc_2026_ETH_s30_b0.0125_c800,2026,component,False,0.6,30,2,4,8.82812363236467,6.124266852214855,3.889463592890833,29.376451782076533
fundalloc_2026_ETH_s30_b0.0125_c800,2026,component,False,0.6,30,2,5,-1.938367159222809,7.754612597315214,-0.5960079972246559,-2.732770666379953
fundalloc_2026_ETH_s30_b0.0125_c800,2026,component,False,0.6,30,2,6,31.2491402225324,7.766228221492588,4.766910444765437,339.1946941991381
fundalloc_2026_ETH_s30_b0.0125_c800,2026,component,False,0.6,30,3,1,4.214314606249991,6.403290545306783,1.5047453675291043,10.188584638844397
fundalloc_2026_ETH_s30_b0.0125_c800,2026,component,False,0.6,30,3,2,-4.053640222997402,9.780727633087471,-1.349840735983954,-4.044371243899689
fundalloc_2026_ETH_s30_b0.0125_c800,2026,component,False,0.6,30,3,3,0.0,0.0,,
fundalloc_2026_ETH_s30_b0.0125_c800,2026,component,False,0.6,30,3,4,8.684837912599864,6.124122686941924,3.835149872149933,28.650340397075272
fundalloc_2026_ETH_s30_b0.0125_c800,2026,component,False,0.6,30,3,5,-1.9383237363976513,7.754443921713894,-0.5960114948849234,-2.732775356220132
fundalloc_2026_ETH_s30_b0.0125_c800,2026,component,False,0.6,30,3,6,31.075605544078932,7.766097733641109,4.74158297819415,333.57833413554886
fundalloc_2026_ETH_s33_b0.0125_c800,2026,component,False,0.6,33,1,1,4.488117433625005,6.402696696433797,1.5971957927809093,11.026704778736127
fundalloc_2026_ETH_s33_b0.0125_c800,2026,component,False,0.6,33,1,2,-3.8012909817454754,9.779871403175932,-1.2547661379514647,-3.844025852853363
fundalloc_2026_ETH_s33_b0.0125_c800,2026,component,False,0.6,33,1,3,0.0,0.0,,
fundalloc_2026_ETH_s33_b0.0125_c800,2026,component,False,0.6,33,1,4,8.971582552186664,6.124317388873479,3.9426460061563766,30.114651543784472
fundalloc_2026_ETH_s33_b0.0125_c800,2026,component,False,0.6,33,1,5,-1.9383823809268286,7.7546717258453635,-0.5960067711328426,-2.7327690223770364
fundalloc_2026_ETH_s33_b0.0125_c800,2026,component,False,0.6,33,1,6,31.421768660485405,7.766273963160186,4.792050209070671,344.86823285021774
fundalloc_2026_ETH_s33_b0.0125_c800,2026,component,False,0.6,33,2,1,4.3516932750000015,6.403873061216014,1.5508884750233078,10.60456199954719
fundalloc_2026_ETH_s33_b0.0125_c800,2026,component,False,0.6,33,2,2,-3.92802388620368,9.781567514126765,-1.302428380264393,-3.9448712492758875
fundalloc_2026_ETH_s33_b0.0125_c800,2026,component,False,0.6,33,2,3,0.0,0.0,,
fundalloc_2026_ETH_s33_b0.0125_c800,2026,component,False,0.6,33,2,4,8.82812363236467,6.124266852214855,3.889463592890833,29.376451782076533
fundalloc_2026_ETH_s33_b0.0125_c800,2026,component,False,0.6,33,2,5,-1.938367159222809,7.754612597315214,-0.5960079972246559,-2.732770666379953
fundalloc_2026_ETH_s33_b0.0125_c800,2026,component,False,0.6,33,2,6,31.2491402225324,7.766228221492588,4.766910444765437,339.1946941991381
fundalloc_2026_ETH_s33_b0.0125_c800,2026,component,False,0.6,33,3,1,4.214314606249991,6.403290545306783,1.5047453675291043,10.188584638844397
fundalloc_2026_ETH_s33_b0.0125_c800,2026,component,False,0.6,33,3,2,-4.053640222997402,9.780727633087471,-1.349840735983954,-4.044371243899689
fundalloc_2026_ETH_s33_b0.0125_c800,2026,component,False,0.6,33,3,3,0.0,0.0,,
fundalloc_2026_ETH_s33_b0.0125_c800,2026,component,False,0.6,33,3,4,8.684837912599864,6.124122686941924,3.835149872149933,28.650340397075272
fundalloc_2026_ETH_s33_b0.0125_c800,2026,component,False,0.6,33,3,5,-1.9383237363976513,7.754443921713894,-0.5960114948849234,-2.732775356220132
fundalloc_2026_ETH_s33_b0.0125_c800,2026,component,False,0.6,33,3,6,31.075605544078932,7.766097733641109,4.74158297819415,333.57833413554886
fundalloc_2026_ETH_s35_b0.0125_c800,2026,component,False,0.6,35,1,1,4.488117433625005,6.402696696433797,1.5971957927809093,11.026704778736127
fundalloc_2026_ETH_s35_b0.0125_c800,2026,component,False,0.6,35,1,2,-3.8012909817454754,9.779871403175932,-1.2547661379514647,-3.844025852853363
fundalloc_2026_ETH_s35_b0.0125_c800,2026,component,False,0.6,35,1,3,0.0,0.0,,
fundalloc_2026_ETH_s35_b0.0125_c800,2026,component,False,0.6,35,1,4,7.724791589848712,6.124661821948951,3.443104498417374,24.04563844796629
fundalloc_2026_ETH_s35_b0.0125_c800,2026,component,False,0.6,35,1,5,-1.938486124271377,7.755074714928368,-0.5959984147120636,-2.732757817729261
fundalloc_2026_ETH_s35_b0.0125_c800,2026,component,False,0.6,35,1,6,31.423483615863734,7.766585710173968,4.7920576877423455,344.91118946505077
fundalloc_2026_ETH_s35_b0.0125_c800,2026,component,False,0.6,35,2,1,4.3516932750000015,6.403873061216014,1.5508884750233078,10.60456199954719
fundalloc_2026_ETH_s35_b0.0125_c800,2026,component,False,0.6,35,2,2,-3.92802388620368,9.781567514126765,-1.302428380264393,-3.9448712492758875
fundalloc_2026_ETH_s35_b0.0125_c800,2026,component,False,0.6,35,2,3,0.0,0.0,,
fundalloc_2026_ETH_s35_b0.0125_c800,2026,component,False,0.6,35,2,4,7.582994594763237,6.12431662777505,3.3830815162582146,23.4051194589357
fundalloc_2026_ETH_s35_b0.0125_c800,2026,component,False,0.6,35,2,5,-1.9383821516831379,7.7546708353511296,-0.5960067895981603,-2.7327690471362374
fundalloc_2026_ETH_s35_b0.0125_c800,2026,component,False,0.6,35,2,6,31.24938669924009,7.76627327427748,4.766911561170982,339.20077071050423
fundalloc_2026_ETH_s35_b0.0125_c800,2026,component,False,0.6,35,3,1,4.214314606249991,6.403290545306783,1.5047453675291043,10.188584638844397
fundalloc_2026_ETH_s35_b0.0125_c800,2026,component,False,0.6,35,3,2,-4.053640222997402,9.780727633087471,-1.349840735983954,-4.044371243899689
fundalloc_2026_ETH_s35_b0.0125_c800,2026,component,False,0.6,35,3,3,0.0,0.0,,
fundalloc_2026_ETH_s35_b0.0125_c800,2026,component,False,0.6,35,3,4,7.4408353497562585,6.123907431833597,3.322053983139444,22.772540626641902
fundalloc_2026_ETH_s35_b0.0125_c800,2026,component,False,0.6,35,3,5,-1.9382589010092932,7.754192068781595,-0.596016717299644,-2.732782358723155
fundalloc_2026_ETH_s35_b0.0125_c800,2026,component,False,0.6,35,3,6,31.07454554423168,7.765902897201626,4.741577994760865,333.55261581901857
fundalloc_2025_btc0.45_ethS30_b0.0125,2025,combination,True,0.45,30,1,1,0.0,0.0,,
fundalloc_2025_btc0.45_ethS30_b0.0125,2025,combination,True,0.45,30,1,2,32.134584179019996,6.929000802477347,5.885162951375223,413.8173740563032
fundalloc_2025_btc0.45_ethS30_b0.0125,2025,combination,True,0.45,30,1,3,1.1112657591676456,11.510720088772942,0.5155947306582529,1.2502861276961368
fundalloc_2025_btc0.45_ethS30_b0.0125,2025,combination,True,0.45,30,1,4,9.983322293551833,11.878057994865054,3.7783405722782226,18.37677032594785
fundalloc_2025_btc0.45_ethS30_b0.0125,2025,combination,True,0.45,30,1,5,28.084388754379198,11.978401450914012,6.228251378084543,161.26949689736523
fundalloc_2025_btc0.45_ethS30_b0.0125,2025,combination,True,0.45,30,1,6,0.7412287818492569,10.69602667516908,0.4266120472557396,0.8789286245448233
fundalloc_2025_btc0.45_ethS30_b0.0125,2025,combination,True,0.45,30,2,1,0.0,0.0,,
fundalloc_2025_btc0.45_ethS30_b0.0125,2025,combination,True,0.45,30,2,2,31.9602631145,6.928768696177057,5.86100145688389,407.0075368047919
fundalloc_2025_btc0.45_ethS30_b0.0125,2025,combination,True,0.45,30,2,3,1.1115127314707873,11.510422112500851,0.5156593937373919,1.250613839402744
fundalloc_2025_btc0.45_ethS30_b0.0125,2025,combination,True,0.45,30,2,4,9.693653200233921,12.10909785698614,3.675255549899266,17.1961621410208
fundalloc_2025_btc0.45_ethS30_b0.0125,2025,combination,True,0.45,30,2,5,28.084111039840963,11.977769158795992,6.228426360108308,161.2735354281673
fundalloc_2025_btc0.45_ethS30_b0.0125,2025,combination,True,0.45,30,2,6,0.5345030934398309,10.69554092751278,0.38198284833290136,0.6264996844560081
fundalloc_2025_btc0.45_ethS30_b0.0125,2025,combination,True,0.45,30,3,1,0.0,0.0,,
fundalloc_2025_btc0.45_ethS30_b0.0125,2025,combination,True,0.45,30,3,2,31.7900373978,6.929189871499908,5.836634301439551,400.4162433754296
fundalloc_2025_btc0.45_ethS30_b0.0125,2025,combination,True,0.45,30,3,3,1.1117726263157213,11.511133891616199,0.5157216796703848,1.250847296946856
fundalloc_2025_btc0.45_ethS30_b0.0125,2025,combination,True,0.45,30,3,4,9.407035791154383,12.34060379175711,3.571591558791013,16.091029590753188
fundalloc_2025_btc0.45_ethS30_b0.0125,2025,combination,True,0.45,30,3,5,28.082165013292084,11.978650187350093,6.227875313479009,161.23032364386307
fundalloc_2025_btc0.45_ethS30_b0.0125,2025,combination,True,0.45,30,3,6,0.3264212751653117,10.696189498544772,0.33687522220078964,0.37813897476814473
fundalloc_2025_btc0.45_ethS33_b0.0125,2025,combination,True,0.45,33,1,1,0.0,0.0,,
fundalloc_2025_btc0.45_ethS33_b0.0125,2025,combination,True,0.45,33,1,2,30.609026601519986,6.9010418194881185,5.667349242542317,358.8391155635058
fundalloc_2025_btc0.45_ethS33_b0.0125,2025,combination,True,0.45,33,1,3,1.1185296514437004,11.469392751868845,0.5176863209796031,1.2635123173151133
fundalloc_2025_btc0.45_ethS33_b0.0125,2025,combination,True,0.45,33,1,4,9.9288719099204,11.854117073261328,3.770269296340429,18.252602474278916
fundalloc_2025_btc0.45_ethS33_b0.0125,2025,combination,True,0.45,33,1,5,27.880462540698247,11.942779198451102,6.213216331658794,158.48421871822254
fundalloc_2025_btc0.45_ethS33_b0.0125,2025,combination,True,0.45,33,1,6,0.7163408006485295,10.666355506244397,0.42073223043951935,0.850587074910361
fundalloc_2025_btc0.45_ethS33_b0.0125,2025,combination,True,0.45,33,2,1,0.0,0.0,,
fundalloc_2025_btc0.45_ethS33_b0.0125,2025,combination,True,0.45,33,2,2,30.439985199499997,6.901371829626157,5.64092765865196,352.98579427641147
fundalloc_2025_btc0.45_ethS33_b0.0125,2025,combination,True,0.45,33,2,3,1.1187912378002762,11.469964708637391,0.5177497489144469,1.2637634883828264
fundalloc_2025_btc0.45_ethS33_b0.0125,2025,combination,True,0.45,33,2,4,9.63980682963319,12.085935028134253,3.6668499445204477,17.07722105181196
fundalloc_2025_btc0.45_ethS33_b0.0125,2025,combination,True,0.45,33,2,5,27.882082553389864,11.942638588622822,6.213478912262633,158.5118044594991
fundalloc_2025_btc0.45_ethS33_b0.0125,2025,combination,True,0.45,33,2,6,0.5086189102268435,10.666268019523429,0.37564687935922847,0.5969279095914332
fundalloc_2025_btc0.45_ethS33_b0.0125,2025,combination,True,0.45,33,3,1,0.0,0.0,,
fundalloc_2025_btc0.45_ethS33_b0.0125,2025,combination,True,0.45,33,3,2,30.271190857200004,6.901690263858596,5.614381027616739,347.2258055510331
fundalloc_2025_btc0.45_ethS33_b0.0125,2025,combination,True,0.45,33,3,3,1.11905138074464,11.470518470209456,0.5178129084227612,1.2640149149366426
fundalloc_2025_btc0.45_ethS33_b0.0125,2025,combination,True,0.45,33,3,4,9.352559933663752,12.317242937094864,3.562756467717259,15.975107541790976
fundalloc_2025_btc0.45_ethS33_b0.0125,2025,combination,True,0.45,33,3,5,27.878305179932838,11.943021022011703,6.21284828414774,158.4467655806739
fundalloc_2025_btc0.45_ethS33_b0.0125,2025,combination,True,0.45,33,3,6,0.29941802102968484,10.666513677334233,0.3300349209324765,0.34729641833305025
fundalloc_2025_btc0.45_ethS35_b0.0125,2025,combination,True,0.45,35,1,1,0.0,0.0,,
fundalloc_2025_btc0.45_ethS35_b0.0125,2025,combination,True,0.45,35,1,2,30.609026601519986,6.9010418194881185,5.667349242542317,358.8391155635058
fundalloc_2025_btc0.45_ethS35_b0.0125,2025,combination,True,0.45,35,1,3,1.1185296514437004,11.469392751868845,0.5176863209796031,1.2635123173151133
fundalloc_2025_btc0.45_ethS35_b0.0125,2025,combination,True,0.45,35,1,4,9.9288719099204,11.854117073261328,3.770269296340429,18.252602474278916
fundalloc_2025_btc0.45_ethS35_b0.0125,2025,combination,True,0.45,35,1,5,27.880462540698247,11.942779198451102,6.213216331658794,158.48421871822254
fundalloc_2025_btc0.45_ethS35_b0.0125,2025,combination,True,0.45,35,1,6,0.7163408006485295,10.666355506244397,0.42073223043951935,0.850587074910361
fundalloc_2025_btc0.45_ethS35_b0.0125,2025,combination,True,0.45,35,2,1,0.0,0.0,,
fundalloc_2025_btc0.45_ethS35_b0.0125,2025,combination,True,0.45,35,2,2,30.439985199499997,6.901371829626157,5.64092765865196,352.98579427641147
fundalloc_2025_btc0.45_ethS35_b0.0125,2025,combination,True,0.45,35,2,3,1.1187912378002762,11.469964708637391,0.5177497489144469,1.2637634883828264
fundalloc_2025_btc0.45_ethS35_b0.0125,2025,combination,True,0.45,35,2,4,9.63980682963319,12.085935028134253,3.6668499445204477,17.07722105181196
fundalloc_2025_btc0.45_ethS35_b0.0125,2025,combination,True,0.45,35,2,5,27.882082553389864,11.942638588622822,6.213478912262633,158.5118044594991
fundalloc_2025_btc0.45_ethS35_b0.0125,2025,combination,True,0.45,35,2,6,0.5086189102268435,10.666268019523429,0.37564687935922847,0.5969279095914332
fundalloc_2025_btc0.45_ethS35_b0.0125,2025,combination,True,0.45,35,3,1,0.0,0.0,,
fundalloc_2025_btc0.45_ethS35_b0.0125,2025,combination,True,0.45,35,3,2,30.271190857200004,6.901690263858596,5.614381027616739,347.2258055510331
fundalloc_2025_btc0.45_ethS35_b0.0125,2025,combination,True,0.45,35,3,3,1.11905138074464,11.470518470209456,0.5178129084227612,1.2640149149366426
fundalloc_2025_btc0.45_ethS35_b0.0125,2025,combination,True,0.45,35,3,4,9.352559933663752,12.317242937094864,3.562756467717259,15.975107541790976
fundalloc_2025_btc0.45_ethS35_b0.0125,2025,combination,True,0.45,35,3,5,27.878305179932838,11.943021022011703,6.21284828414774,158.4467655806739
fundalloc_2025_btc0.45_ethS35_b0.0125,2025,combination,True,0.45,35,3,6,0.29941802102968484,10.666513677334233,0.3300349209324765,0.34729641833305025
fundalloc_2025_btc0.525_ethS30_b0.0125,2025,combination,True,0.525,30,1,1,0.0,0.0,,
fundalloc_2025_btc0.525_ethS30_b0.0125,2025,combination,True,0.525,30,1,2,30.21482005602998,6.495351159230001,5.997565992006991,366.9291254114671
fundalloc_2025_btc0.525_ethS30_b0.0125,2025,combination,True,0.525,30,1,3,1.2268078774079871,11.193797326565115,0.5503630361032131,1.428673535194476
fundalloc_2025_btc0.525_ethS30_b0.0125,2025,combination,True,0.525,30,1,4,9.111455647337419,11.50968991351844,3.634867722358752,16.412742278347785
fundalloc_2025_btc0.525_ethS30_b0.0125,2025,combination,True,0.525,30,1,5,24.83564405305245,11.400861314247079,5.966325927019866,121.60004794459282
fundalloc_2025_btc0.525_ethS30_b0.0125,2025,combination,True,0.525,30,1,6,0.3333784193551459,10.209748122087724,0.3237043920273871,0.40475655147490497
fundalloc_2025_btc0.525_ethS30_b0.0125,2025,combination,True,0.525,30,2,1,0.0,0.0,,
fundalloc_2025_btc0.525_ethS30_b0.0125,2025,combination,True,0.525,30,2,2,30.040675580060004,6.495040656242079,5.9727671259205595,360.77171160960523
fundalloc_2025_btc0.525_ethS30_b0.0125,2025,combination,True,0.525,30,2,3,1.2264945817034523,11.192574411780887,0.5502876262538378,1.4284394025605451
fundalloc_2025_btc0.525_ethS30_b0.0125,2025,combination,True,0.525,30,2,4,8.82725207564472,11.740742197107167,3.5276484272305275,15.321174286018467
fundalloc_2025_btc0.525_ethS30_b0.0125,2025,combination,True,0.525,30,2,5,24.834704697955303,11.401374562209032,5.965997573538554,121.58263938002655
fundalloc_2025_btc0.525_ethS30_b0.0125,2025,combination,True,0.525,30,2,6,0.10949379243316848,10.210130415666773,0.27059955025665877,0.13127637314471308
fundalloc_2025_btc0.525_ethS30_b0.0125,2025,combination,True,0.525,30,3,1,0.0,0.0,,
fundalloc_2025_btc0.525_ethS30_b0.0125,2025,combination,True,0.525,30,3,2,29.866585360739982,6.494726732007217,5.9477065394445985,354.7074340112211
fundalloc_2025_btc0.525_ethS30_b0.0125,2025,combination,True,0.525,30,3,3,1.226179933488436,11.191343854764158,0.5502119134202279,1.428204522781752
fundalloc_2025_btc0.525_ethS30_b0.0125,2025,combination,True,0.525,30,3,4,8.54250688924736,11.970800265082804,3.419518958037133,14.2932153342892
fundalloc_2025_btc0.525_ethS30_b0.0125,2025,combination,True,0.525,30,3,5,24.838444949767524,11.401074638206632,5.966679558812025,121.63336519684124
fundalloc_2025_btc0.525_ethS30_b0.0125,2025,combination,True,0.525,30,3,6,-0.11201831400446949,10.209953397621918,0.21780842094855196,-0.13265464729618245
fundalloc_2025_btc0.525_ethS33_b0.0125,2025,combination,True,0.525,33,1,1,0.0,0.0,,
fundalloc_2025_btc0.525_ethS33_b0.0125,2025,combination,True,0.525,33,1,2,28.89917180002999,6.466560074008165,5.794652184923358,323.92909894353403
fundalloc_2025_btc0.525_ethS33_b0.0125,2025,combination,True,0.525,33,1,3,1.2343515072915645,11.182496254447926,0.5527584874268168,1.4395260116034654
fundalloc_2025_btc0.525_ethS33_b0.0125,2025,combination,True,0.525,33,1,4,9.05401713871119,11.485177841295346,3.624524298189216,16.287133578048998
fundalloc_2025_btc0.525_ethS33_b0.0125,2025,combination,True,0.525,33,1,5,24.619815081251684,11.361780125924536,5.947051416187737,119.29292963675836
fundalloc_2025_btc0.525_ethS33_b0.0125,2025,combination,True,0.525,33,1,6,0.30558628620454,10.17643210354031,0.31613370862286516,0.3716492755779831
fundalloc_2025_btc0.525_ethS33_b0.0125,2025,combination,True,0.525,33,2,1,0.0,0.0,,
fundalloc_2025_btc0.525_ethS33_b0.0125,2025,combination,True,0.525,33,2,2,28.726275105159992,6.46614752016964,5.767834872086039,318.45196244689276
fundalloc_2025_btc0.525_ethS33_b0.0125,2025,combination,True,0.525,33,2,3,1.234033252886646,11.181144897927176,0.5526835863640832,1.4393028499987137
fundalloc_2025_btc0.525_ethS33_b0.0125,2025,combination,True,0.525,33,2,4,8.771418192152701,11.716421489446127,3.517292927031308,15.204292367106213
fundalloc_2025_btc0.525_ethS33_b0.0125,2025,combination,True,0.525,33,2,5,24.62170822340486,11.36313452090134,5.946857305930054,119.3023854813778
fundalloc_2025_btc0.525_ethS33_b0.0125,2025,combination,True,0.525,33,2,6,0.08079016918933757,10.177505576134616,0.2624711919880601,0.09701719889172618
fundalloc_2025_btc0.525_ethS33_b0.0125,2025,combination,True,0.525,33,3,1,0.0,0.0,,
fundalloc_2025_btc0.525_ethS33_b0.0125,2025,combination,True,0.525,33,3,2,28.553441071740004,6.465730848375495,5.740771287326524,313.05812240342584
fundalloc_2025_btc0.525_ethS33_b0.0125,2025,combination,True,0.525,33,3,3,1.2337135410595002,11.179784821294781,0.5526083673370357,1.4390789520418708
fundalloc_2025_btc0.525_ethS33_b0.0125,2025,combination,True,0.525,33,3,4,8.486137230478219,11.946283176396467,3.408722468018678,14.179575017303351
fundalloc_2025_btc0.525_ethS33_b0.0125,2025,combination,True,0.525,33,3,5,24.623844476128063,11.362360609158362,5.947467634059976,119.33723285338843
fundalloc_2025_btc0.525_ethS33_b0.0125,2025,combination,True,0.525,33,3,6,-0.14191137028203293,10.176939503378545,0.20902484924829298,-0.16831911918859632
fundalloc_2025_btc0.525_ethS35_b0.0125,2025,combination,True,0.525,35,1,1,0.0,0.0,,
fundalloc_2025_btc0.525_ethS35_b0.0125,2025,combination,True,0.525,35,1,2,28.89917180002999,6.466560074008165,5.794652184923358,323.92909894353403
fundalloc_2025_btc0.525_ethS35_b0.0125,2025,combination,True,0.525,35,1,3,1.2343515072915645,11.182496254447926,0.5527584874268168,1.4395260116034654
fundalloc_2025_btc0.525_ethS35_b0.0125,2025,combination,True,0.525,35,1,4,9.05401713871119,11.485177841295346,3.624524298189216,16.287133578048998
fundalloc_2025_btc0.525_ethS35_b0.0125,2025,combination,True,0.525,35,1,5,24.619815081251684,11.361780125924536,5.947051416187737,119.29292963675836
fundalloc_2025_btc0.525_ethS35_b0.0125,2025,combination,True,0.525,35,1,6,0.30558628620454,10.17643210354031,0.31613370862286516,0.3716492755779831
fundalloc_2025_btc0.525_ethS35_b0.0125,2025,combination,True,0.525,35,2,1,0.0,0.0,,
fundalloc_2025_btc0.525_ethS35_b0.0125,2025,combination,True,0.525,35,2,2,28.726275105159992,6.46614752016964,5.767834872086039,318.45196244689276
fundalloc_2025_btc0.525_ethS35_b0.0125,2025,combination,True,0.525,35,2,3,1.234033252886646,11.181144897927176,0.5526835863640832,1.4393028499987137
fundalloc_2025_btc0.525_ethS35_b0.0125,2025,combination,True,0.525,35,2,4,8.771418192152701,11.716421489446127,3.517292927031308,15.204292367106213
fundalloc_2025_btc0.525_ethS35_b0.0125,2025,combination,True,0.525,35,2,5,24.62170822340486,11.36313452090134,5.946857305930054,119.3023854813778
fundalloc_2025_btc0.525_ethS35_b0.0125,2025,combination,True,0.525,35,2,6,0.08079016918933757,10.177505576134616,0.2624711919880601,0.09701719889172618
fundalloc_2025_btc0.525_ethS35_b0.0125,2025,combination,True,0.525,35,3,1,0.0,0.0,,
fundalloc_2025_btc0.525_ethS35_b0.0125,2025,combination,True,0.525,35,3,2,28.553441071740004,6.465730848375495,5.740771287326524,313.05812240342584
fundalloc_2025_btc0.525_ethS35_b0.0125,2025,combination,True,0.525,35,3,3,1.2337135410595002,11.179784821294781,0.5526083673370357,1.4390789520418708
fundalloc_2025_btc0.525_ethS35_b0.0125,2025,combination,True,0.525,35,3,4,8.486137230478219,11.946283176396467,3.408722468018678,14.179575017303351
fundalloc_2025_btc0.525_ethS35_b0.0125,2025,combination,True,0.525,35,3,5,24.623844476128063,11.362360609158362,5.947467634059976,119.33723285338843
fundalloc_2025_btc0.525_ethS35_b0.0125,2025,combination,True,0.525,35,3,6,-0.14191137028203293,10.176939503378545,0.20902484924829298,-0.16831911918859632
fundalloc_2025_btc0.6_ethS30_b0.0125,2025,combination,False,0.6,30,1,1,0.0,0.0,,
fundalloc_2025_btc0.6_ethS30_b0.0125,2025,combination,False,0.6,30,1,2,28.287380892745006,6.129227428556094,6.103382760881763,321.61895997529837
fundalloc_2025_btc0.6_ethS30_b0.0125,2025,combination,False,0.6,30,1,3,1.3450652534894747,11.018500601295555,0.5895857983103117,1.6020099097648144
fundalloc_2025_btc0.6_ethS30_b0.0125,2025,combination,False,0.6,30,1,4,8.217896834681572,11.127950205387382,3.4591597193884245,14.504019108565249
fundalloc_2025_btc0.6_ethS30_b0.0125,2025,combination,False,0.6,30,1,5,21.443865025366616,10.779022381034398,5.629792325894472,89.34844123448744
fundalloc_2025_btc0.6_ethS30_b0.0125,2025,combination,False,0.6,30,1,6,-0.1154267677939691,9.673071113473053,0.19103106722993055,-0.14425032995953155
fundalloc_2025_btc0.6_ethS30_b0.0125,2025,combination,False,0.6,30,2,1,0.0,0.0,,
fundalloc_2025_btc0.6_ethS30_b0.0125,2025,combination,False,0.6,30,2,2,28.117140369960005,6.128913662320368,6.079063754024903,316.2192860537141
fundalloc_2025_btc0.6_ethS30_b0.0125,2025,combination,False,0.6,30,2,3,1.3449151690588357,11.017843794418047,0.5895523119898562,1.601913011398062
fundalloc_2025_btc0.6_ethS30_b0.0125,2025,combination,False,0.6,30,2,4,7.934330218205021,11.359825956647363,3.346504108040578,13.484998652354738
fundalloc_2025_btc0.6_ethS30_b0.0125,2025,combination,False,0.6,30,2,5,21.442276913019988,10.778500713141327,5.629703292455643,89.33707438197747
fundalloc_2025_btc0.6_ethS30_b0.0125,2025,combination,False,0.6,30,2,6,-0.35655346228783413,9.672636128396771,0.12689758558472028,-0.4396672978279077
fundalloc_2025_btc0.6_ethS30_b0.0125,2025,combination,False,0.6,30,3,1,0.0,0.0,,
fundalloc_2025_btc0.6_ethS30_b0.0125,2025,combination,False,0.6,30,3,2,27.947213358099997,6.12858444369595,6.054470335316381,310.9093743881338
fundalloc_2025_btc0.6_ethS30_b0.0125,2025,combination,False,0.6,30,3,3,1.34476139014017,11.01716019177954,0.5895182230366258,1.6018152642894585
fundalloc_2025_btc0.6_ethS30_b0.0125,2025,combination,False,0.6,30,3,4,7.653294286523726,11.591560190142836,3.233365024226377,12.533434092440585
fundalloc_2025_btc0.6_ethS30_b0.0125,2025,combination,False,0.6,30,3,5,21.44502147973373,10.779224222668526,5.629925459234371,89.35819511233423
fundalloc_2025_btc0.6_ethS30_b0.0125,2025,combination,False,0.6,30,3,6,-0.596725081655447,9.673248838898607,0.06264871321615231,-0.7260324725355766
fundalloc_2025_btc0.6_ethS33_b0.0125,2025,combination,False,0.6,33,1,1,0.0,0.0,,
fundalloc_2025_btc0.6_ethS33_b0.0125,2025,combination,False,0.6,33,1,2,27.181414881395007,6.113290516587567,5.9181080254676885,288.58102972072993
fundalloc_2025_btc0.6_ethS33_b0.0125,2025,combination,False,0.6,33,1,3,1.3525412393030845,11.007836436578444,0.5921766441101265,1.613158401633527
fundalloc_2025_btc0.6_ethS33_b0.0125,2025,combination,False,0.6,33,1,4,8.162240305770085,11.10434870308965,3.447067474544366,14.38796915098765
fundalloc_2025_btc0.6_ethS33_b0.0125,2025,combination,False,0.6,33,1,5,21.23019696808759,10.739372456583196,5.605912465681355,87.58003154639779
fundalloc_2025_btc0.6_ethS33_b0.0125,2025,combination,False,0.6,33,1,6,-0.14466537855669648,9.638360671253587,0.18154120969514911,-0.18114577884022898
fundalloc_2025_btc0.6_ethS33_b0.0125,2025,combination,False,0.6,33,2,1,0.0,0.0,,
fundalloc_2025_btc0.6_ethS33_b0.0125,2025,combination,False,0.6,33,2,2,27.012236625359986,6.112902846930657,5.892038729519725,283.7003040632415
fundalloc_2025_btc0.6_ethS33_b0.0125,2025,combination,False,0.6,33,2,3,1.3523885576998351,11.007074174689802,0.5921447319388544,1.613074034730397
fundalloc_2025_btc0.6_ethS33_b0.0125,2025,combination,False,0.6,33,2,4,7.878215970829139,11.336079645062991,3.3339732572464293,13.372381188176298
fundalloc_2025_btc0.6_ethS33_b0.0125,2025,combination,False,0.6,33,2,5,21.227158667744384,10.738425886575065,5.6057176576357985,87.55820851918114
fundalloc_2025_btc0.6_ethS33_b0.0125,2025,combination,False,0.6,33,2,6,-0.38706889824466906,9.637567495235421,0.11654350386520902,-0.47822091755867996
fundalloc_2025_btc0.6_ethS33_b0.0125,2025,combination,False,0.6,33,3,1,0.0,0.0,,
fundalloc_2025_btc0.6_ethS33_b0.0125,2025,combination,False,0.6,33,3,2,26.843374610150008,6.112499307780183,5.865710356860416,278.9009720423216
fundalloc_2025_btc0.6_ethS33_b0.0125,2025,combination,False,0.6,33,3,3,1.3522320974758584,11.006284416939248,0.592112213401256,1.6129888360868396
fundalloc_2025_btc0.6_ethS33_b0.0125,2025,combination,False,0.6,33,3,4,7.596750972323396,11.567660335154118,3.2203960205198765,12.424223959059308
fundalloc_2025_btc0.6_ethS33_b0.0125,2025,combination,False,0.6,33,3,5,21.228487368147775,10.738735575680082,5.605843020760069,87.56860174879871
fundalloc_2025_btc0.6_ethS33_b0.0125,2025,combination,False,0.6,33,3,6,-0.6285046508541225,9.637832885094655,0.051419046178199965,-0.7661579757866571
fundalloc_2025_btc0.6_ethS35_b0.0125,2025,combination,False,0.6,35,1,1,0.0,0.0,,
fundalloc_2025_btc0.6_ethS35_b0.0125,2025,combination,False,0.6,35,1,2,27.181414881395007,6.113290516587567,5.9181080254676885,288.58102972072993
fundalloc_2025_btc0.6_ethS35_b0.0125,2025,combination,False,0.6,35,1,3,1.3525412393030845,11.007836436578444,0.5921766441101265,1.613158401633527
fundalloc_2025_btc0.6_ethS35_b0.0125,2025,combination,False,0.6,35,1,4,8.162240305770085,11.10434870308965,3.447067474544366,14.38796915098765
fundalloc_2025_btc0.6_ethS35_b0.0125,2025,combination,False,0.6,35,1,5,21.23019696808759,10.739372456583196,5.605912465681355,87.58003154639779
fundalloc_2025_btc0.6_ethS35_b0.0125,2025,combination,False,0.6,35,1,6,-0.14466537855669648,9.638360671253587,0.18154120969514911,-0.18114577884022898
fundalloc_2025_btc0.6_ethS35_b0.0125,2025,combination,False,0.6,35,2,1,0.0,0.0,,
fundalloc_2025_btc0.6_ethS35_b0.0125,2025,combination,False,0.6,35,2,2,27.012236625359986,6.112902846930657,5.892038729519725,283.7003040632415
fundalloc_2025_btc0.6_ethS35_b0.0125,2025,combination,False,0.6,35,2,3,1.3523885576998351,11.007074174689802,0.5921447319388544,1.613074034730397
fundalloc_2025_btc0.6_ethS35_b0.0125,2025,combination,False,0.6,35,2,4,7.878215970829139,11.336079645062991,3.3339732572464293,13.372381188176298
fundalloc_2025_btc0.6_ethS35_b0.0125,2025,combination,False,0.6,35,2,5,21.227158667744384,10.738425886575065,5.6057176576357985,87.55820851918114
fundalloc_2025_btc0.6_ethS35_b0.0125,2025,combination,False,0.6,35,2,6,-0.38706889824466906,9.637567495235421,0.11654350386520902,-0.47822091755867996
fundalloc_2025_btc0.6_ethS35_b0.0125,2025,combination,False,0.6,35,3,1,0.0,0.0,,
fundalloc_2025_btc0.6_ethS35_b0.0125,2025,combination,False,0.6,35,3,2,26.843374610150008,6.112499307780183,5.865710356860416,278.9009720423216
fundalloc_2025_btc0.6_ethS35_b0.0125,2025,combination,False,0.6,35,3,3,1.3522320974758584,11.006284416939248,0.592112213401256,1.6129888360868396
fundalloc_2025_btc0.6_ethS35_b0.0125,2025,combination,False,0.6,35,3,4,7.596750972323396,11.567660335154118,3.2203960205198765,12.424223959059308
fundalloc_2025_btc0.6_ethS35_b0.0125,2025,combination,False,0.6,35,3,5,21.228487368147775,10.738735575680082,5.605843020760069,87.56860174879871
fundalloc_2025_btc0.6_ethS35_b0.0125,2025,combination,False,0.6,35,3,6,-0.6285046508541225,9.637832885094655,0.051419046178199965,-0.7661579757866571
fundalloc_2026_btc0.45_ethS30_b0.0125,2026,combination,True,0.45,30,1,1,4.381222583045008,5.378511379980777,1.824430133951556,12.73387335019463
fundalloc_2026_btc0.45_ethS30_b0.0125,2026,combination,True,0.45,30,1,2,-0.2529187317096282,7.236205120455564,0.04944877694770939,-0.4192935952515731
fundalloc_2026_btc0.45_ethS30_b0.0125,2026,combination,True,0.45,30,1,3,-1.6604487590532346,1.8848729087353466,-4.0780978974705056,-9.778222236429993
fundalloc_2026_btc0.45_ethS30_b0.0125,2026,combination,True,0.45,30,1,4,5.294664048419562,5.166460362790359,2.78007405375369,16.90354112661562
fundalloc_2026_btc0.45_ethS30_b0.0125,2026,combination,True,0.45,30,1,5,-2.264756809828339,6.543240231595471,-0.9183438833896383,-3.717475580117616
fundalloc_2026_btc0.45_ethS30_b0.0125,2026,combination,True,0.45,30,1,6,27.165075613743195,6.6052048995494665,5.074947558747716,266.6484886887533
fundalloc_2026_btc0.45_ethS30_b0.0125,2026,combination,True,0.45,30,2,1,4.243852485450006,5.378277217334282,1.7674032508856123,12.23648217125598
fundalloc_2026_btc0.45_ethS30_b0.0125,2026,combination,True,0.45,30,2,2,-0.32302546209810323,7.236188571643199,0.021491484820589057,-0.5334342623923554
fundalloc_2026_btc0.45_ethS30_b0.0125,2026,combination,True,0.45,30,2,3,-1.720295105059133,1.944676108869492,-4.220996183083272,-9.787037311295974
fundalloc_2026_btc0.45_ethS30_b0.0125,2026,combination,True,0.45,30,2,4,5.1573842327109265,5.2236561052099395,2.7076985131334106,16.153717178572514
fundalloc_2026_btc0.45_ethS30_b0.0125,2026,combination,True,0.45,30,2,5,-2.265485026259084,6.5448031882008095,-0.9183900517126298,-3.7176359618892154
fundalloc_2026_btc0.45_ethS30_b0.0125,2026,combination,True,0.45,30,2,6,27.00510108420586,6.606395630400952,5.044102339995468,262.3183876637771
fundalloc_2026_btc0.45_ethS30_b0.0125,2026,combination,True,0.45,30,3,1,4.107987073770003,5.378792719689174,1.7108676727458825,11.750019579437188
fundalloc_2026_btc0.45_ethS30_b0.0125,2026,combination,True,0.45,30,3,2,-0.3911735461386123,7.236493812978074,-0.005676055457009419,-0.6435020618265277
fundalloc_2026_btc0.45_ethS30_b0.0125,2026,combination,True,0.45,30,3,3,-1.7815318151436221,2.006038480530048,-4.355816470851756,-9.792579239977329
fundalloc_2026_btc0.45_ethS30_b0.0125,2026,combination,True,0.45,30,3,4,5.018867751954681,5.278881846039507,2.6354346477231023,15.429052698302591
fundalloc_2026_btc0.45_ethS30_b0.0125,2026,combination,True,0.45,30,3,5,-2.26518984330345,6.544092352719499,-0.918384795090929,-3.7176148777886717
fundalloc_2026_btc0.45_ethS30_b0.0125,2026,combination,True,0.45,30,3,6,26.835104585744407,6.605842274469486,5.012906900864489,257.8552141786105
fundalloc_2026_btc0.45_ethS33_b0.0125,2026,combination,True,0.45,33,1,1,4.381222583045008,5.378511379980777,1.824430133951556,12.73387335019463
fundalloc_2026_btc0.45_ethS33_b0.0125,2026,combination,True,0.45,33,1,2,-0.2529187317096282,7.236205120455564,0.04944877694770939,-0.4192935952515731
fundalloc_2026_btc0.45_ethS33_b0.0125,2026,combination,True,0.45,33,1,3,-1.6604487590532346,1.8848729087353466,-4.0780978974705056,-9.778222236429993
fundalloc_2026_btc0.45_ethS33_b0.0125,2026,combination,True,0.45,33,1,4,5.294664048419562,5.166460362790359,2.78007405375369,16.90354112661562
fundalloc_2026_btc0.45_ethS33_b0.0125,2026,combination,True,0.45,33,1,5,-2.264756809828339,6.543240231595471,-0.9183438833896383,-3.717475580117616
fundalloc_2026_btc0.45_ethS33_b0.0125,2026,combination,True,0.45,33,1,6,27.165075613743195,6.6052048995494665,5.074947558747716,266.6484886887533
fundalloc_2026_btc0.45_ethS33_b0.0125,2026,combination,True,0.45,33,2,1,4.243852485450006,5.378277217334282,1.7674032508856123,12.23648217125598
fundalloc_2026_btc0.45_ethS33_b0.0125,2026,combination,True,0.45,33,2,2,-0.32302546209810323,7.236188571643199,0.021491484820589057,-0.5334342623923554
fundalloc_2026_btc0.45_ethS33_b0.0125,2026,combination,True,0.45,33,2,3,-1.720295105059133,1.944676108869492,-4.220996183083272,-9.787037311295974
fundalloc_2026_btc0.45_ethS33_b0.0125,2026,combination,True,0.45,33,2,4,5.1573842327109265,5.2236561052099395,2.7076985131334106,16.153717178572514
fundalloc_2026_btc0.45_ethS33_b0.0125,2026,combination,True,0.45,33,2,5,-2.265485026259084,6.5448031882008095,-0.9183900517126298,-3.7176359618892154
fundalloc_2026_btc0.45_ethS33_b0.0125,2026,combination,True,0.45,33,2,6,27.00510108420586,6.606395630400952,5.044102339995468,262.3183876637771
fundalloc_2026_btc0.45_ethS33_b0.0125,2026,combination,True,0.45,33,3,1,4.107987073770003,5.378792719689174,1.7108676727458825,11.750019579437188
fundalloc_2026_btc0.45_ethS33_b0.0125,2026,combination,True,0.45,33,3,2,-0.3911735461386123,7.236493812978074,-0.005676055457009419,-0.6435020618265277
fundalloc_2026_btc0.45_ethS33_b0.0125,2026,combination,True,0.45,33,3,3,-1.7815318151436221,2.006038480530048,-4.355816470851756,-9.792579239977329
fundalloc_2026_btc0.45_ethS33_b0.0125,2026,combination,True,0.45,33,3,4,5.018867751954681,5.278881846039507,2.6354346477231023,15.429052698302591
fundalloc_2026_btc0.45_ethS33_b0.0125,2026,combination,True,0.45,33,3,5,-2.26518984330345,6.544092352719499,-0.918384795090929,-3.7176148777886717
fundalloc_2026_btc0.45_ethS33_b0.0125,2026,combination,True,0.45,33,3,6,26.835104585744407,6.605842274469486,5.012906900864489,257.8552141786105
fundalloc_2026_btc0.45_ethS35_b0.0125,2026,combination,True,0.45,35,1,1,4.381222583045008,5.378511379980777,1.824430133951556,12.73387335019463
fundalloc_2026_btc0.45_ethS35_b0.0125,2026,combination,True,0.45,35,1,2,-0.2529187317096282,7.236205120455564,0.04944877694770939,-0.4192935952515731
fundalloc_2026_btc0.45_ethS35_b0.0125,2026,combination,True,0.45,35,1,3,-1.6604487590532346,1.8848729087353466,-4.0780978974705056,-9.778222236429993
fundalloc_2026_btc0.45_ethS35_b0.0125,2026,combination,True,0.45,35,1,4,4.621463579087193,5.160312029210901,2.4528404599811484,14.198463932731157
fundalloc_2026_btc0.45_ethS35_b0.0125,2026,combination,True,0.45,35,1,5,-2.266827845707986,6.535456556263409,-0.9206047055099067,-3.7248880124676744
fundalloc_2026_btc0.45_ethS35_b0.0125,2026,combination,True,0.45,35,1,6,27.137112536380425,6.597402455876356,5.0766595254552405,266.20998018161043
fundalloc_2026_btc0.45_ethS35_b0.0125,2026,combination,True,0.45,35,2,1,4.243852485450006,5.378277217334282,1.7674032508856123,12.23648217125598
fundalloc_2026_btc0.45_ethS35_b0.0125,2026,combination,True,0.45,35,2,2,-0.32302546209810323,7.236188571643199,0.021491484820589057,-0.5334342623923554
fundalloc_2026_btc0.45_ethS35_b0.0125,2026,combination,True,0.45,35,2,3,-1.720295105059133,1.944676108869492,-4.220996183083272,-9.787037311295974
fundalloc_2026_btc0.45_ethS35_b0.0125,2026,combination,True,0.45,35,2,4,4.484705063466077,5.217731563034322,2.3792127241462433,13.517918952156574
fundalloc_2026_btc0.45_ethS35_b0.0125,2026,combination,True,0.45,35,2,5,-2.267519211187885,6.53685853407544,-0.9206623240680322,-3.7250852081812016
fundalloc_2026_btc0.45_ethS35_b0.0125,2026,combination,True,0.45,35,2,6,26.97650752106786,6.598458564147725,5.045776085227763,261.8739667030272
fundalloc_2026_btc0.45_ethS35_b0.0125,2026,combination,True,0.45,35,3,1,4.107987073770003,5.378792719689174,1.7108676727458825,11.750019579437188
fundalloc_2026_btc0.45_ethS35_b0.0125,2026,combination,True,0.45,35,3,2,-0.3911735461386123,7.236493812978074,-0.005676055457009419,-0.6435020618265277
fundalloc_2026_btc0.45_ethS35_b0.0125,2026,combination,True,0.45,35,3,3,-1.7815318151436221,2.006038480530048,-4.355816470851756,-9.792579239977329
fundalloc_2026_btc0.45_ethS35_b0.0125,2026,combination,True,0.45,35,3,4,4.347795403016375,5.273678359331169,2.3060823189960242,12.862744179495367
fundalloc_2026_btc0.45_ethS35_b0.0125,2026,combination,True,0.45,35,3,5,-2.267332058078919,6.53659073898476,-0.9206272580359167,-3.7249681762623594
fundalloc_2026_btc0.45_ethS35_b0.0125,2026,combination,True,0.45,35,3,6,26.808401154409502,6.5982749291593645,5.014535424426673,257.45168002962413
fundalloc_2026_btc0.525_ethS30_b0.0125,2026,combination,True,0.525,30,1,1,4.3633153807600245,5.227813561509476,1.8708950287189388,13.033735290438335
fundalloc_2026_btc0.525_ethS30_b0.0125,2026,combination,True,0.525,30,1,2,0.33910436029060964,7.031792658136515,0.2825701086993365,0.5979682798674045
fundalloc_2026_btc0.525_ethS30_b0.0125,2026,combination,True,0.525,30,1,3,-1.9258982952055748,2.185399217825801,-4.077155763653727,-9.641063242373857
fundalloc_2026_btc0.525_ethS30_b0.0125,2026,combination,True,0.525,30,1,4,4.695166044893906,5.007692286172071,2.5396735371894517,14.928922172157264
fundalloc_2026_btc0.525_ethS30_b0.0125,2026,combination,True,0.525,30,1,5,-2.320461278227137,6.493833041634489,-0.9783342200554785,-3.8263127664337344
fundalloc_2026_btc0.525_ethS30_b0.0125,2026,combination,True,0.525,30,1,6,26.442128861460134,6.4012200827129,5.118640586368712,255.65986595291017
fundalloc_2026_btc0.525_ethS30_b0.0125,2026,combination,True,0.525,30,2,1,4.2262021430999885,5.227360724092412,1.8118899080246258,12.52447321810862
fundalloc_2026_btc0.525_ethS30_b0.0125,2026,combination,True,0.525,30,2,2,0.2792353688570781,7.031214483173542,0.2588612017220783,0.49078792711158115
fundalloc_2026_btc0.525_ethS30_b0.0125,2026,combination,True,0.525,30,2,3,-1.9955791680152157,2.2550348688851196,-4.220369576498159,-9.64471643169831
fundalloc_2026_btc0.525_ethS30_b0.0125,2026,combination,True,0.525,30,2,4,4.558120076680039,5.072777513789939,2.4652999059532585,14.192708397321784
fundalloc_2026_btc0.525_ethS30_b0.0125,2026,combination,True,0.525,30,2,5,-2.320284718437282,6.493425091742333,-0.9782980920070357,-3.826298627627287
fundalloc_2026_btc0.525_ethS30_b0.0125,2026,combination,True,0.525,30,2,6,26.275081774729326,6.401072867507862,5.0865514002563925,251.33713500329569
fundalloc_2026_btc0.525_ethS30_b0.0125,2026,combination,True,0.525,30,3,1,4.089867405939995,5.227577738612544,1.753083444390341,12.023860602482008
fundalloc_2026_btc0.525_ethS30_b0.0125,2026,combination,True,0.525,30,3,2,0.2189486726034584,7.0315045903110445,0.23493979128998208,0.38351440033863965
fundalloc_2026_btc0.525_ethS30_b0.0125,2026,combination,True,0.525,30,3,3,-2.0652888040706086,2.3246982779865477,-4.355455286199524,-9.645842972741127
fundalloc_2026_btc0.525_ethS30_b0.0125,2026,combination,True,0.525,30,3,4,4.421526944857113,5.139020152421003,2.3904499514286353,13.481661996479582
fundalloc_2026_btc0.525_ethS30_b0.0125,2026,combination,True,0.525,30,3,5,-2.3208771344718993,6.4949150162818325,-0.9783463394040047,-3.8262746860028343
fundalloc_2026_btc0.525_ethS30_b0.0125,2026,combination,True,0.525,30,3,6,26.11433395611884,6.40194094024813,5.05440562966233,247.1981686330712
fundalloc_2026_btc0.525_ethS33_b0.0125,2026,combination,True,0.525,33,1,1,4.3633153807600245,5.227813561509476,1.8708950287189388,13.033735290438335
fundalloc_2026_btc0.525_ethS33_b0.0125,2026,combination,True,0.525,33,1,2,0.33910436029060964,7.031792658136515,0.2825701086993365,0.5979682798674045
fundalloc_2026_btc0.525_ethS33_b0.0125,2026,combination,True,0.525,33,1,3,-1.9258982952055748,2.185399217825801,-4.077155763653727,-9.641063242373857
fundalloc_2026_btc0.525_ethS33_b0.0125,2026,combination,True,0.525,33,1,4,4.695166044893906,5.007692286172071,2.5396735371894517,14.928922172157264
fundalloc_2026_btc0.525_ethS33_b0.0125,2026,combination,True,0.525,33,1,5,-2.320461278227137,6.493833041634489,-0.9783342200554785,-3.8263127664337344
fundalloc_2026_btc0.525_ethS33_b0.0125,2026,combination,True,0.525,33,1,6,26.442128861460134,6.4012200827129,5.118640586368712,255.65986595291017
fundalloc_2026_btc0.525_ethS33_b0.0125,2026,combination,True,0.525,33,2,1,4.2262021430999885,5.227360724092412,1.8118899080246258,12.52447321810862
fundalloc_2026_btc0.525_ethS33_b0.0125,2026,combination,True,0.525,33,2,2,0.2792353688570781,7.031214483173542,0.2588612017220783,0.49078792711158115
fundalloc_2026_btc0.525_ethS33_b0.0125,2026,combination,True,0.525,33,2,3,-1.9955791680152157,2.2550348688851196,-4.220369576498159,-9.64471643169831
fundalloc_2026_btc0.525_ethS33_b0.0125,2026,combination,True,0.525,33,2,4,4.558120076680039,5.072777513789939,2.4652999059532585,14.192708397321784
fundalloc_2026_btc0.525_ethS33_b0.0125,2026,combination,True,0.525,33,2,5,-2.320284718437282,6.493425091742333,-0.9782980920070357,-3.826298627627287
fundalloc_2026_btc0.525_ethS33_b0.0125,2026,combination,True,0.525,33,2,6,26.275081774729326,6.401072867507862,5.0865514002563925,251.33713500329569
fundalloc_2026_btc0.525_ethS33_b0.0125,2026,combination,True,0.525,33,3,1,4.089867405939995,5.227577738612544,1.753083444390341,12.023860602482008
fundalloc_2026_btc0.525_ethS33_b0.0125,2026,combination,True,0.525,33,3,2,0.2189486726034584,7.0315045903110445,0.23493979128998208,0.38351440033863965
fundalloc_2026_btc0.525_ethS33_b0.0125,2026,combination,True,0.525,33,3,3,-2.0652888040706086,2.3246982779865477,-4.355455286199524,-9.645842972741127
fundalloc_2026_btc0.525_ethS33_b0.0125,2026,combination,True,0.525,33,3,4,4.421526944857113,5.139020152421003,2.3904499514286353,13.481661996479582
fundalloc_2026_btc0.525_ethS33_b0.0125,2026,combination,True,0.525,33,3,5,-2.3208771344718993,6.4949150162818325,-0.9783463394040047,-3.8262746860028343
fundalloc_2026_btc0.525_ethS33_b0.0125,2026,combination,True,0.525,33,3,6,26.11433395611884,6.40194094024813,5.05440562966233,247.1981686330712
fundalloc_2026_btc0.525_ethS35_b0.0125,2026,combination,True,0.525,35,1,1,4.3633153807600245,5.227813561509476,1.8708950287189388,13.033735290438335
fundalloc_2026_btc0.525_ethS35_b0.0125,2026,combination,True,0.525,35,1,2,0.33910436029060964,7.031792658136515,0.2825701086993365,0.5979682798674045
fundalloc_2026_btc0.525_ethS35_b0.0125,2026,combination,True,0.525,35,1,3,-1.9258982952055748,2.185399217825801,-4.077155763653727,-9.641063242373857
fundalloc_2026_btc0.525_ethS35_b0.0125,2026,combination,True,0.525,35,1,4,4.115645036351134,5.001619421189629,2.2489894733698566,12.66530533036285
fundalloc_2026_btc0.525_ethS35_b0.0125,2026,combination,True,0.525,35,1,5,-2.3225923604995202,6.495635503610153,-0.9806511061333438,-3.828321710556102
fundalloc_2026_btc0.525_ethS35_b0.0125,2026,combination,True,0.525,35,1,6,26.414375026812962,6.39335370625338,5.120243655741741,255.24995118247156
fundalloc_2026_btc0.525_ethS35_b0.0125,2026,combination,True,0.525,35,2,1,4.2262021430999885,5.227360724092412,1.8118899080246258,12.52447321810862
fundalloc_2026_btc0.525_ethS35_b0.0125,2026,combination,True,0.525,35,2,2,0.2792353688570781,7.031214483173542,0.2588612017220783,0.49078792711158115
fundalloc_2026_btc0.525_ethS35_b0.0125,2026,combination,True,0.525,35,2,3,-1.9955791680152157,2.2550348688851196,-4.220369576498159,-9.64471643169831
fundalloc_2026_btc0.525_ethS35_b0.0125,2026,combination,True,0.525,35,2,4,3.9790770440566225,5.066940550708143,2.1739017089695447,11.991298286949512
fundalloc_2026_btc0.525_ethS35_b0.0125,2026,combination,True,0.525,35,2,5,-2.3223785945498676,6.495110364655055,-0.980626343861672,-3.8283232269098026
fundalloc_2026_btc0.525_ethS35_b0.0125,2026,combination,True,0.525,35,2,6,26.246733750122896,6.393078745535896,5.088114921710689,250.92225922694013
fundalloc_2026_btc0.525_ethS35_b0.0125,2026,combination,True,0.525,35,3,1,4.089867405939995,5.227577738612544,1.753083444390341,12.023860602482008
fundalloc_2026_btc0.525_ethS35_b0.0125,2026,combination,True,0.525,35,3,2,0.2189486726034584,7.0315045903110445,0.23493979128998208,0.38351440033863965
fundalloc_2026_btc0.525_ethS35_b0.0125,2026,combination,True,0.525,35,3,3,-2.0652888040706086,2.3246982779865477,-4.355455286199524,-9.645842972741127
fundalloc_2026_btc0.525_ethS35_b0.0125,2026,combination,True,0.525,35,3,4,3.842974703465285,5.133424107863527,2.0985642905525355,11.340902695402022
fundalloc_2026_btc0.525_ethS35_b0.0125,2026,combination,True,0.525,35,3,5,-2.3229376269918056,6.496492236377993,-0.9806859319201446,-3.828314208393196
fundalloc_2026_btc0.525_ethS35_b0.0125,2026,combination,True,0.525,35,3,6,26.08568298701275,6.393824231541112,5.055978588194788,246.7855324564848
fundalloc_2026_btc0.6_ethS30_b0.0125,2026,combination,False,0.6,30,1,1,4.345063188199982,5.084222382882409,1.9202880610049036,13.331540533087807
fundalloc_2026_btc0.6_ethS30_b0.0125,2026,combination,False,0.6,30,1,2,0.9315272723989576,6.826263454058501,0.5169795263448179,1.7494279759765776
fundalloc_2026_btc0.6_ethS30_b0.0125,2026,combination,False,0.6,30,1,3,-2.188326262323914,2.4822893083614406,-4.076209091201357,-9.507822120400474
fundalloc_2026_btc0.6_ethS30_b0.0125,2026,combination,False,0.6,30,1,4,4.09951821197454,4.849030032676893,2.2848681900293677,13.000428823087928
fundalloc_2026_btc0.6_ethS30_b0.0125,2026,combination,False,0.6,30,1,5,-2.376462349287234,6.541288978835036,-1.039425925997136,-3.878436655107949
fundalloc_2026_btc0.6_ethS30_b0.0125,2026,combination,False,0.6,30,1,6,25.714449004020445,6.324142214789474,5.158487334025836,240.15513772209604
fundalloc_2026_btc0.6_ethS30_b0.0125,2026,combination,False,0.6,30,2,1,4.208951683589968,5.084951022977191,1.8590102529898187,12.809767403003887
fundalloc_2026_btc0.6_ethS30_b0.0125,2026,combination,False,0.6,30,2,2,0.8810201956427344,6.827192010679672,0.4971679772864064,1.6496414458718691
fundalloc_2026_btc0.6_ethS30_b0.0125,2026,combination,False,0.6,30,2,3,-2.267682424693529,2.5615838738949126,-4.219737795691959,-9.506576124355249
fundalloc_2026_btc0.6_ethS30_b0.0125,2026,combination,False,0.6,30,2,4,3.96297456992194,4.92332112311713,2.2082658820229755,12.279629829879138
fundalloc_2026_btc0.6_ethS30_b0.0125,2026,combination,False,0.6,30,2,5,-2.376186409164427,6.540595405078986,-1.039409529854964,-3.878455524386269
fundalloc_2026_btc0.6_ethS30_b0.0125,2026,combination,False,0.6,30,2,6,25.547235761955278,6.32364787343559,5.125354865610783,236.06190989365976
fundalloc_2026_btc0.6_ethS30_b0.0125,2026,combination,False,0.6,30,3,1,4.072609983239994,5.0849818900357,1.797989115333194,12.296497078021316
fundalloc_2026_btc0.6_ethS30_b0.0125,2026,combination,False,0.6,30,3,2,0.8309778578045268,6.827215625903593,0.4775192159904791,1.5515508441304842
fundalloc_2026_btc0.6_ethS30_b0.0125,2026,combination,False,0.6,30,3,3,-2.347084590646953,2.640923570660103,-4.35509909172216,-9.50283926743224
fundalloc_2026_btc0.6_ethS30_b0.0125,2026,combination,False,0.6,30,3,4,3.8269151623349096,4.998739658915596,2.1313687189492554,11.58696423601066
fundalloc_2026_btc0.6_ethS30_b0.0125,2026,combination,False,0.6,30,3,5,-2.3766817259886497,6.5418038159799625,-1.0394616680238287,-3.8784433258363755
fundalloc_2026_btc0.6_ethS30_b0.0125,2026,combination,False,0.6,30,3,6,25.38615101755326,6.324474527721513,5.092084989378814,232.12768825482863
fundalloc_2026_btc0.6_ethS33_b0.0125,2026,combination,False,0.6,33,1,1,4.345063188199982,5.084222382882409,1.9202880610049036,13.331540533087807
fundalloc_2026_btc0.6_ethS33_b0.0125,2026,combination,False,0.6,33,1,2,0.9315272723989576,6.826263454058501,0.5169795263448179,1.7494279759765776
fundalloc_2026_btc0.6_ethS33_b0.0125,2026,combination,False,0.6,33,1,3,-2.188326262323914,2.4822893083614406,-4.076209091201357,-9.507822120400474
fundalloc_2026_btc0.6_ethS33_b0.0125,2026,combination,False,0.6,33,1,4,4.09951821197454,4.849030032676893,2.2848681900293677,13.000428823087928
fundalloc_2026_btc0.6_ethS33_b0.0125,2026,combination,False,0.6,33,1,5,-2.376462349287234,6.541288978835036,-1.039425925997136,-3.878436655107949
fundalloc_2026_btc0.6_ethS33_b0.0125,2026,combination,False,0.6,33,1,6,25.714449004020445,6.324142214789474,5.158487334025836,240.15513772209604
fundalloc_2026_btc0.6_ethS33_b0.0125,2026,combination,False,0.6,33,2,1,4.208951683589968,5.084951022977191,1.8590102529898187,12.809767403003887
fundalloc_2026_btc0.6_ethS33_b0.0125,2026,combination,False,0.6,33,2,2,0.8810201956427344,6.827192010679672,0.4971679772864064,1.6496414458718691
fundalloc_2026_btc0.6_ethS33_b0.0125,2026,combination,False,0.6,33,2,3,-2.267682424693529,2.5615838738949126,-4.219737795691959,-9.506576124355249
fundalloc_2026_btc0.6_ethS33_b0.0125,2026,combination,False,0.6,33,2,4,3.96297456992194,4.92332112311713,2.2082658820229755,12.279629829879138
fundalloc_2026_btc0.6_ethS33_b0.0125,2026,combination,False,0.6,33,2,5,-2.376186409164427,6.540595405078986,-1.039409529854964,-3.878455524386269
fundalloc_2026_btc0.6_ethS33_b0.0125,2026,combination,False,0.6,33,2,6,25.547235761955278,6.32364787343559,5.125354865610783,236.06190989365976
fundalloc_2026_btc0.6_ethS33_b0.0125,2026,combination,False,0.6,33,3,1,4.072609983239994,5.0849818900357,1.797989115333194,12.296497078021316
fundalloc_2026_btc0.6_ethS33_b0.0125,2026,combination,False,0.6,33,3,2,0.8309778578045268,6.827215625903593,0.4775192159904791,1.5515508441304842
fundalloc_2026_btc0.6_ethS33_b0.0125,2026,combination,False,0.6,33,3,3,-2.347084590646953,2.640923570660103,-4.35509909172216,-9.50283926743224
fundalloc_2026_btc0.6_ethS33_b0.0125,2026,combination,False,0.6,33,3,4,3.8269151623349096,4.998739658915596,2.1313687189492554,11.58696423601066
fundalloc_2026_btc0.6_ethS33_b0.0125,2026,combination,False,0.6,33,3,5,-2.3766817259886497,6.5418038159799625,-1.0394616680238287,-3.8784433258363755
fundalloc_2026_btc0.6_ethS33_b0.0125,2026,combination,False,0.6,33,3,6,25.38615101755326,6.324474527721513,5.092084989378814,232.12768825482863
fundalloc_2026_btc0.6_ethS35_b0.0125,2026,combination,False,0.6,35,1,1,4.345063188199982,5.084222382882409,1.9202880610049036,13.331540533087807
fundalloc_2026_btc0.6_ethS35_b0.0125,2026,combination,False,0.6,35,1,2,0.9315272723989576,6.826263454058501,0.5169795263448179,1.7494279759765776
fundalloc_2026_btc0.6_ethS35_b0.0125,2026,combination,False,0.6,35,1,3,-2.188326262323914,2.4822893083614406,-4.076209091201357,-9.507822120400474
fundalloc_2026_btc0.6_ethS35_b0.0125,2026,combination,False,0.6,35,1,4,3.612886571128371,4.843316693841226,2.0331675766260475,11.150374124437958
fundalloc_2026_btc0.6_ethS35_b0.0125,2026,combination,False,0.6,35,1,5,-2.3785619485777287,6.5431469513087865,-1.0416748539049827,-3.88031954803313
fundalloc_2026_btc0.6_ethS35_b0.0125,2026,combination,False,0.6,35,1,6,25.68821955507703,6.322228172451949,5.159856537801968,239.57863286339335
fundalloc_2026_btc0.6_ethS35_b0.0125,2026,combination,False,0.6,35,2,1,4.208951683589968,5.084951022977191,1.8590102529898187,12.809767403003887
fundalloc_2026_btc0.6_ethS35_b0.0125,2026,combination,False,0.6,35,2,2,0.8810201956427344,6.827192010679672,0.4971679772864064,1.6496414458718691
fundalloc_2026_btc0.6_ethS35_b0.0125,2026,combination,False,0.6,35,2,3,-2.267682424693529,2.5615838738949126,-4.219737795691959,-9.506576124355249
fundalloc_2026_btc0.6_ethS35_b0.0125,2026,combination,False,0.6,35,2,4,3.4769951402127575,4.917837646041101,1.9564597799041834,10.485352579639388
fundalloc_2026_btc0.6_ethS35_b0.0125,2026,combination,False,0.6,35,2,5,-2.3782487099142435,6.54233857028117,-1.0416696093691171,-3.8803537841930913
fundalloc_2026_btc0.6_ethS35_b0.0125,2026,combination,False,0.6,35,2,6,25.520436231024245,6.321631841756325,5.126684928193461,235.48361258778445
fundalloc_2026_btc0.6_ethS35_b0.0125,2026,combination,False,0.6,35,3,1,4.072609983239994,5.0849818900357,1.797989115333194,12.296497078021316
fundalloc_2026_btc0.6_ethS35_b0.0125,2026,combination,False,0.6,35,3,2,0.8309778578045268,6.827215625903593,0.4775192159904791,1.5515508441304842
fundalloc_2026_btc0.6_ethS35_b0.0125,2026,combination,False,0.6,35,3,3,-2.347084590646953,2.640923570660103,-4.35509909172216,-9.50283926743224
fundalloc_2026_btc0.6_ethS35_b0.0125,2026,combination,False,0.6,35,3,4,3.341379083731155,4.993500516476934,1.8795246584356524,9.84601479031282
fundalloc_2026_btc0.6_ethS35_b0.0125,2026,combination,False,0.6,35,3,5,-2.3787149850104883,6.543453374282016,-1.0417324534145003,-3.8803553123069605
fundalloc_2026_btc0.6_ethS35_b0.0125,2026,combination,False,0.6,35,3,6,25.35886872370361,6.322372548516442,5.093375504739629,231.5490725723097
