config,year,role,is_new,BTC_initial_weight,EMA_span_days,cost,fold,net_return_pct,minute_DD_pct,Sharpe365,Calmar
fundalloc_2025_BTC_vol30_r1_c950,2025,component,True,0.475,,1,1,0.0,0.0,,
fundalloc_2025_BTC_vol30_r1_c950,2025,component,True,0.475,,1,2,18.005107582799983,4.644915680648875,5.785053952597791,139.83829561190748
fundalloc_2025_BTC_vol30_r1_c950,2025,component,True,0.475,,1,3,2.0402508411008213,10.253657297806596,0.8718402607592749,2.71666096738492
fundalloc_2025_BTC_vol30_r1_c950,2025,component,True,0.475,,1,4,3.004919670753803,9.659416094763406,1.6432428482440484,4.489246944424373
fundalloc_2025_BTC_vol30_r1_c950,2025,component,True,0.475,,1,5,0.46980016652387047,7.4032403679793575,0.34123756390510723,0.7926591203528242
fundalloc_2025_BTC_vol30_r1_c950,2025,component,True,0.475,,1,6,-3.5682370985662293,6.258419327422793,-3.222375446538466,-5.709038514761714
fundalloc_2025_BTC_vol30_r1_c950,2025,component,True,0.475,,2,1,0.0,0.0,,
fundalloc_2025_BTC_vol30_r1_c950,2025,component,True,0.475,,2,2,17.857810685894737,4.646394497785289,5.786854960690558,137.36092964993074
fundalloc_2025_BTC_vol30_r1_c950,2025,component,True,0.475,,2,3,2.0409144729491846,10.256739707002538,0.8718979462341925,2.716830944037184
fundalloc_2025_BTC_vol30_r1_c950,2025,component,True,0.475,,2,4,2.7335890482132363,9.662401344806392,1.506994608486562,4.019274571034288
fundalloc_2025_BTC_vol30_r1_c950,2025,component,True,0.475,,2,5,0.46974197083033964,7.402347789515229,0.3412210520864475,0.7926539085518758
fundalloc_2025_BTC_vol30_r1_c950,2025,component,True,0.475,,2,6,-3.9443837652789915,6.502557345604243,-3.6147453766606876,-5.9536792978403446
fundalloc_2025_BTC_vol30_r1_c950,2025,component,True,0.475,,3,1,0.0,0.0,,
fundalloc_2025_BTC_vol30_r1_c950,2025,component,True,0.475,,3,2,17.71069360688422,4.647870045857605,5.788019595237909,134.92184878960742
fundalloc_2025_BTC_vol30_r1_c950,2025,component,True,0.475,,3,3,2.0415766468972585,10.259815193169953,0.8719555037441526,2.7170005569624998
fundalloc_2025_BTC_vol30_r1_c950,2025,component,True,0.475,,3,4,2.4628089079013593,9.66537994021639,1.369822797154852,3.5641178146173322
fundalloc_2025_BTC_vol30_r1_c950,2025,component,True,0.475,,3,5,0.4696769978416615,7.401351257076838,0.3412026173153302,0.7926480898324865
fundalloc_2025_BTC_vol30_r1_c950,2025,component,True,0.475,,3,6,-4.319271069033947,6.745999504422273,-4.002208955252077,-6.16093610240191
fundalloc_2025_ETH_s30_b0.0125_c1050,2025,component,True,0.475,30,1,1,0.0,0.0,,
fundalloc_2025_ETH_s30_b0.0125_c1050,2025,component,True,0.475,30,1,2,43.692044842857136,9.222937921908425,5.2939443178721,881.5628973561268
fundalloc_2025_ETH_s30_b0.0125_c1050,2025,component,True,0.475,30,1,3,0.4870515180430912,14.891243351067974,0.3840328580301729,0.4089401635433752
fundalloc_2025_ETH_s30_b0.0125_c1050,2025,component,True,0.475,30,1,4,14.748590064987898,13.885696720748975,4.232815593479717,31.200757749725454
fundalloc_2025_ETH_s30_b0.0125_c1050,2025,component,True,0.475,30,1,5,44.99999711013927,14.724332023102061,7.052916106141334,617.3384174840862
fundalloc_2025_ETH_s30_b0.0125_c1050,2025,component,True,0.475,30,1,6,2.5691935232119434,14.551727629712463,0.7622664196577973,2.484710782454555
fundalloc_2025_ETH_s30_b0.0125_c1050,2025,component,True,0.475,30,2,1,0.0,0.0,,
fundalloc_2025_ETH_s30_b0.0125_c1050,2025,component,True,0.475,30,2,2,43.50067608838095,9.222838552254654,5.27629556913622,867.2191533913666
fundalloc_2025_ETH_s30_b0.0125_c1050,2025,component,True,0.475,30,2,3,0.48704585531544886,14.891090906179972,0.384029617543301,0.40893946534535275
fundalloc_2025_ETH_s30_b0.0125_c1050,2025,component,True,0.475,30,2,4,14.446652319519892,14.112157066397234,4.153169308289067,29.507997080692075
fundalloc_2025_ETH_s30_b0.0125_c1050,2025,component,True,0.475,30,2,5,44.999834368140235,14.724289665960221,7.05291506174255,617.3316706805256
fundalloc_2025_ETH_s30_b0.0125_c1050,2025,component,True,0.475,30,2,6,2.4340168197077627,14.551694342009892,0.7414849471744459,2.3357840465633397
fundalloc_2025_ETH_s30_b0.0125_c1050,2025,component,True,0.475,30,3,1,0.0,0.0,,
fundalloc_2025_ETH_s30_b0.0125_c1050,2025,component,True,0.475,30,3,2,43.310165984285696,9.22268770954464,5.2586158799468645,853.1550032381772
fundalloc_2025_ETH_s30_b0.0125_c1050,2025,component,True,0.475,30,3,3,0.4870372593375194,14.890859495178221,0.3840246985056456,0.40893840548679383
fundalloc_2025_ETH_s30_b0.0125_c1050,2025,component,True,0.475,30,3,4,14.14551153657968,14.33753727988718,4.072835303791616,27.90783156680963
fundalloc_2025_ETH_s30_b0.0125_c1050,2025,component,True,0.475,30,3,5,44.99876991617666,14.724012617659232,7.052908230557214,617.2875433814878
fundalloc_2025_ETH_s30_b0.0125_c1050,2025,component,True,0.475,30,3,6,2.2988741554946346,14.551476613853321,0.7206986225810819,2.189099645714756
fundalloc_2025_ETH_s33_b0.0125_c1050,2025,component,True,0.475,33,1,1,0.0,0.0,,
fundalloc_2025_ETH_s33_b0.0125_c1050,2025,component,True,0.475,33,1,2,40.9219423238095,9.222646391668832,5.022765622480674,693.3922098197362
fundalloc_2025_ETH_s33_b0.0125_c1050,2025,component,True,0.475,33,1,3,0.48703490478578804,14.890796108482519,0.38402335111574354,0.4089381151777176
fundalloc_2025_ETH_s33_b0.0125_c1050,2025,component,True,0.475,33,1,4,14.748833162538123,13.88537693074029,4.23290113753303,31.202466195886664
fundalloc_2025_ETH_s33_b0.0125_c1050,2025,component,True,0.475,33,1,5,45.00001220389043,14.724335951575618,7.052916203005556,617.3390432300965
fundalloc_2025_ETH_s33_b0.0125_c1050,2025,component,True,0.475,33,1,6,2.5691941175225663,14.551730717025935,0.7622664993799889,2.4847109149139155
fundalloc_2025_ETH_s33_b0.0125_c1050,2025,component,True,0.475,33,2,1,0.0,0.0,,
fundalloc_2025_ETH_s33_b0.0125_c1050,2025,component,True,0.475,33,2,2,40.740284072952385,9.22342033166742,5.002314277587582,682.3690938464971
fundalloc_2025_ETH_s33_b0.0125_c1050,2025,component,True,0.475,33,2,3,0.48707900901852064,14.89198342278687,0.3840485896751753,0.40894355310738345
fundalloc_2025_ETH_s33_b0.0125_c1050,2025,component,True,0.475,33,2,4,14.447949138222892,14.112709281311542,4.153262983787407,29.511887557873816
fundalloc_2025_ETH_s33_b0.0125_c1050,2025,component,True,0.475,33,2,5,45.00226672334715,14.724922732729329,7.052930671193356,617.4325163184108
fundalloc_2025_ETH_s33_b0.0125_c1050,2025,component,True,0.475,33,2,6,2.4341075526230993,14.552191853509932,0.7414978498715589,2.3358034192564143
fundalloc_2025_ETH_s33_b0.0125_c1050,2025,component,True,0.475,33,3,1,0.0,0.0,,
fundalloc_2025_ETH_s33_b0.0125_c1050,2025,component,True,0.475,33,3,2,40.55247335000001,9.223103165631198,4.9818940315274745,671.2208202064999
fundalloc_2025_ETH_s33_b0.0125_c1050,2025,component,True,0.475,33,3,3,0.4870609347239929,14.891496854263664,0.3840382467074206,0.4089413245939451
fundalloc_2025_ETH_s33_b0.0125_c1050,2025,component,True,0.475,33,3,4,14.145109198869598,14.337994183992231,4.072705983343569,27.905446383560843
fundalloc_2025_ETH_s33_b0.0125_c1050,2025,component,True,0.475,33,3,5,44.9986700166477,14.72398661635319,7.052907589441299,617.283402160031
fundalloc_2025_ETH_s33_b0.0125_c1050,2025,component,True,0.475,33,3,6,2.298870635727135,14.551456179725864,0.7206980903672052,2.1890989266136454
fundalloc_2025_ETH_s35_b0.0125_c1050,2025,component,True,0.475,35,1,1,0.0,0.0,,
fundalloc_2025_ETH_s35_b0.0125_c1050,2025,component,True,0.475,35,1,2,40.9219423238095,9.222646391668832,5.022765622480674,693.3922098197362
fundalloc_2025_ETH_s35_b0.0125_c1050,2025,component,True,0.475,35,1,3,0.48703490478578804,14.890796108482519,0.38402335111574354,0.4089381151777176
fundalloc_2025_ETH_s35_b0.0125_c1050,2025,component,True,0.475,35,1,4,14.748833162538123,13.88537693074029,4.23290113753303,31.202466195886664
fundalloc_2025_ETH_s35_b0.0125_c1050,2025,component,True,0.475,35,1,5,45.00001220389043,14.724335951575618,7.052916203005556,617.3390432300965
fundalloc_2025_ETH_s35_b0.0125_c1050,2025,component,True,0.475,35,1,6,2.5691941175225663,14.551730717025935,0.7622664993799889,2.4847109149139155
fundalloc_2025_ETH_s35_b0.0125_c1050,2025,component,True,0.475,35,2,1,0.0,0.0,,
fundalloc_2025_ETH_s35_b0.0125_c1050,2025,component,True,0.475,35,2,2,40.740284072952385,9.22342033166742,5.002314277587582,682.3690938464971
fundalloc_2025_ETH_s35_b0.0125_c1050,2025,component,True,0.475,35,2,3,0.48707900901852064,14.89198342278687,0.3840485896751753,0.40894355310738345
fundalloc_2025_ETH_s35_b0.0125_c1050,2025,component,True,0.475,35,2,4,14.447949138222892,14.112709281311542,4.153262983787407,29.511887557873816
fundalloc_2025_ETH_s35_b0.0125_c1050,2025,component,True,0.475,35,2,5,45.00226672334715,14.724922732729329,7.052930671193356,617.4325163184108
fundalloc_2025_ETH_s35_b0.0125_c1050,2025,component,True,0.475,35,2,6,2.4341075526230993,14.552191853509932,0.7414978498715589,2.3358034192564143
fundalloc_2025_ETH_s35_b0.0125_c1050,2025,component,True,0.475,35,3,1,0.0,0.0,,
fundalloc_2025_ETH_s35_b0.0125_c1050,2025,component,True,0.475,35,3,2,40.55247335000001,9.223103165631198,4.9818940315274745,671.2208202064999
fundalloc_2025_ETH_s35_b0.0125_c1050,2025,component,True,0.475,35,3,3,0.4870609347239929,14.891496854263664,0.3840382467074206,0.4089413245939451
fundalloc_2025_ETH_s35_b0.0125_c1050,2025,component,True,0.475,35,3,4,14.145109198869598,14.337994183992231,4.072705983343569,27.905446383560843
fundalloc_2025_ETH_s35_b0.0125_c1050,2025,component,True,0.475,35,3,5,44.9986700166477,14.72398661635319,7.052907589441299,617.283402160031
fundalloc_2025_ETH_s35_b0.0125_c1050,2025,component,True,0.475,35,3,6,2.298870635727135,14.551456179725864,0.7206980903672052,2.1890989266136454
fundalloc_2025_BTC_vol30_r1_c1000,2025,component,True,0.5,,1,1,0.0,0.0,,
fundalloc_2025_BTC_vol30_r1_c1000,2025,component,True,0.5,,1,2,18.00507334860002,4.644916999614024,5.785054515810921,139.8376863357549
fundalloc_2025_BTC_vol30_r1_c1000,2025,component,True,0.5,,1,3,2.040251432993645,10.253660047073044,0.8718403122094549,2.7166611189826733
fundalloc_2025_BTC_vol30_r1_c1000,2025,component,True,0.5,,1,4,2.9999713754981006,9.659418757349147,1.641435902941027,4.4805732854718245
fundalloc_2025_BTC_vol30_r1_c1000,2025,component,True,0.5,,1,5,0.46951779031778607,7.39890935795946,0.34115744524140107,0.7926338319916288
fundalloc_2025_BTC_vol30_r1_c1000,2025,component,True,0.5,,1,6,-3.565054342525653,6.255177466270789,-3.2210834014233205,-5.707870594664772
fundalloc_2025_BTC_vol30_r1_c1000,2025,component,True,0.5,,2,1,0.0,0.0,,
fundalloc_2025_BTC_vol30_r1_c1000,2025,component,True,0.5,,2,2,17.85857884430002,4.646575015714271,5.786857897667212,137.36819234713087
fundalloc_2025_BTC_vol30_r1_c1000,2025,component,True,0.5,,2,3,2.040995482541663,10.257115966532627,0.8719049878196073,2.7168516937661646
fundalloc_2025_BTC_vol30_r1_c1000,2025,component,True,0.5,,2,4,2.729930465148578,9.662765747886882,1.5055712318102146,4.012898762374838
fundalloc_2025_BTC_vol30_r1_c1000,2025,component,True,0.5,,2,5,0.46954323943946275,7.3992996954182155,0.34116466595560546,0.7926361110757028
fundalloc_2025_BTC_vol30_r1_c1000,2025,component,True,0.5,,2,6,-3.94180497139891,6.500517015658036,-3.6135019019657624,-5.952468045805452
fundalloc_2025_BTC_vol30_r1_c1000,2025,component,True,0.5,,3,1,0.0,0.0,,
fundalloc_2025_BTC_vol30_r1_c1000,2025,component,True,0.5,,3,2,17.71225206994003,4.648230650083185,5.7880250134233435,134.9365811191249
fundalloc_2025_BTC_vol30_r1_c1000,2025,component,True,0.5,,3,3,2.0417384747443146,10.260566784313696,0.8719695699625406,2.717042009920442
fundalloc_2025_BTC_vol30_r1_c1000,2025,component,True,0.5,,3,4,2.460395781874314,9.666107860697315,1.3688040443906169,3.559864372931995
fundalloc_2025_BTC_vol30_r1_c1000,2025,component,True,0.5,,3,5,0.4695628482174641,7.3996004531831865,0.34117022957717963,0.7926378671341935
fundalloc_2025_BTC_vol30_r1_c1000,2025,component,True,0.5,,3,6,-4.318327879215545,6.744516964247227,-4.002315657396987,-6.161251120337856
fundalloc_2025_ETH_s30_b0.0125_c1000,2025,component,True,0.5,30,1,1,0.0,0.0,,
fundalloc_2025_ETH_s30_b0.0125_c1000,2025,component,True,0.5,30,1,2,43.68874317700002,9.22248843990301,5.29394207975248,881.3564033447585
fundalloc_2025_ETH_s30_b0.0125_c1000,2025,component,True,0.5,30,1,3,0.4870259037188296,14.890553790814831,0.38401820026156563,0.40893700537417793
fundalloc_2025_ETH_s30_b0.0125_c1000,2025,component,True,0.5,30,1,4,14.74678554568085,13.884828109247827,4.232706139921198,31.195362222587256
fundalloc_2025_ETH_s30_b0.0125_c1000,2025,component,True,0.5,30,1,5,44.996075403424584,14.723311296263674,7.05289093795624,617.175854737478
fundalloc_2025_ETH_s30_b0.0125_c1000,2025,component,True,0.5,30,1,6,2.56903910333679,14.550925448255214,0.7622457054299722,2.484676365738109
fundalloc_2025_ETH_s30_b0.0125_c1000,2025,component,True,0.5,30,2,1,0.0,0.0,,
fundalloc_2025_ETH_s30_b0.0125_c1000,2025,component,True,0.5,30,2,2,43.50270656640001,9.223005046127819,5.276372049512145,867.3546689940379
fundalloc_2025_ETH_s30_b0.0125_c1000,2025,component,True,0.5,30,2,3,0.4870553432221092,14.89134632752519,0.3840350469819156,0.4089406351771665
fundalloc_2025_ETH_s30_b0.0125_c1000,2025,component,True,0.5,30,2,4,14.447716135579558,14.112144190510135,4.153319957086575,29.51216275090639
fundalloc_2025_ETH_s30_b0.0125_c1000,2025,component,True,0.5,30,2,5,45.001216726014384,14.724649452642613,7.052923932974441,617.38898141113
fundalloc_2025_ETH_s30_b0.0125_c1000,2025,component,True,0.5,30,2,6,2.4340683854773726,14.55197709053051,0.74149228009679,2.335795056527639
fundalloc_2025_ETH_s30_b0.0125_c1000,2025,component,True,0.5,30,3,1,0.0,0.0,,
fundalloc_2025_ETH_s30_b0.0125_c1000,2025,component,True,0.5,30,3,2,43.308707483999996,9.222486875829194,5.258615001658864,853.0666029828894
fundalloc_2025_ETH_s30_b0.0125_c1000,2025,component,True,0.5,30,3,3,0.4870258145883488,14.890551391328877,0.3840181492567112,0.40893699438465786
fundalloc_2025_ETH_s30_b0.0125_c1000,2025,component,True,0.5,30,3,4,14.146768389285347,14.337514156182928,4.073020032230625,27.912549972341896
fundalloc_2025_ETH_s30_b0.0125_c1000,2025,component,True,0.5,30,3,5,45.000780326209245,14.72453587122795,7.052921132410754,617.3708883014971
fundalloc_2025_ETH_s30_b0.0125_c1000,2025,component,True,0.5,30,3,6,2.2991643810726936,14.551887829675236,0.7207430844669166,2.189350550729835
fundalloc_2025_ETH_s33_b0.0125_c1000,2025,component,True,0.5,33,1,1,0.0,0.0,,
fundalloc_2025_ETH_s33_b0.0125_c1000,2025,component,True,0.5,33,1,2,40.922643042,9.222750239152555,5.022765713678995,693.4270073372758
fundalloc_2025_ETH_s33_b0.0125_c1000,2025,component,True,0.5,33,1,3,0.4870408226699485,14.890955423222142,0.38402673761862344,0.4089388448349791
fundalloc_2025_ETH_s33_b0.0125_c1000,2025,component,True,0.5,33,1,4,14.74959995083671,13.885637906171212,4.232965161125602,31.205002142839067
fundalloc_2025_ETH_s33_b0.0125_c1000,2025,component,True,0.5,33,1,5,45.00155156814505,14.724736601420174,7.052926081788981,617.402864290045
fundalloc_2025_ETH_s33_b0.0125_c1000,2025,component,True,0.5,33,1,6,2.5692547287439416,14.552045578431706,0.7622746299103172,2.4847244239155035
fundalloc_2025_ETH_s33_b0.0125_c1000,2025,component,True,0.5,33,2,1,0.0,0.0,,
fundalloc_2025_ETH_s33_b0.0125_c1000,2025,component,True,0.5,33,2,2,40.738537961,9.223160040447642,5.002314108447497,682.2837172879421
fundalloc_2025_ETH_s33_b0.0125_c1000,2025,component,True,0.5,33,2,3,0.48706417583359585,14.891584106778799,0.38404010142507927,0.4089417242140024
fundalloc_2025_ETH_s33_b0.0125_c1000,2025,component,True,0.5,33,2,4,14.445391161674026,14.111922929307863,4.153026438092206,29.503580640361488
fundalloc_2025_ETH_s33_b0.0125_c1000,2025,component,True,0.5,33,2,5,44.99719860266027,14.723603641988026,7.05289814639293,617.2224094475367
fundalloc_2025_ETH_s33_b0.0125_c1000,2025,component,True,0.5,33,2,6,2.433918495645293,14.551155202863598,0.7414709649849077,2.3357630532279616
fundalloc_2025_ETH_s33_b0.0125_c1000,2025,component,True,0.5,33,3,1,0.0,0.0,,
fundalloc_2025_ETH_s33_b0.0125_c1000,2025,component,True,0.5,33,3,2,40.547948181299965,9.222424579086507,4.981893737254362,671.0030640919007
fundalloc_2025_ETH_s33_b0.0125_c1000,2025,component,True,0.5,33,3,3,0.48702226454209185,14.890455820256697,0.38401611774415856,0.4089365566753067
fundalloc_2025_ETH_s33_b0.0125_c1000,2025,component,True,0.5,33,3,4,14.146975645104964,14.337472993243116,4.073056323928962,27.913400812702367
fundalloc_2025_ETH_s33_b0.0125_c1000,2025,component,True,0.5,33,3,5,45.0010666661609,14.72461039674009,7.052922969978052,617.3827598813498
fundalloc_2025_ETH_s33_b0.0125_c1000,2025,component,True,0.5,33,3,6,2.2991744703655614,14.551946397483938,0.7207446098844393,2.189352612171908
fundalloc_2025_ETH_s35_b0.0125_c1000,2025,component,True,0.5,35,1,1,0.0,0.0,,
fundalloc_2025_ETH_s35_b0.0125_c1000,2025,component,True,0.5,35,1,2,40.922643042,9.222750239152555,5.022765713678995,693.4270073372758
fundalloc_2025_ETH_s35_b0.0125_c1000,2025,component,True,0.5,35,1,3,0.4870408226699485,14.890955423222142,0.38402673761862344,0.4089388448349791
fundalloc_2025_ETH_s35_b0.0125_c1000,2025,component,True,0.5,35,1,4,14.74959995083671,13.885637906171212,4.232965161125602,31.205002142839067
fundalloc_2025_ETH_s35_b0.0125_c1000,2025,component,True,0.5,35,1,5,45.00155156814505,14.724736601420174,7.052926081788981,617.402864290045
fundalloc_2025_ETH_s35_b0.0125_c1000,2025,component,True,0.5,35,1,6,2.5692547287439416,14.552045578431706,0.7622746299103172,2.4847244239155035
fundalloc_2025_ETH_s35_b0.0125_c1000,2025,component,True,0.5,35,2,1,0.0,0.0,,
fundalloc_2025_ETH_s35_b0.0125_c1000,2025,component,True,0.5,35,2,2,40.738537961,9.223160040447642,5.002314108447497,682.2837172879421
fundalloc_2025_ETH_s35_b0.0125_c1000,2025,component,True,0.5,35,2,3,0.48706417583359585,14.891584106778799,0.38404010142507927,0.4089417242140024
fundalloc_2025_ETH_s35_b0.0125_c1000,2025,component,True,0.5,35,2,4,14.445391161674026,14.111922929307863,4.153026438092206,29.503580640361488
fundalloc_2025_ETH_s35_b0.0125_c1000,2025,component,True,0.5,35,2,5,44.99719860266027,14.723603641988026,7.05289814639293,617.2224094475367
fundalloc_2025_ETH_s35_b0.0125_c1000,2025,component,True,0.5,35,2,6,2.433918495645293,14.551155202863598,0.7414709649849077,2.3357630532279616
fundalloc_2025_ETH_s35_b0.0125_c1000,2025,component,True,0.5,35,3,1,0.0,0.0,,
fundalloc_2025_ETH_s35_b0.0125_c1000,2025,component,True,0.5,35,3,2,40.547948181299965,9.222424579086507,4.981893737254362,671.0030640919007
fundalloc_2025_ETH_s35_b0.0125_c1000,2025,component,True,0.5,35,3,3,0.48702226454209185,14.890455820256697,0.38401611774415856,0.4089365566753067
fundalloc_2025_ETH_s35_b0.0125_c1000,2025,component,True,0.5,35,3,4,14.146975645104964,14.337472993243116,4.073056323928962,27.913400812702367
fundalloc_2025_ETH_s35_b0.0125_c1000,2025,component,True,0.5,35,3,5,45.0010666661609,14.72461039674009,7.052922969978052,617.3827598813498
fundalloc_2025_ETH_s35_b0.0125_c1000,2025,component,True,0.5,35,3,6,2.2991744703655614,14.551946397483938,0.7207446098844393,2.189352612171908
fundalloc_2025_BTC_vol30_r1_c1050,2025,component,False,0.525,,1,1,0.0,0.0,,
fundalloc_2025_BTC_vol30_r1_c1050,2025,component,False,0.525,,1,2,18.020092339104753,4.648136111294477,5.785092793561739,139.99072129779503
fundalloc_2025_BTC_vol30_r1_c1050,2025,component,False,0.525,,1,3,2.0416960486535407,10.260369742004304,0.8719658822566534,2.717031142223502
fundalloc_2025_BTC_vol30_r1_c1050,2025,component,False,0.525,,1,4,2.998094168683574,9.665917023762361,1.6400354823989742,4.4742744766571505
fundalloc_2025_BTC_vol30_r1_c1050,2025,component,False,0.525,,1,5,0.4696085606534117,7.400301584025659,0.3411831996067463,0.7926419609102434
fundalloc_2025_BTC_vol30_r1_c1050,2025,component,False,0.525,,1,6,-3.566035469330031,6.2563067853457,-3.221429874069921,-5.708112326454258
fundalloc_2025_BTC_vol30_r1_c1050,2025,component,False,0.525,,2,1,0.0,0.0,,
fundalloc_2025_BTC_vol30_r1_c1050,2025,component,False,0.525,,2,2,17.8592798185905,4.64673810863907,5.786860484789286,137.37486853352613
fundalloc_2025_BTC_vol30_r1_c1050,2025,component,False,0.525,,2,3,2.0410686725711447,10.257455905144097,0.8719113496902918,2.7168704407234148
fundalloc_2025_BTC_vol30_r1_c1050,2025,component,False,0.525,,2,4,2.7333653453363915,9.663094975215392,1.506821886806142,4.01860542509176
fundalloc_2025_BTC_vol30_r1_c1050,2025,component,False,0.525,,2,5,0.46975886414866164,7.402606891977981,0.3412258452175854,0.7926554214550415
fundalloc_2025_BTC_vol30_r1_c1050,2025,component,False,0.525,,2,6,-3.944841323366177,6.50286496881276,-3.61510731434415,-5.9539438384234185
fundalloc_2025_BTC_vol30_r1_c1050,2025,component,False,0.525,,3,1,0.0,0.0,,
fundalloc_2025_BTC_vol30_r1_c1050,2025,component,False,0.525,,3,2,17.698831343314293,4.645322203909408,5.787985833296799,134.8040464185146
fundalloc_2025_BTC_vol30_r1_c1050,2025,component,False,0.525,,3,3,2.0404332709817785,10.254504655560037,0.8718561184016473,2.716707692354124
fundalloc_2025_BTC_vol30_r1_c1050,2025,component,False,0.525,,3,4,2.462576059775179,9.660236738338657,1.3701911299044147,3.5656305796080585
fundalloc_2025_BTC_vol30_r1_c1050,2025,component,False,0.525,,3,5,0.4695054068995619,7.39871942125162,0.341153931675037,0.792632723002321
fundalloc_2025_BTC_vol30_r1_c1050,2025,component,False,0.525,,3,6,-4.317915788260729,6.743835039560353,-4.0024251801484825,-6.161419995634156
fundalloc_2025_ETH_s30_b0.0125_c950,2025,component,False,0.525,30,1,1,0.0,0.0,,
fundalloc_2025_ETH_s30_b0.0125_c950,2025,component,False,0.525,30,1,2,43.69320332210525,9.223095629176093,5.293945103004231,881.6353623411568
fundalloc_2025_ETH_s30_b0.0125_c950,2025,component,False,0.525,30,1,3,0.4870605052463173,14.89148529247002,0.3840380009397493,0.4089412716405126
fundalloc_2025_ETH_s30_b0.0125_c950,2025,component,False,0.525,30,1,4,14.746962985949885,13.88561198801539,4.232603686891859,31.19432354253605
fundalloc_2025_ETH_s30_b0.0125_c950,2025,component,False,0.525,30,1,5,44.997281692296376,14.723625268397555,7.052898679639309,617.2258535061414
fundalloc_2025_ETH_s30_b0.0125_c950,2025,component,False,0.525,30,1,6,2.569086602672921,14.551172198992301,0.7622520770951937,2.48468695222364
fundalloc_2025_ETH_s30_b0.0125_c950,2025,component,False,0.525,30,2,1,0.0,0.0,,
fundalloc_2025_ETH_s30_b0.0125_c950,2025,component,False,0.525,30,2,2,43.504323526947374,9.223226418225073,5.276373084231875,867.4542492628871
fundalloc_2025_ETH_s30_b0.0125_c950,2025,component,False,0.525,30,2,3,0.48706795848985074,14.891685937862075,0.3840422660409315,0.4089421906054812
fundalloc_2025_ETH_s30_b0.0125_c950,2025,component,False,0.525,30,2,4,14.444501293268974,14.111847133649825,4.1529126651234805,29.5002777804599
fundalloc_2025_ETH_s30_b0.0125_c950,2025,component,False,0.525,30,2,5,44.995671249744284,14.723206102619447,7.052888344165585,617.1591040733276
fundalloc_2025_ETH_s30_b0.0125_c950,2025,component,False,0.525,30,2,6,2.434081114486286,14.5508427760758,0.7414966335378512,2.3359910661897327
fundalloc_2025_ETH_s30_b0.0125_c950,2025,component,False,0.525,30,3,1,0.0,0.0,,
fundalloc_2025_ETH_s30_b0.0125_c950,2025,component,False,0.525,30,3,2,43.315155590526274,9.223374736110424,5.258618883525727,853.4574913404084
fundalloc_2025_ETH_s30_b0.0125_c950,2025,component,False,0.525,30,3,3,0.48707641066514373,14.891913474155139,0.3840471027752089,0.40894323273693245
fundalloc_2025_ETH_s30_b0.0125_c950,2025,component,False,0.525,30,3,4,14.146614245567068,14.338206762903605,4.072889144652037,27.9106284965833
fundalloc_2025_ETH_s30_b0.0125_c950,2025,component,False,0.525,30,3,5,45.00105146673747,14.724606440800947,7.052922872436945,617.3821297117166
fundalloc_2025_ETH_s30_b0.0125_c950,2025,component,False,0.525,30,3,6,2.2991739348092954,14.551943288609504,0.7207445289127831,2.189352502747104
fundalloc_2025_ETH_s33_b0.0125_c950,2025,component,False,0.525,33,1,1,0.0,0.0,,
fundalloc_2025_ETH_s33_b0.0125_c950,2025,component,False,0.525,33,1,2,40.92341751999997,9.222865016533587,5.0227658144356155,693.4654696985323
fundalloc_2025_ETH_s33_b0.0125_c950,2025,component,False,0.525,33,1,3,0.487047363420845,14.891131505552856,0.38403048055435013,0.40893965129037513
fundalloc_2025_ETH_s33_b0.0125_c950,2025,component,False,0.525,33,1,4,14.746299078656456,13.88521147198417,4.232576529499816,31.19252048230049
fundalloc_2025_ETH_s33_b0.0125_c950,2025,component,False,0.525,33,1,5,44.99574371745923,14.723224964638748,7.052888809252179,617.1621075580528
fundalloc_2025_ETH_s33_b0.0125_c950,2025,component,False,0.525,33,1,6,2.5690260425926814,14.550857599843226,0.7622439534334136,2.4846734548127154
fundalloc_2025_ETH_s33_b0.0125_c950,2025,component,False,0.525,33,2,1,0.0,0.0,,
fundalloc_2025_ETH_s33_b0.0125_c950,2025,component,False,0.525,33,2,2,40.73716463242103,9.222838540847277,5.002399842060479,682.2252130305296
fundalloc_2025_ETH_s33_b0.0125_c950,2025,component,False,0.525,33,2,3,0.4870458546653911,14.89109088867967,0.3840296171712982,0.4089394652652093
fundalloc_2025_ETH_s33_b0.0125_c950,2025,component,False,0.525,33,2,4,14.446635671345277,14.111740765248149,4.1532313918788235,29.508802808931538
fundalloc_2025_ETH_s33_b0.0125_c950,2025,component,False,0.525,33,2,5,44.998991030541255,14.724070168019399,7.052909649579505,617.2967095208535
fundalloc_2025_ETH_s33_b0.0125_c950,2025,component,False,0.525,33,2,6,2.434204968116349,14.55152184196713,0.7415142444467581,2.3360175121552813
fundalloc_2025_ETH_s33_b0.0125_c950,2025,component,False,0.525,33,3,1,0.0,0.0,,
fundalloc_2025_ETH_s33_b0.0125_c950,2025,component,False,0.525,33,3,2,40.55064129789472,9.222828440452469,4.981893912569158,671.1326516738183
fundalloc_2025_ETH_s33_b0.0125_c950,2025,component,False,0.525,33,3,3,0.4870452790798785,14.891075393461517,0.38402928779332907,0.4089393942971789
fundalloc_2025_ETH_s33_b0.0125_c950,2025,component,False,0.525,33,3,4,14.147494407619465,14.337671310407874,4.073099573260117,27.914943834166813
fundalloc_2025_ETH_s33_b0.0125_c950,2025,component,False,0.525,33,3,5,45.001831270692726,14.724809398911232,7.0529278767441665,617.4144612576719
fundalloc_2025_ETH_s33_b0.0125_c950,2025,component,False,0.525,33,3,6,2.29920141129043,14.552102787912114,0.7207486831297107,2.1893581167443954
fundalloc_2025_ETH_s35_b0.0125_c950,2025,component,False,0.525,35,1,1,0.0,0.0,,
fundalloc_2025_ETH_s35_b0.0125_c950,2025,component,False,0.525,35,1,2,40.92341751999997,9.222865016533587,5.0227658144356155,693.4654696985323
fundalloc_2025_ETH_s35_b0.0125_c950,2025,component,False,0.525,35,1,3,0.487047363420845,14.891131505552856,0.38403048055435013,0.40893965129037513
fundalloc_2025_ETH_s35_b0.0125_c950,2025,component,False,0.525,35,1,4,14.746299078656456,13.88521147198417,4.232576529499816,31.19252048230049
fundalloc_2025_ETH_s35_b0.0125_c950,2025,component,False,0.525,35,1,5,44.99574371745923,14.723224964638748,7.052888809252179,617.1621075580528
fundalloc_2025_ETH_s35_b0.0125_c950,2025,component,False,0.525,35,1,6,2.5690260425926814,14.550857599843226,0.7622439534334136,2.4846734548127154
fundalloc_2025_ETH_s35_b0.0125_c950,2025,component,False,0.525,35,2,1,0.0,0.0,,
fundalloc_2025_ETH_s35_b0.0125_c950,2025,component,False,0.525,35,2,2,40.73716463242103,9.222838540847277,5.002399842060479,682.2252130305296
fundalloc_2025_ETH_s35_b0.0125_c950,2025,component,False,0.525,35,2,3,0.4870458546653911,14.89109088867967,0.3840296171712982,0.4089394652652093
fundalloc_2025_ETH_s35_b0.0125_c950,2025,component,False,0.525,35,2,4,14.446635671345277,14.111740765248149,4.1532313918788235,29.508802808931538
fundalloc_2025_ETH_s35_b0.0125_c950,2025,component,False,0.525,35,2,5,44.998991030541255,14.724070168019399,7.052909649579505,617.2967095208535
fundalloc_2025_ETH_s35_b0.0125_c950,2025,component,False,0.525,35,2,6,2.434204968116349,14.55152184196713,0.7415142444467581,2.3360175121552813
fundalloc_2025_ETH_s35_b0.0125_c950,2025,component,False,0.525,35,3,1,0.0,0.0,,
fundalloc_2025_ETH_s35_b0.0125_c950,2025,component,False,0.525,35,3,2,40.55064129789472,9.222828440452469,4.981893912569158,671.1326516738183
fundalloc_2025_ETH_s35_b0.0125_c950,2025,component,False,0.525,35,3,3,0.4870452790798785,14.891075393461517,0.38402928779332907,0.4089393942971789
fundalloc_2025_ETH_s35_b0.0125_c950,2025,component,False,0.525,35,3,4,14.147494407619465,14.337671310407874,4.073099573260117,27.914943834166813
fundalloc_2025_ETH_s35_b0.0125_c950,2025,component,False,0.525,35,3,5,45.001831270692726,14.724809398911232,7.0529278767441665,617.4144612576719
fundalloc_2025_ETH_s35_b0.0125_c950,2025,component,False,0.525,35,3,6,2.29920141129043,14.552102787912114,0.7207486831297107,2.1893581167443954
fundalloc_2026_BTC_vol30_r1_c950,2026,component,True,0.475,,1,1,4.249415673705248,4.317688513696916,2.2344868643197358,15.26717044187881
fundalloc_2026_BTC_vol30_r1_c950,2026,component,True,0.475,,1,2,4.093578234367112,6.2347864736457925,1.7338185323638649,10.092778333781851
fundalloc_2026_BTC_vol30_r1_c950,2026,component,True,0.475,,1,3,-3.5392514292146737,4.007262756421048,-4.070995206409878,-8.857447570019087
fundalloc_2026_BTC_vol30_r1_c950,2026,component,True,0.475,,1,4,0.980624617976078,4.3272535187392265,0.683541105381046,2.9132506487652443
fundalloc_2026_BTC_vol30_r1_c950,2026,component,True,0.475,,1,5,-2.6789615600520733,6.921094735499689,-1.359301120869506,-4.065160050669353
fundalloc_2026_BTC_vol30_r1_c950,2026,component,True,0.475,,1,6,21.740615523769247,6.886253011856991,5.2171040068905645,144.50946193724405
fundalloc_2026_BTC_vol30_r1_c950,2026,component,True,0.475,,2,1,4.1123479258105,4.316796538976131,2.1590841705742103,14.659970997036066
fundalloc_2026_BTC_vol30_r1_c950,2026,component,True,0.475,,2,2,4.09274760001479,6.233639381818379,1.7337848103862865,10.092098177192662
fundalloc_2026_BTC_vol30_r1_c950,2026,component,True,0.475,,2,3,-3.664581552339752,4.131894128328972,-4.2158016864335535,-8.835285130594501
fundalloc_2026_BTC_vol30_r1_c950,2026,component,True,0.475,,2,4,0.8488379613835084,4.327475554343785,0.6027022901011975,2.5029242031228343
fundalloc_2026_BTC_vol30_r1_c950,2026,component,True,0.475,,2,5,-2.679098789474288,6.9214377521443655,-1.3592964992994945,-4.065136713232696
fundalloc_2026_BTC_vol30_r1_c950,2026,component,True,0.475,,2,6,21.582368602344857,6.886531353008751,5.179004302170788,142.0068051298223
fundalloc_2026_BTC_vol30_r1_c950,2026,component,True,0.475,,3,1,3.9786272630526254,4.31910473049183,2.0838707704786557,14.065585095337385
fundalloc_2026_BTC_vol30_r1_c950,2026,component,True,0.475,,3,2,4.094897046553969,6.236607641485092,1.7338720720722476,10.093858324585225
fundalloc_2026_BTC_vol30_r1_c950,2026,component,True,0.475,,3,3,-3.7924675836010224,4.259394113338377,-4.3522996602806305,-8.809798058492506
fundalloc_2026_BTC_vol30_r1_c950,2026,component,True,0.475,,3,4,0.7173014954650281,4.327495140970439,0.5226874443110252,2.0994415336993
fundalloc_2026_BTC_vol30_r1_c950,2026,component,True,0.475,,3,5,-2.6791108950156906,6.921468010922771,-1.3592960916126964,-4.065134654555158
fundalloc_2026_BTC_vol30_r1_c950,2026,component,True,0.475,,3,6,21.423167888351834,6.886555906276303,5.1405374701883195,139.53079462874163
fundalloc_2026_ETH_s30_b0.0125_c1050,2026,component,True,0.475,30,1,1,4.488452693333356,6.403800400643112,1.5970609987205155,11.025844318436038
fundalloc_2026_ETH_s30_b0.0125_c1050,2026,component,True,0.475,30,1,2,-3.802365387223927,9.781462751382774,-1.254903746361463,-3.8442673604834456
fundalloc_2026_ETH_s30_b0.0125_c1050,2026,component,True,0.475,30,1,3,0.0,0.0,,
fundalloc_2026_ETH_s30_b0.0125_c1050,2026,component,True,0.475,30,1,4,8.971272695674104,6.124521149847562,3.942419232565376,30.112043000823594
fundalloc_2026_ETH_s30_b0.0125_c1050,2026,component,True,0.475,30,1,5,-1.9384437538608523,7.7549101280118045,-0.5960018276068658,-2.7327623938760106
fundalloc_2026_ETH_s30_b0.0125_c1050,2026,component,True,0.475,30,1,6,31.422783200726734,7.766458388807318,4.792054633381609,344.8936446666586
fundalloc_2026_ETH_s30_b0.0125_c1050,2026,component,True,0.475,30,2,1,4.3513062960000015,6.403983648990385,1.5507340951831974,10.603195893279889
fundalloc_2026_ETH_s30_b0.0125_c1050,2026,component,True,0.475,30,2,2,-3.9285160680396447,9.781726960435122,-1.3025863898218746,-3.9451982667420187
fundalloc_2026_ETH_s30_b0.0125_c1050,2026,component,True,0.475,30,2,3,0.0,0.0,,
fundalloc_2026_ETH_s30_b0.0125_c1050,2026,component,True,0.475,30,2,4,8.827263679327025,6.12410501097359,3.88923135187485,29.372834105383138
fundalloc_2026_ETH_s30_b0.0125_c1050,2026,component,True,0.475,30,2,5,-1.9383184123591413,7.754423240515706,-0.5960119237301678,-2.7327759312384856
fundalloc_2026_ETH_s30_b0.0125_c1050,2026,component,True,0.475,30,2,6,31.24780853253233,7.766081734527475,4.766829290936381,339.1576319910888
fundalloc_2026_ETH_s30_b0.0125_c1050,2026,component,True,0.475,30,3,1,4.213085335142885,6.402846461133727,1.5044240651552725,10.185587840356437
fundalloc_2026_ETH_s30_b0.0125_c1050,2026,component,True,0.475,30,3,2,-4.053786284802685,9.780087339452248,-1.3500093294343378,-4.044750492247655
fundalloc_2026_ETH_s30_b0.0125_c1050,2026,component,True,0.475,30,3,3,0.0,0.0,,
fundalloc_2026_ETH_s30_b0.0125_c1050,2026,component,True,0.475,30,3,4,8.684933302045494,6.124608635782969,3.8349132620846,28.648547441007498
fundalloc_2026_ETH_s30_b0.0125_c1050,2026,component,True,0.475,30,3,5,-1.9384701046192276,7.755012486970781,-0.5959997050794533,-2.732759547904333
fundalloc_2026_ETH_s30_b0.0125_c1050,2026,component,True,0.475,30,3,6,31.077468736157133,7.766537571932053,4.741516419394067,333.6193616677833
fundalloc_2026_ETH_s33_b0.0125_c1050,2026,component,True,0.475,33,1,1,4.488452693333356,6.403800400643112,1.5970609987205155,11.025844318436038
fundalloc_2026_ETH_s33_b0.0125_c1050,2026,component,True,0.475,33,1,2,-3.802365387223927,9.781462751382774,-1.254903746361463,-3.8442673604834456
fundalloc_2026_ETH_s33_b0.0125_c1050,2026,component,True,0.475,33,1,3,0.0,0.0,,
fundalloc_2026_ETH_s33_b0.0125_c1050,2026,component,True,0.475,33,1,4,8.971272695674104,6.124521149847562,3.942419232565376,30.112043000823594
fundalloc_2026_ETH_s33_b0.0125_c1050,2026,component,True,0.475,33,1,5,-1.9384437538608523,7.7549101280118045,-0.5960018276068658,-2.7327623938760106
fundalloc_2026_ETH_s33_b0.0125_c1050,2026,component,True,0.475,33,1,6,31.422783200726734,7.766458388807318,4.792054633381609,344.8936446666586
fundalloc_2026_ETH_s33_b0.0125_c1050,2026,component,True,0.475,33,2,1,4.3513062960000015,6.403983648990385,1.5507340951831974,10.603195893279889
fundalloc_2026_ETH_s33_b0.0125_c1050,2026,component,True,0.475,33,2,2,-3.9285160680396447,9.781726960435122,-1.3025863898218746,-3.9451982667420187
fundalloc_2026_ETH_s33_b0.0125_c1050,2026,component,True,0.475,33,2,3,0.0,0.0,,
fundalloc_2026_ETH_s33_b0.0125_c1050,2026,component,True,0.475,33,2,4,8.827263679327025,6.12410501097359,3.88923135187485,29.372834105383138
fundalloc_2026_ETH_s33_b0.0125_c1050,2026,component,True,0.475,33,2,5,-1.9383184123591413,7.754423240515706,-0.5960119237301678,-2.7327759312384856
fundalloc_2026_ETH_s33_b0.0125_c1050,2026,component,True,0.475,33,2,6,31.24780853253233,7.766081734527475,4.766829290936381,339.1576319910888
fundalloc_2026_ETH_s33_b0.0125_c1050,2026,component,True,0.475,33,3,1,4.213085335142885,6.402846461133727,1.5044240651552725,10.185587840356437
fundalloc_2026_ETH_s33_b0.0125_c1050,2026,component,True,0.475,33,3,2,-4.053786284802685,9.780087339452248,-1.3500093294343378,-4.044750492247655
fundalloc_2026_ETH_s33_b0.0125_c1050,2026,component,True,0.475,33,3,3,0.0,0.0,,
fundalloc_2026_ETH_s33_b0.0125_c1050,2026,component,True,0.475,33,3,4,8.684933302045494,6.124608635782969,3.8349132620846,28.648547441007498
fundalloc_2026_ETH_s33_b0.0125_c1050,2026,component,True,0.475,33,3,5,-1.9384701046192276,7.755012486970781,-0.5959997050794533,-2.732759547904333
fundalloc_2026_ETH_s33_b0.0125_c1050,2026,component,True,0.475,33,3,6,31.077468736157133,7.766537571932053,4.741516419394067,333.6193616677833
fundalloc_2026_ETH_s35_b0.0125_c1050,2026,component,True,0.475,35,1,1,4.488452693333356,6.403800400643112,1.5970609987205155,11.025844318436038
fundalloc_2026_ETH_s35_b0.0125_c1050,2026,component,True,0.475,35,1,2,-3.802365387223927,9.781462751382774,-1.254903746361463,-3.8442673604834456
fundalloc_2026_ETH_s35_b0.0125_c1050,2026,component,True,0.475,35,1,3,0.0,0.0,,
fundalloc_2026_ETH_s35_b0.0125_c1050,2026,component,True,0.475,35,1,4,7.724038170569947,6.124079123560755,3.4431042509852996,24.044490710833042
fundalloc_2026_ETH_s35_b0.0125_c1050,2026,component,True,0.475,35,1,5,-1.9383106150137719,7.754392951764744,-0.5960125517973995,-2.732776773384575
fundalloc_2026_ETH_s35_b0.0125_c1050,2026,component,True,0.475,35,1,6,31.42058231818201,7.766058302911505,4.792045035371027,344.8385201217879
fundalloc_2026_ETH_s35_b0.0125_c1050,2026,component,True,0.475,35,2,1,4.3513062960000015,6.403983648990385,1.5507340951831974,10.603195893279889
fundalloc_2026_ETH_s35_b0.0125_c1050,2026,component,True,0.475,35,2,2,-3.9285160680396447,9.781726960435122,-1.3025863898218746,-3.9451982667420187
fundalloc_2026_ETH_s35_b0.0125_c1050,2026,component,True,0.475,35,2,3,0.0,0.0,,
fundalloc_2026_ETH_s35_b0.0125_c1050,2026,component,True,0.475,35,2,4,7.582499854813918,6.124403058421269,3.3828230328980564,23.402566129928992
fundalloc_2026_ETH_s35_b0.0125_c1050,2026,component,True,0.475,35,2,5,-1.9384081846727685,7.75477196013118,-0.5960046926684438,-2.732766235475659
fundalloc_2026_ETH_s35_b0.0125_c1050,2026,component,True,0.475,35,2,6,31.249284367931086,7.766351503764158,4.7668359764781325,339.19401423176566
fundalloc_2026_ETH_s35_b0.0125_c1050,2026,component,True,0.475,35,3,1,4.213085335142885,6.402846461133727,1.5044240651552725,10.185587840356437
fundalloc_2026_ETH_s35_b0.0125_c1050,2026,component,True,0.475,35,3,2,-4.053786284802685,9.780087339452248,-1.3500093294343378,-4.044750492247655
fundalloc_2026_ETH_s35_b0.0125_c1050,2026,component,True,0.475,35,3,3,0.0,0.0,,
fundalloc_2026_ETH_s35_b0.0125_c1050,2026,component,True,0.475,35,3,4,7.44116416292171,6.12465775576938,3.3217926323374587,22.771206601140644
fundalloc_2026_ETH_s35_b0.0125_c1050,2026,component,True,0.475,35,3,5,-1.9384848995401716,7.755069957490191,-0.5959985133629894,-2.7327579500042067
fundalloc_2026_ETH_s35_b0.0125_c1050,2026,component,True,0.475,35,3,6,31.077710616502507,7.766582029925861,4.741517556583045,333.6252312900955
fundalloc_2026_BTC_vol30_r1_c1000,2026,component,True,0.5,,1,1,4.251322369559984,4.319609260276181,2.234494371365006,15.268929988935794
fundalloc_2026_BTC_vol30_r1_c1000,2026,component,True,0.5,,1,2,4.095366872052875,6.2372564042249,1.7338911451698427,10.094243098285661
fundalloc_2026_BTC_vol30_r1_c1000,2026,component,True,0.5,,1,3,-3.5407497977308466,4.0089493450228275,-4.071004620732459,-8.856761869482774
fundalloc_2026_BTC_vol30_r1_c1000,2026,component,True,0.5,,1,4,0.9808269126098557,4.328276974739309,0.6835412396318862,2.9131959060670987
fundalloc_2026_BTC_vol30_r1_c1000,2026,component,True,0.5,,1,5,-2.6795941082966235,6.922675834290281,-1.3592798180862897,-4.0650524800749555
fundalloc_2026_BTC_vol30_r1_c1000,2026,component,True,0.5,,1,6,21.745874342956874,6.8875359535047975,5.217183606088416,144.56612954638425
fundalloc_2026_BTC_vol30_r1_c1000,2026,component,True,0.5,,2,1,4.114479794040005,4.319044270236683,2.159080578401954,14.661761275808384
fundalloc_2026_BTC_vol30_r1_c1000,2026,component,True,0.5,,2,2,4.094840744950901,6.236529895980936,1.733869786431965,10.093812216165816
fundalloc_2026_BTC_vol30_r1_c1000,2026,component,True,0.5,,2,3,-3.6664202850122063,4.133952417957454,-4.215839606368081,-8.834452387153325
fundalloc_2026_BTC_vol30_r1_c1000,2026,component,True,0.5,,2,4,0.848635488185101,4.326689214445867,0.6026580033252733,2.5027533829017607
fundalloc_2026_BTC_vol30_r1_c1000,2026,component,True,0.5,,2,5,-2.6786127908720148,6.920222952052102,-1.3593128665993326,-4.065219363671788
fundalloc_2026_BTC_vol30_r1_c1000,2026,component,True,0.5,,2,6,21.57829824228532,6.885545579526465,5.178928434185466,141.96338174656373
fundalloc_2026_BTC_vol30_r1_c1000,2026,component,True,0.5,,3,1,3.9779527410399806,4.318464453811566,2.08382246729179,14.064732664797349
fundalloc_2026_BTC_vol30_r1_c1000,2026,component,True,0.5,,3,2,4.094300808751838,6.235784301181235,1.7338478668450887,10.09337004404621
fundalloc_2026_BTC_vol30_r1_c1000,2026,component,True,0.5,,3,3,-3.7919880950960327,4.258851955791377,-4.352354075918695,-8.81003000687913
fundalloc_2026_BTC_vol30_r1_c1000,2026,component,True,0.5,,3,4,0.7172520298894591,4.327669538643796,0.5226434223906041,2.099206310149173
fundalloc_2026_BTC_vol30_r1_c1000,2026,component,True,0.5,,3,5,-2.679218681728346,6.921737432124441,-1.3592924616034252,-4.065116324326567
fundalloc_2026_BTC_vol30_r1_c1000,2026,component,True,0.5,,3,6,21.423958632524087,6.886774524421946,5.140528832668055,139.53857131903936
fundalloc_2026_ETH_s30_b0.0125_c1000,2026,component,True,0.5,30,1,1,4.487924301000024,6.403071929642746,1.5970461957226902,11.025459423739651
fundalloc_2026_ETH_s30_b0.0125_c1000,2026,component,True,0.5,30,1,2,-3.801936989059318,9.780412427208883,-1.254919430538087,-3.844334517808879
fundalloc_2026_ETH_s30_b0.0125_c1000,2026,component,True,0.5,30,1,3,0.0,0.0,,
fundalloc_2026_ETH_s30_b0.0125_c1000,2026,component,True,0.5,30,1,4,8.970305087569352,6.123884159115867,3.942418540362793,30.110157838318084
fundalloc_2026_ETH_s30_b0.0125_c1000,2026,component,True,0.5,30,1,5,-1.9382518911940871,7.754164839139555,-0.5960172819318,-2.7327831158150167
fundalloc_2026_ETH_s30_b0.0125_c1000,2026,component,True,0.5,30,1,6,31.41961157238027,7.765881831852484,4.792040801757083,344.8142090113071
fundalloc_2026_ETH_s30_b0.0125_c1000,2026,component,True,0.5,30,2,1,4.350513623399999,6.402854866144969,1.5507108779876304,10.602641724794033
fundalloc_2026_ETH_s30_b0.0125_c1000,2026,component,True,0.5,30,2,2,-3.9278302512167795,9.78009945809113,-1.3026103991771047,-3.945309414176423
fundalloc_2026_ETH_s30_b0.0125_c1000,2026,component,True,0.5,30,2,3,0.0,0.0,,
fundalloc_2026_ETH_s30_b0.0125_c1000,2026,component,True,0.5,30,2,4,8.827637432016576,6.124355383673564,3.889231586040031,29.373542897128065
fundalloc_2026_ETH_s30_b0.0125_c1000,2026,component,True,0.5,30,2,5,-1.9383938249995847,7.754716180193489,-0.5960058493249829,-2.732767786373795
fundalloc_2026_ETH_s30_b0.0125_c1000,2026,component,True,0.5,30,2,6,31.249048298151294,7.766308352816553,4.766834907101096,339.1881943918431
fundalloc_2026_ETH_s30_b0.0125_c1000,2026,component,True,0.5,30,3,1,4.2129496917000075,6.402646737067874,1.5044199045342295,10.185496930675589
fundalloc_2026_ETH_s30_b0.0125_c1000,2026,component,True,0.5,30,3,2,-4.053661046345436,9.779799369790808,-1.3500135255418382,-4.044771440654117
fundalloc_2026_ETH_s30_b0.0125_c1000,2026,component,True,0.5,30,3,3,0.0,0.0,,
fundalloc_2026_ETH_s30_b0.0125_c1000,2026,component,True,0.5,30,3,4,8.685152365100969,6.124757996873386,3.8349133816425502,28.648951734078995
fundalloc_2026_ETH_s30_b0.0125_c1000,2026,component,True,0.5,30,3,5,-1.9385150920863792,7.755187239640793,-0.5959960813820148,-2.7327546891136625
fundalloc_2026_ETH_s30_b0.0125_c1000,2026,component,True,0.5,30,3,6,31.078204230959017,7.766672756483395,4.741519877262326,333.6372099657399
fundalloc_2026_ETH_s33_b0.0125_c1000,2026,component,True,0.5,33,1,1,4.487924301000024,6.403071929642746,1.5970461957226902,11.025459423739651
fundalloc_2026_ETH_s33_b0.0125_c1000,2026,component,True,0.5,33,1,2,-3.801936989059318,9.780412427208883,-1.254919430538087,-3.844334517808879
fundalloc_2026_ETH_s33_b0.0125_c1000,2026,component,True,0.5,33,1,3,0.0,0.0,,
fundalloc_2026_ETH_s33_b0.0125_c1000,2026,component,True,0.5,33,1,4,8.970305087569352,6.123884159115867,3.942418540362793,30.110157838318084
fundalloc_2026_ETH_s33_b0.0125_c1000,2026,component,True,0.5,33,1,5,-1.9382518911940871,7.754164839139555,-0.5960172819318,-2.7327831158150167
fundalloc_2026_ETH_s33_b0.0125_c1000,2026,component,True,0.5,33,1,6,31.41961157238027,7.765881831852484,4.792040801757083,344.8142090113071
fundalloc_2026_ETH_s33_b0.0125_c1000,2026,component,True,0.5,33,2,1,4.350513623399999,6.402854866144969,1.5507108779876304,10.602641724794033
fundalloc_2026_ETH_s33_b0.0125_c1000,2026,component,True,0.5,33,2,2,-3.9278302512167795,9.78009945809113,-1.3026103991771047,-3.945309414176423
fundalloc_2026_ETH_s33_b0.0125_c1000,2026,component,True,0.5,33,2,3,0.0,0.0,,
fundalloc_2026_ETH_s33_b0.0125_c1000,2026,component,True,0.5,33,2,4,8.827637432016576,6.124355383673564,3.889231586040031,29.373542897128065
fundalloc_2026_ETH_s33_b0.0125_c1000,2026,component,True,0.5,33,2,5,-1.9383938249995847,7.754716180193489,-0.5960058493249829,-2.732767786373795
fundalloc_2026_ETH_s33_b0.0125_c1000,2026,component,True,0.5,33,2,6,31.249048298151294,7.766308352816553,4.766834907101096,339.1881943918431
fundalloc_2026_ETH_s33_b0.0125_c1000,2026,component,True,0.5,33,3,1,4.2129496917000075,6.402646737067874,1.5044199045342295,10.185496930675589
fundalloc_2026_ETH_s33_b0.0125_c1000,2026,component,True,0.5,33,3,2,-4.053661046345436,9.779799369790808,-1.3500135255418382,-4.044771440654117
fundalloc_2026_ETH_s33_b0.0125_c1000,2026,component,True,0.5,33,3,3,0.0,0.0,,
fundalloc_2026_ETH_s33_b0.0125_c1000,2026,component,True,0.5,33,3,4,8.685152365100969,6.124757996873386,3.8349133816425502,28.648951734078995
fundalloc_2026_ETH_s33_b0.0125_c1000,2026,component,True,0.5,33,3,5,-1.9385150920863792,7.755187239640793,-0.5959960813820148,-2.7327546891136625
fundalloc_2026_ETH_s33_b0.0125_c1000,2026,component,True,0.5,33,3,6,31.078204230959017,7.766672756483395,4.741519877262326,333.6372099657399
fundalloc_2026_ETH_s35_b0.0125_c1000,2026,component,True,0.5,35,1,1,4.487924301000024,6.403071929642746,1.5970461957226902,11.025459423739651
fundalloc_2026_ETH_s35_b0.0125_c1000,2026,component,True,0.5,35,1,2,-3.801936989059318,9.780412427208883,-1.254919430538087,-3.844334517808879
fundalloc_2026_ETH_s35_b0.0125_c1000,2026,component,True,0.5,35,1,3,0.0,0.0,,
fundalloc_2026_ETH_s35_b0.0125_c1000,2026,component,True,0.5,35,1,4,7.724173218820574,6.124183570785247,3.4431042953345323,24.044696434954563
fundalloc_2026_ETH_s35_b0.0125_c1000,2026,component,True,0.5,35,1,5,-1.93834207472674,7.754515156826736,-0.5960100177531525,-2.7327733756053507
fundalloc_2026_ETH_s35_b0.0125_c1000,2026,component,True,0.5,35,1,6,31.42110236971385,7.7661528414535885,4.792047303365881,344.851544848779
fundalloc_2026_ETH_s35_b0.0125_c1000,2026,component,True,0.5,35,2,1,4.350513623399999,6.402854866144969,1.5507108779876304,10.602641724794033
fundalloc_2026_ETH_s35_b0.0125_c1000,2026,component,True,0.5,35,2,2,-3.9278302512167795,9.78009945809113,-1.3026103991771047,-3.945309414176423
fundalloc_2026_ETH_s35_b0.0125_c1000,2026,component,True,0.5,35,2,3,0.0,0.0,,
fundalloc_2026_ETH_s35_b0.0125_c1000,2026,component,True,0.5,35,2,4,7.582503324847822,6.124405796014464,3.3828230341172816,23.40257126060729
fundalloc_2026_ETH_s35_b0.0125_c1000,2026,component,True,0.5,35,2,5,-1.9384090092377737,7.754775163140937,-0.5960046262505982,-2.732766146419626
fundalloc_2026_ETH_s35_b0.0125_c1000,2026,component,True,0.5,35,2,6,31.249297923595098,7.766353981584562,4.766836037883947,339.1943484231812
fundalloc_2026_ETH_s35_b0.0125_c1000,2026,component,True,0.5,35,3,1,4.2129496917000075,6.402646737067874,1.5044199045342295,10.185496930675589
fundalloc_2026_ETH_s35_b0.0125_c1000,2026,component,True,0.5,35,3,2,-4.053661046345436,9.779799369790808,-1.3500135255418382,-4.044771440654117
fundalloc_2026_ETH_s35_b0.0125_c1000,2026,component,True,0.5,35,3,3,0.0,0.0,,
fundalloc_2026_ETH_s35_b0.0125_c1000,2026,component,True,0.5,35,3,4,7.441037541921025,6.12455582565945,3.321792582021007,22.771024953683852
fundalloc_2026_ETH_s35_b0.0125_c1000,2026,component,True,0.5,35,3,5,-1.9384541982176318,7.754950698902608,-0.5960009863244065,-2.7327612658494456
fundalloc_2026_ETH_s35_b0.0125_c1000,2026,component,True,0.5,35,3,6,31.077208684432023,7.766489773805385,4.741515196763965,333.613051199843
fundalloc_2026_BTC_vol30_r1_c1050,2026,component,False,0.525,,1,1,4.250141655733319,4.318452011853058,2.234472184768666,15.267726651609593
fundalloc_2026_BTC_vol30_r1_c1050,2026,component,False,0.525,,1,2,4.094289222532654,6.235768301636502,1.7338473964808934,10.093360555910719
fundalloc_2026_BTC_vol30_r1_c1050,2026,component,False,0.525,,1,3,-3.5398802841595467,4.007966269622165,-4.071038160660652,-8.857169363194886
fundalloc_2026_BTC_vol30_r1_c1050,2026,component,False,0.525,,1,4,0.9804803018185204,4.326828687294071,0.6835039109146142,2.913084166904925
fundalloc_2026_BTC_vol30_r1_c1050,2026,component,False,0.525,,1,5,-2.6786989923053506,6.920438421842013,-1.3593099635381756,-4.065204703823437
fundalloc_2026_BTC_vol30_r1_c1050,2026,component,False,0.525,,1,6,21.73837852570808,6.885720431391428,5.217058087310006,144.48508638467555
fundalloc_2026_BTC_vol30_r1_c1050,2026,component,False,0.525,,2,1,4.113589967999998,4.318175374991629,2.1590455841783722,14.660778734871412
fundalloc_2026_BTC_vol30_r1_c1050,2026,component,False,0.525,,2,2,4.094031612034876,6.235412562123532,1.7338369382715695,10.093149596975058
fundalloc_2026_BTC_vol30_r1_c1050,2026,component,False,0.525,,2,3,-3.665762582778531,4.13320958774217,-4.215884230081792,-8.834764340483423
fundalloc_2026_BTC_vol30_r1_c1050,2026,component,False,0.525,,2,4,0.848488013436266,4.326101672542826,0.602627234085346,2.5026374934759525
fundalloc_2026_BTC_vol30_r1_c1050,2026,component,False,0.525,,2,5,-2.6782496594875416,6.919315261003922,-1.3593250959986654,-4.06528112039196
fundalloc_2026_BTC_vol30_r1_c1050,2026,component,False,0.525,,2,6,21.575229137466813,6.884808974069334,5.178865054239486,141.93050976195025
fundalloc_2026_BTC_vol30_r1_c1050,2026,component,False,0.525,,3,1,3.977335868076204,4.317885430285284,2.0837749650219437,14.063931781379937
fundalloc_2026_BTC_vol30_r1_c1050,2026,component,False,0.525,,3,2,4.093761608340785,6.235039704112899,1.7338259768732063,10.092928493928506
fundalloc_2026_BTC_vol30_r1_c1050,2026,component,False,0.525,,3,3,-3.791546588594219,4.258353812295502,-4.352395030698594,-8.810241381023245
fundalloc_2026_BTC_vol30_r1_c1050,2026,component,False,0.525,,3,4,0.7172154255909557,4.32782689675586,0.5226085666615672,2.0990185305550315
fundalloc_2026_BTC_vol30_r1_c1050,2026,component,False,0.525,,3,5,-2.679315937105098,6.9219805288354035,-1.3592891862641168,-4.065099785153616
fundalloc_2026_BTC_vol30_r1_c1050,2026,component,False,0.525,,3,6,21.424678655473215,6.886971779225948,5.140522626460372,139.54568952754323
fundalloc_2026_ETH_s30_b0.0125_c950,2026,component,False,0.525,30,1,1,4.488402129473701,6.40373069074961,1.5970595821687945,11.025807485761096
fundalloc_2026_ETH_s30_b0.0125_c950,2026,component,False,0.525,30,1,2,-3.80189898398956,9.781362242832692,-1.2547438748664266,-3.8439305504014483
fundalloc_2026_ETH_s30_b0.0125_c950,2026,component,False,0.525,30,1,3,0.0,0.0,,
fundalloc_2026_ETH_s30_b0.0125_c950,2026,component,False,0.525,30,1,4,8.970839606291836,6.124236041305798,3.942418922739958,30.111199209475632
fundalloc_2026_ETH_s30_b0.0125_c950,2026,component,False,0.525,30,1,5,-1.938357878932928,7.754576548125247,-0.5960087447418231,-2.732771668687761
fundalloc_2026_ETH_s30_b0.0125_c950,2026,component,False,0.525,30,1,6,31.421363624659282,7.766200333860951,4.792048442710065,344.8580881785584
fundalloc_2026_ETH_s30_b0.0125_c950,2026,component,False,0.525,30,2,1,4.350668231368426,6.403075032266992,1.5507154064313629,10.602749810852037
fundalloc_2026_ETH_s30_b0.0125_c950,2026,component,False,0.525,30,2,2,-3.9275390787121056,9.780416900663468,-1.302445355142381,-3.9449498112463806
fundalloc_2026_ETH_s30_b0.0125_c950,2026,component,False,0.525,30,2,3,0.0,0.0,,
fundalloc_2026_ETH_s30_b0.0125_c950,2026,component,False,0.525,30,2,4,8.828006226733676,6.124602434368431,3.8892318171040214,29.374242304889243
fundalloc_2026_ETH_s30_b0.0125_c950,2026,component,False,0.525,30,2,5,-1.9384682367547645,7.755005231293688,-0.5959998555341349,-2.7327597496399587
fundalloc_2026_ETH_s30_b0.0125_c950,2026,component,False,0.525,30,2,6,31.250271611326987,7.766531959081091,4.766840448527369,339.2183538494859
fundalloc_2026_ETH_s30_b0.0125_c950,2026,component,False,0.525,30,3,1,4.214244368842124,6.403870016827473,1.5046014114947415,10.187451112120263
fundalloc_2026_ETH_s30_b0.0125_c950,2026,component,False,0.525,30,3,2,-4.054003545957108,9.781563124699478,-1.3498285610617167,-4.044310479636761
fundalloc_2026_ETH_s30_b0.0125_c950,2026,component,False,0.525,30,3,3,0.0,0.0,,
fundalloc_2026_ETH_s30_b0.0125_c950,2026,component,False,0.525,30,3,4,8.68531762629432,6.124870674731242,3.834913471838332,28.64925673696892
fundalloc_2026_ETH_s30_b0.0125_c950,2026,component,False,0.525,30,3,5,-1.9385490305165676,7.755319072452494,-0.5959933476725324,-2.7327510236618955
fundalloc_2026_ETH_s30_b0.0125_c950,2026,component,False,0.525,30,3,6,31.078759086803686,7.766774738325322,4.741522485820723,333.65067530472993
fundalloc_2026_ETH_s33_b0.0125_c950,2026,component,False,0.525,33,1,1,4.488402129473701,6.40373069074961,1.5970595821687945,11.025807485761096
fundalloc_2026_ETH_s33_b0.0125_c950,2026,component,False,0.525,33,1,2,-3.80189898398956,9.781362242832692,-1.2547438748664266,-3.8439305504014483
fundalloc_2026_ETH_s33_b0.0125_c950,2026,component,False,0.525,33,1,3,0.0,0.0,,
fundalloc_2026_ETH_s33_b0.0125_c950,2026,component,False,0.525,33,1,4,8.970839606291836,6.124236041305798,3.942418922739958,30.111199209475632
fundalloc_2026_ETH_s33_b0.0125_c950,2026,component,False,0.525,33,1,5,-1.938357878932928,7.754576548125247,-0.5960087447418231,-2.732771668687761
fundalloc_2026_ETH_s33_b0.0125_c950,2026,component,False,0.525,33,1,6,31.421363624659282,7.766200333860951,4.792048442710065,344.8580881785584
fundalloc_2026_ETH_s33_b0.0125_c950,2026,component,False,0.525,33,2,1,4.350668231368426,6.403075032266992,1.5507154064313629,10.602749810852037
fundalloc_2026_ETH_s33_b0.0125_c950,2026,component,False,0.525,33,2,2,-3.9275390787121056,9.780416900663468,-1.302445355142381,-3.9449498112463806
fundalloc_2026_ETH_s33_b0.0125_c950,2026,component,False,0.525,33,2,3,0.0,0.0,,
fundalloc_2026_ETH_s33_b0.0125_c950,2026,component,False,0.525,33,2,4,8.828006226733676,6.124602434368431,3.8892318171040214,29.374242304889243
fundalloc_2026_ETH_s33_b0.0125_c950,2026,component,False,0.525,33,2,5,-1.9384682367547645,7.755005231293688,-0.5959998555341349,-2.7327597496399587
fundalloc_2026_ETH_s33_b0.0125_c950,2026,component,False,0.525,33,2,6,31.250271611326987,7.766531959081091,4.766840448527369,339.2183538494859
fundalloc_2026_ETH_s33_b0.0125_c950,2026,component,False,0.525,33,3,1,4.214244368842124,6.403870016827473,1.5046014114947415,10.187451112120263
fundalloc_2026_ETH_s33_b0.0125_c950,2026,component,False,0.525,33,3,2,-4.054003545957108,9.781563124699478,-1.3498285610617167,-4.044310479636761
fundalloc_2026_ETH_s33_b0.0125_c950,2026,component,False,0.525,33,3,3,0.0,0.0,,
fundalloc_2026_ETH_s33_b0.0125_c950,2026,component,False,0.525,33,3,4,8.68531762629432,6.124870674731242,3.834913471838332,28.64925673696892
fundalloc_2026_ETH_s33_b0.0125_c950,2026,component,False,0.525,33,3,5,-1.9385490305165676,7.755319072452494,-0.5959933476725324,-2.7327510236618955
fundalloc_2026_ETH_s33_b0.0125_c950,2026,component,False,0.525,33,3,6,31.078759086803686,7.766774738325322,4.741522485820723,333.65067530472993
fundalloc_2026_ETH_s35_b0.0125_c950,2026,component,False,0.525,35,1,1,4.488402129473701,6.40373069074961,1.5970595821687945,11.025807485761096
fundalloc_2026_ETH_s35_b0.0125_c950,2026,component,False,0.525,35,1,2,-3.80189898398956,9.781362242832692,-1.2547438748664266,-3.8439305504014483
fundalloc_2026_ETH_s35_b0.0125_c950,2026,component,False,0.525,35,1,3,0.0,0.0,,
fundalloc_2026_ETH_s35_b0.0125_c950,2026,component,False,0.525,35,1,4,7.724278954053809,6.124265347062552,3.4431043300581825,24.044857506809898
fundalloc_2026_ETH_s35_b0.0125_c950,2026,component,False,0.525,35,1,5,-1.938366705868888,7.7546108362668065,-0.5960080337417979,-2.732770715343958
fundalloc_2026_ETH_s35_b0.0125_c950,2026,component,False,0.525,35,1,6,31.42150954032359,7.766226859147974,4.792049079050609,344.8617428006909
fundalloc_2026_ETH_s35_b0.0125_c950,2026,component,False,0.525,35,2,1,4.350668231368426,6.403075032266992,1.5507154064313629,10.602749810852037
fundalloc_2026_ETH_s35_b0.0125_c950,2026,component,False,0.525,35,2,2,-3.9275390787121056,9.780416900663468,-1.302445355142381,-3.9449498112463806
fundalloc_2026_ETH_s35_b0.0125_c950,2026,component,False,0.525,35,2,3,0.0,0.0,,
fundalloc_2026_ETH_s35_b0.0125_c950,2026,component,False,0.525,35,2,4,7.582469109755774,6.124378802902708,3.3828230220957214,23.402520671350413
fundalloc_2026_ETH_s35_b0.0125_c950,2026,component,False,0.525,35,2,5,-1.9384008788920104,7.754743580937062,-0.5960052811414143,-2.7327670245270297
fundalloc_2026_ETH_s35_b0.0125_c950,2026,component,False,0.525,35,2,6,31.24916426253883,7.7663295498469616,4.766835432411368,339.1910532554106
fundalloc_2026_ETH_s35_b0.0125_c950,2026,component,False,0.525,35,3,1,4.214244368842124,6.403870016827473,1.5046014114947415,10.187451112120263
fundalloc_2026_ETH_s35_b0.0125_c950,2026,component,False,0.525,35,3,2,-4.054003545957108,9.781563124699478,-1.3498285610617167,-4.044310479636761
fundalloc_2026_ETH_s35_b0.0125_c950,2026,component,False,0.525,35,3,3,0.0,0.0,,
fundalloc_2026_ETH_s35_b0.0125_c950,2026,component,False,0.525,35,3,4,7.44083174440251,6.1243901581623295,3.321792500243587,22.77072972493495
fundalloc_2026_ETH_s35_b0.0125_c950,2026,component,False,0.525,35,3,5,-1.9384042991052453,7.754756866704071,-0.5960050056468355,-2.7327666551313
fundalloc_2026_ETH_s35_b0.0125_c950,2026,component,False,0.525,35,3,6,31.07692267329696,7.766339827614422,4.7415891702617445,333.6102937718217
fundalloc_2025_btc0.475_ethS30_b0.0125,2025,combination,True,0.475,30,1,1,0.0,0.0,,
fundalloc_2025_btc0.475_ethS30_b0.0125,2025,combination,True,0.475,30,1,2,31.490749644329984,6.7857918894180465,5.922749272762077,397.32075376879243
fundalloc_2025_btc0.475_ethS30_b0.0125,2025,combination,True,0.475,30,1,3,1.1491558144487213,11.304571707865696,0.5266318614623451,1.3193185591104293
fundalloc_2025_btc0.475_ethS30_b0.0125,2025,combination,True,0.475,30,1,4,9.698346522436442,11.755808598211459,3.734499397827574,17.72659862762524
fundalloc_2025_btc0.475_ethS30_b0.0125,2025,combination,True,0.475,30,1,5,27.018701924271717,11.791816724203773,6.147554767775452,147.16720379137865
fundalloc_2025_btc0.475_ethS30_b0.0125,2025,combination,True,0.475,30,1,6,0.6089012915626579,10.540109587702961,0.3948166182885901,0.7272627685246064
fundalloc_2025_btc0.475_ethS30_b0.0125,2025,combination,True,0.475,30,2,1,0.0,0.0,,
fundalloc_2025_btc0.475_ethS30_b0.0125,2025,combination,True,0.475,30,2,2,31.320315022200006,6.786040146731242,5.898399150804842,390.8550919319698
fundalloc_2025_btc0.475_ethS30_b0.0125,2025,combination,True,0.475,30,2,3,1.1494672623537427,11.305719441529439,0.5267085087512748,1.3195654081554375
fundalloc_2025_btc0.475_ethS30_b0.0125,2025,combination,True,0.475,30,2,4,9.40931197464836,11.987816060034785,3.6296451812061785,16.570875346738138
fundalloc_2025_btc0.475_ethS30_b0.0125,2025,combination,True,0.475,30,2,5,27.01764464538956,11.791348666812173,6.147568726822226,147.15728279884695
fundalloc_2025_btc0.475_ethS30_b0.0125,2025,combination,True,0.475,30,2,6,0.3966369920970658,10.539737600427246,0.34761982500968214,0.4681396114291693
fundalloc_2025_btc0.475_ethS30_b0.0125,2025,combination,True,0.475,30,3,1,0.0,0.0,,
fundalloc_2025_btc0.475_ethS30_b0.0125,2025,combination,True,0.475,30,3,2,31.150416605020006,6.786262665614496,5.87394112705808,384.50403687905975
fundalloc_2025_btc0.475_ethS30_b0.0125,2025,combination,True,0.475,30,3,3,1.1497748188946888,11.306827247311723,0.5267844374485883,1.319812123388179
fundalloc_2025_btc0.475_ethS30_b0.0125,2025,combination,True,0.475,30,3,4,9.120981853312404,12.218946728484315,3.524026070055829,15.485181673207641
fundalloc_2025_btc0.475_ethS30_b0.0125,2025,combination,True,0.475,30,3,5,27.016109849679037,11.790700407683374,6.14757830978006,147.1424929254865
fundalloc_2025_btc0.475_ethS30_b0.0125,2025,combination,True,0.475,30,3,6,0.18478850807379654,10.539221486353224,0.30030103690025334,0.21553794727143646
fundalloc_2025_btc0.475_ethS33_b0.0125,2025,combination,True,0.475,33,1,1,0.0,0.0,,
fundalloc_2025_btc0.475_ethS33_b0.0125,2025,combination,True,0.475,33,1,2,30.036445821829982,6.757640749489102,5.709595145004751,346.6091671310883
fundalloc_2025_btc0.475_ethS33_b0.0125,2025,combination,True,0.475,33,1,3,1.1565512156958002,11.293381712946415,0.5288318439422334,1.3296810107151176
fundalloc_2025_btc0.475_ethS33_b0.0125,2025,combination,True,0.475,33,1,4,9.642376261870723,11.731761329449009,3.7255940908605383,17.60021802509186
fundalloc_2025_btc0.475_ethS33_b0.0125,2025,combination,True,0.475,33,1,5,26.80965954978012,11.754837881282597,6.131177945295628,144.5323337729918
fundalloc_2025_btc0.475_ethS33_b0.0125,2025,combination,True,0.475,33,1,6,0.5828421932675187,10.509078904663681,0.3883831666873087,0.6971714396656221
fundalloc_2025_btc0.475_ethS33_b0.0125,2025,combination,True,0.475,33,2,1,0.0,0.0,,
fundalloc_2025_btc0.475_ethS33_b0.0125,2025,combination,True,0.475,33,2,2,29.871109214099988,6.758476399201352,5.683043257427984,341.0157358905193
fundalloc_2025_btc0.475_ethS33_b0.0125,2025,combination,True,0.475,33,2,3,1.1568779531428763,11.295235141387195,0.5289056386505979,1.3298629987924593
fundalloc_2025_btc0.475_ethS33_b0.0125,2025,combination,True,0.475,33,2,4,9.354207373249235,11.964388413316062,3.620481986614169,16.45079337383133
fundalloc_2025_btc0.475_ethS33_b0.0125,2025,combination,True,0.475,33,2,5,26.810593935866468,11.754890213627778,6.131290502093824,144.54541066493283
fundalloc_2025_btc0.475_ethS33_b0.0125,2025,combination,True,0.475,33,2,6,0.3697114200361895,10.509131174606857,0.34072102861396936,0.4369705472647842
fundalloc_2025_btc0.475_ethS33_b0.0125,2025,combination,True,0.475,33,3,1,0.0,0.0,,
fundalloc_2025_btc0.475_ethS33_b0.0125,2025,combination,True,0.475,33,3,2,29.70262797201999,6.758595109064247,5.656483539715742,335.4342915640964
fundalloc_2025_btc0.475_ethS33_b0.0125,2025,combination,True,0.475,33,3,3,1.1571860096187159,11.296227169321627,0.5289828352379725,1.330123486059283
fundalloc_2025_btc0.475_ethS33_b0.0125,2025,combination,True,0.475,33,3,4,9.065041043678246,12.195520344123034,3.51433984440871,15.367435910812535
fundalloc_2025_btc0.475_ethS33_b0.0125,2025,combination,True,0.475,33,3,5,26.807328056842337,11.753752025490538,6.131225609745998,144.5114526293963
fundalloc_2025_btc0.475_ethS33_b0.0125,2025,combination,True,0.475,33,3,6,0.15672703956239875,10.508216533546532,0.2928540687721442,0.1830587156111576
fundalloc_2025_btc0.475_ethS35_b0.0125,2025,combination,True,0.475,35,1,1,0.0,0.0,,
fundalloc_2025_btc0.475_ethS35_b0.0125,2025,combination,True,0.475,35,1,2,30.036445821829982,6.757640749489102,5.709595145004751,346.6091671310883
fundalloc_2025_btc0.475_ethS35_b0.0125,2025,combination,True,0.475,35,1,3,1.1565512156958002,11.293381712946415,0.5288318439422334,1.3296810107151176
fundalloc_2025_btc0.475_ethS35_b0.0125,2025,combination,True,0.475,35,1,4,9.642376261870723,11.731761329449009,3.7255940908605383,17.60021802509186
fundalloc_2025_btc0.475_ethS35_b0.0125,2025,combination,True,0.475,35,1,5,26.80965954978012,11.754837881282597,6.131177945295628,144.5323337729918
fundalloc_2025_btc0.475_ethS35_b0.0125,2025,combination,True,0.475,35,1,6,0.5828421932675187,10.509078904663681,0.3883831666873087,0.6971714396656221
fundalloc_2025_btc0.475_ethS35_b0.0125,2025,combination,True,0.475,35,2,1,0.0,0.0,,
fundalloc_2025_btc0.475_ethS35_b0.0125,2025,combination,True,0.475,35,2,2,29.871109214099988,6.758476399201352,5.683043257427984,341.0157358905193
fundalloc_2025_btc0.475_ethS35_b0.0125,2025,combination,True,0.475,35,2,3,1.1568779531428763,11.295235141387195,0.5289056386505979,1.3298629987924593
fundalloc_2025_btc0.475_ethS35_b0.0125,2025,combination,True,0.475,35,2,4,9.354207373249235,11.964388413316062,3.620481986614169,16.45079337383133
fundalloc_2025_btc0.475_ethS35_b0.0125,2025,combination,True,0.475,35,2,5,26.810593935866468,11.754890213627778,6.131290502093824,144.54541066493283
fundalloc_2025_btc0.475_ethS35_b0.0125,2025,combination,True,0.475,35,2,6,0.3697114200361895,10.509131174606857,0.34072102861396936,0.4369705472647842
fundalloc_2025_btc0.475_ethS35_b0.0125,2025,combination,True,0.475,35,3,1,0.0,0.0,,
fundalloc_2025_btc0.475_ethS35_b0.0125,2025,combination,True,0.475,35,3,2,29.70262797201999,6.758595109064247,5.656483539715742,335.4342915640964
fundalloc_2025_btc0.475_ethS35_b0.0125,2025,combination,True,0.475,35,3,3,1.1571860096187159,11.296227169321627,0.5289828352379725,1.330123486059283
fundalloc_2025_btc0.475_ethS35_b0.0125,2025,combination,True,0.475,35,3,4,9.065041043678246,12.195520344123034,3.51433984440871,15.367435910812535
fundalloc_2025_btc0.475_ethS35_b0.0125,2025,combination,True,0.475,35,3,5,26.807328056842337,11.753752025490538,6.131225609745998,144.5114526293963
fundalloc_2025_btc0.475_ethS35_b0.0125,2025,combination,True,0.475,35,3,6,0.15672703956239875,10.508216533546532,0.2928540687721442,0.1830587156111576
fundalloc_2025_btc0.5_ethS30_b0.0125,2025,combination,True,0.5,30,1,1,0.0,0.0,,
fundalloc_2025_btc0.5_ethS30_b0.0125,2025,combination,True,0.5,30,1,2,30.84690826280003,6.640737724273116,5.960194693966758,381.5899473974848
fundalloc_2025_btc0.5_ethS30_b0.0125,2025,combination,True,0.5,30,1,3,1.1874188092235505,11.247551153261481,0.53816109685986,1.3731287861800434
fundalloc_2025_btc0.5_ethS30_b0.0125,2025,combination,True,0.5,30,1,4,9.405173789048483,11.631542378228744,3.686555328649866,17.066627640768957
fundalloc_2025_btc0.5_ethS30_b0.0125,2025,combination,True,0.5,30,1,5,25.933982359160645,11.597478046251686,6.06088826301674,133.95204022807434
fundalloc_2025_btc0.5_ethS30_b0.0125,2025,combination,True,0.5,30,1,6,0.4739946966457742,10.376633136609314,0.360835499184883,0.5707086332473965
fundalloc_2025_btc0.5_ethS30_b0.0125,2025,combination,True,0.5,30,2,1,0.0,0.0,,
fundalloc_2025_btc0.5_ethS30_b0.0125,2025,combination,True,0.5,30,2,2,30.680642705350003,6.6414666903363395,5.935768335569749,375.4598521961412
fundalloc_2025_btc0.5_ethS30_b0.0125,2025,combination,True,0.5,30,2,3,1.1877910169908024,11.249409874864202,0.5382465664648659,1.3733611914316337
fundalloc_2025_btc0.5_ethS30_b0.0125,2025,combination,True,0.5,30,2,4,9.119129093140765,11.864633427647576,3.580368285087122,15.942580275148336
fundalloc_2025_btc0.5_ethS30_b0.0125,2025,combination,True,0.5,30,2,5,25.936443953153045,11.598397225797418,6.0609246521778495,133.97533230278017
fundalloc_2025_btc0.5_ethS30_b0.0125,2025,combination,True,0.5,30,2,6,0.25643231657883625,10.377373216684571,0.3109391616542675,0.3049891708969915
fundalloc_2025_btc0.5_ethS30_b0.0125,2025,combination,True,0.5,30,3,1,0.0,0.0,,
fundalloc_2025_btc0.5_ethS30_b0.0125,2025,combination,True,0.5,30,3,2,30.510479776970012,6.641514963287487,5.911152671473902,369.31516478233294
fundalloc_2025_btc0.5_ethS30_b0.0125,2025,combination,True,0.5,30,3,3,1.1881523787591108,11.25047145270931,0.5383383228608445,1.373677480749802
fundalloc_2025_btc0.5_ethS30_b0.0125,2025,combination,True,0.5,30,3,4,8.832124141470166,12.096320796427996,3.473142870192258,14.883405184407092
fundalloc_2025_btc0.5_ethS30_b0.0125,2025,combination,True,0.5,30,3,5,25.934851734231025,11.598179658718966,6.060769009041403,133.955911829899
fundalloc_2025_btc0.5_ethS30_b0.0125,2025,combination,True,0.5,30,3,6,0.03881583436551317,10.377184228676784,0.26076972263542963,0.04560814801259847
fundalloc_2025_btc0.5_ethS33_b0.0125,2025,combination,True,0.5,33,1,1,0.0,0.0,,
fundalloc_2025_btc0.5_ethS33_b0.0125,2025,combination,True,0.5,33,1,2,29.46385819530002,6.612534722560836,5.751968362957062,334.90779913598345
fundalloc_2025_btc0.5_ethS33_b0.0125,2025,combination,True,0.5,33,1,3,1.1949091596408001,11.236664320782698,0.5404598428805493,1.383715988155872
fundalloc_2025_btc0.5_ethS33_b0.0125,2025,combination,True,0.5,33,1,4,9.350030502824325,11.607867593365917,3.677191747368373,16.944177809625682
fundalloc_2025_btc0.5_ethS33_b0.0125,2025,combination,True,0.5,33,1,5,25.725160937817513,11.560520761809002,6.043301945718927,131.5212578595457
fundalloc_2025_btc0.5_ethS33_b0.0125,2025,combination,True,0.5,33,1,6,0.44732518240815367,10.345346499563702,0.3539404906418182,0.5394181024325927
fundalloc_2025_btc0.5_ethS33_b0.0125,2025,combination,True,0.5,33,2,1,0.0,0.0,,
fundalloc_2025_btc0.5_ethS33_b0.0125,2025,combination,True,0.5,33,2,2,29.298558402649988,6.613188483595311,5.725410615717465,329.476294326178
fundalloc_2025_btc0.5_ethS33_b0.0125,2025,combination,True,0.5,33,2,3,1.1952860527548959,11.238451190702026,0.5405472600637657,1.3839618878161386
fundalloc_2025_btc0.5_ethS33_b0.0125,2025,combination,True,0.5,33,2,4,9.061313726937481,11.840443431539516,3.5701557487190674,15.81819085324876
fundalloc_2025_btc0.5_ethS33_b0.0125,2025,combination,True,0.5,33,2,5,25.721593384589013,11.559712108089059,6.04306173248492,131.48207001108696
fundalloc_2025_btc0.5_ethS33_b0.0125,2025,combination,True,0.5,33,2,6,0.22829073731420735,10.344675194934316,0.30335942163673885,0.2719481978419762
fundalloc_2025_btc0.5_ethS33_b0.0125,2025,combination,True,0.5,33,3,1,0.0,0.0,,
fundalloc_2025_btc0.5_ethS33_b0.0125,2025,combination,True,0.5,33,3,2,29.130100125619983,6.613116791770057,5.698829287160651,324.05697986629434
fundalloc_2025_btc0.5_ethS33_b0.0125,2025,combination,True,0.5,33,3,3,1.1956453750891605,11.23937213901648,0.5406401807682284,1.3842926529261024
fundalloc_2025_btc0.5_ethS33_b0.0125,2025,combination,True,0.5,33,3,4,8.775821192322653,12.072293490742647,3.462893932287685,14.76744353481043
fundalloc_2025_btc0.5_ethS33_b0.0125,2025,combination,True,0.5,33,3,5,25.72265589323093,11.56026456439221,6.043023585114008,131.4901955795263
fundalloc_2025_btc0.5_ethS33_b0.0125,2025,combination,True,0.5,33,3,6,0.009788915891517647,10.34511478534198,0.2526780668844273,0.0115188273655852
fundalloc_2025_btc0.5_ethS35_b0.0125,2025,combination,True,0.5,35,1,1,0.0,0.0,,
fundalloc_2025_btc0.5_ethS35_b0.0125,2025,combination,True,0.5,35,1,2,29.46385819530002,6.612534722560836,5.751968362957062,334.90779913598345
fundalloc_2025_btc0.5_ethS35_b0.0125,2025,combination,True,0.5,35,1,3,1.1949091596408001,11.236664320782698,0.5404598428805493,1.383715988155872
fundalloc_2025_btc0.5_ethS35_b0.0125,2025,combination,True,0.5,35,1,4,9.350030502824325,11.607867593365917,3.677191747368373,16.944177809625682
fundalloc_2025_btc0.5_ethS35_b0.0125,2025,combination,True,0.5,35,1,5,25.725160937817513,11.560520761809002,6.043301945718927,131.5212578595457
fundalloc_2025_btc0.5_ethS35_b0.0125,2025,combination,True,0.5,35,1,6,0.44732518240815367,10.345346499563702,0.3539404906418182,0.5394181024325927
fundalloc_2025_btc0.5_ethS35_b0.0125,2025,combination,True,0.5,35,2,1,0.0,0.0,,
fundalloc_2025_btc0.5_ethS35_b0.0125,2025,combination,True,0.5,35,2,2,29.298558402649988,6.613188483595311,5.725410615717465,329.476294326178
fundalloc_2025_btc0.5_ethS35_b0.0125,2025,combination,True,0.5,35,2,3,1.1952860527548959,11.238451190702026,0.5405472600637657,1.3839618878161386
fundalloc_2025_btc0.5_ethS35_b0.0125,2025,combination,True,0.5,35,2,4,9.061313726937481,11.840443431539516,3.5701557487190674,15.81819085324876
fundalloc_2025_btc0.5_ethS35_b0.0125,2025,combination,True,0.5,35,2,5,25.721593384589013,11.559712108089059,6.04306173248492,131.48207001108696
fundalloc_2025_btc0.5_ethS35_b0.0125,2025,combination,True,0.5,35,2,6,0.22829073731420735,10.344675194934316,0.30335942163673885,0.2719481978419762
fundalloc_2025_btc0.5_ethS35_b0.0125,2025,combination,True,0.5,35,3,1,0.0,0.0,,
fundalloc_2025_btc0.5_ethS35_b0.0125,2025,combination,True,0.5,35,3,2,29.130100125619983,6.613116791770057,5.698829287160651,324.05697986629434
fundalloc_2025_btc0.5_ethS35_b0.0125,2025,combination,True,0.5,35,3,3,1.1956453750891605,11.23937213901648,0.5406401807682284,1.3842926529261024
fundalloc_2025_btc0.5_ethS35_b0.0125,2025,combination,True,0.5,35,3,4,8.775821192322653,12.072293490742647,3.462893932287685,14.76744353481043
fundalloc_2025_btc0.5_ethS35_b0.0125,2025,combination,True,0.5,35,3,5,25.72265589323093,11.56026456439221,6.043023585114008,131.4901955795263
fundalloc_2025_btc0.5_ethS35_b0.0125,2025,combination,True,0.5,35,3,6,0.009788915891517647,10.34511478534198,0.2526780668844273,0.0115188273655852
fundalloc_2025_btc0.525_ethS30_b0.0125,2025,combination,False,0.525,30,1,1,0.0,0.0,,
fundalloc_2025_btc0.525_ethS30_b0.0125,2025,combination,False,0.525,30,1,2,30.21482005602998,6.495351159230001,5.997565992006991,366.9291254114671
fundalloc_2025_btc0.525_ethS30_b0.0125,2025,combination,False,0.525,30,1,3,1.2268078774079871,11.193797326565115,0.5503630361032131,1.428673535194476
fundalloc_2025_btc0.525_ethS30_b0.0125,2025,combination,False,0.525,30,1,4,9.111455647337419,11.50968991351844,3.634867722358752,16.412742278347785
fundalloc_2025_btc0.525_ethS30_b0.0125,2025,combination,False,0.525,30,1,5,24.83564405305245,11.400861314247079,5.966325927019866,121.60004794459282
fundalloc_2025_btc0.525_ethS30_b0.0125,2025,combination,False,0.525,30,1,6,0.3333784193551459,10.209748122087724,0.3237043920273871,0.40475655147490497
fundalloc_2025_btc0.525_ethS30_b0.0125,2025,combination,False,0.525,30,2,1,0.0,0.0,,
fundalloc_2025_btc0.525_ethS30_b0.0125,2025,combination,False,0.525,30,2,2,30.040675580060004,6.495040656242079,5.9727671259205595,360.77171160960523
fundalloc_2025_btc0.525_ethS30_b0.0125,2025,combination,False,0.525,30,2,3,1.2264945817034523,11.192574411780887,0.5502876262538378,1.4284394025605451
fundalloc_2025_btc0.525_ethS30_b0.0125,2025,combination,False,0.525,30,2,4,8.82725207564472,11.740742197107167,3.5276484272305275,15.321174286018467
fundalloc_2025_btc0.525_ethS30_b0.0125,2025,combination,False,0.525,30,2,5,24.834704697955303,11.401374562209032,5.965997573538554,121.58263938002655
fundalloc_2025_btc0.525_ethS30_b0.0125,2025,combination,False,0.525,30,2,6,0.10949379243316848,10.210130415666773,0.27059955025665877,0.13127637314471308
fundalloc_2025_btc0.525_ethS30_b0.0125,2025,combination,False,0.525,30,3,1,0.0,0.0,,
fundalloc_2025_btc0.525_ethS30_b0.0125,2025,combination,False,0.525,30,3,2,29.866585360739982,6.494726732007217,5.9477065394445985,354.7074340112211
fundalloc_2025_btc0.525_ethS30_b0.0125,2025,combination,False,0.525,30,3,3,1.226179933488436,11.191343854764158,0.5502119134202279,1.428204522781752
fundalloc_2025_btc0.525_ethS30_b0.0125,2025,combination,False,0.525,30,3,4,8.54250688924736,11.970800265082804,3.419518958037133,14.2932153342892
fundalloc_2025_btc0.525_ethS30_b0.0125,2025,combination,False,0.525,30,3,5,24.838444949767524,11.401074638206632,5.966679558812025,121.63336519684124
fundalloc_2025_btc0.525_ethS30_b0.0125,2025,combination,False,0.525,30,3,6,-0.11201831400446949,10.209953397621918,0.21780842094855196,-0.13265464729618245
fundalloc_2025_btc0.525_ethS33_b0.0125,2025,combination,False,0.525,33,1,1,0.0,0.0,,
fundalloc_2025_btc0.525_ethS33_b0.0125,2025,combination,False,0.525,33,1,2,28.89917180002999,6.466560074008165,5.794652184923358,323.92909894353403
fundalloc_2025_btc0.525_ethS33_b0.0125,2025,combination,False,0.525,33,1,3,1.2343515072915645,11.182496254447926,0.5527584874268168,1.4395260116034654
fundalloc_2025_btc0.525_ethS33_b0.0125,2025,combination,False,0.525,33,1,4,9.05401713871119,11.485177841295346,3.624524298189216,16.287133578048998
fundalloc_2025_btc0.525_ethS33_b0.0125,2025,combination,False,0.525,33,1,5,24.619815081251684,11.361780125924536,5.947051416187737,119.29292963675836
fundalloc_2025_btc0.525_ethS33_b0.0125,2025,combination,False,0.525,33,1,6,0.30558628620454,10.17643210354031,0.31613370862286516,0.3716492755779831
fundalloc_2025_btc0.525_ethS33_b0.0125,2025,combination,False,0.525,33,2,1,0.0,0.0,,
fundalloc_2025_btc0.525_ethS33_b0.0125,2025,combination,False,0.525,33,2,2,28.726275105159992,6.46614752016964,5.767834872086039,318.45196244689276
fundalloc_2025_btc0.525_ethS33_b0.0125,2025,combination,False,0.525,33,2,3,1.234033252886646,11.181144897927176,0.5526835863640832,1.4393028499987137
fundalloc_2025_btc0.525_ethS33_b0.0125,2025,combination,False,0.525,33,2,4,8.771418192152701,11.716421489446127,3.517292927031308,15.204292367106213
fundalloc_2025_btc0.525_ethS33_b0.0125,2025,combination,False,0.525,33,2,5,24.62170822340486,11.36313452090134,5.946857305930054,119.3023854813778
fundalloc_2025_btc0.525_ethS33_b0.0125,2025,combination,False,0.525,33,2,6,0.08079016918933757,10.177505576134616,0.2624711919880601,0.09701719889172618
fundalloc_2025_btc0.525_ethS33_b0.0125,2025,combination,False,0.525,33,3,1,0.0,0.0,,
fundalloc_2025_btc0.525_ethS33_b0.0125,2025,combination,False,0.525,33,3,2,28.553441071740004,6.465730848375495,5.740771287326524,313.05812240342584
fundalloc_2025_btc0.525_ethS33_b0.0125,2025,combination,False,0.525,33,3,3,1.2337135410595002,11.179784821294781,0.5526083673370357,1.4390789520418708
fundalloc_2025_btc0.525_ethS33_b0.0125,2025,combination,False,0.525,33,3,4,8.486137230478219,11.946283176396467,3.408722468018678,14.179575017303351
fundalloc_2025_btc0.525_ethS33_b0.0125,2025,combination,False,0.525,33,3,5,24.623844476128063,11.362360609158362,5.947467634059976,119.33723285338843
fundalloc_2025_btc0.525_ethS33_b0.0125,2025,combination,False,0.525,33,3,6,-0.14191137028203293,10.176939503378545,0.20902484924829298,-0.16831911918859632
fundalloc_2025_btc0.525_ethS35_b0.0125,2025,combination,False,0.525,35,1,1,0.0,0.0,,
fundalloc_2025_btc0.525_ethS35_b0.0125,2025,combination,False,0.525,35,1,2,28.89917180002999,6.466560074008165,5.794652184923358,323.92909894353403
fundalloc_2025_btc0.525_ethS35_b0.0125,2025,combination,False,0.525,35,1,3,1.2343515072915645,11.182496254447926,0.5527584874268168,1.4395260116034654
fundalloc_2025_btc0.525_ethS35_b0.0125,2025,combination,False,0.525,35,1,4,9.05401713871119,11.485177841295346,3.624524298189216,16.287133578048998
fundalloc_2025_btc0.525_ethS35_b0.0125,2025,combination,False,0.525,35,1,5,24.619815081251684,11.361780125924536,5.947051416187737,119.29292963675836
fundalloc_2025_btc0.525_ethS35_b0.0125,2025,combination,False,0.525,35,1,6,0.30558628620454,10.17643210354031,0.31613370862286516,0.3716492755779831
fundalloc_2025_btc0.525_ethS35_b0.0125,2025,combination,False,0.525,35,2,1,0.0,0.0,,
fundalloc_2025_btc0.525_ethS35_b0.0125,2025,combination,False,0.525,35,2,2,28.726275105159992,6.46614752016964,5.767834872086039,318.45196244689276
fundalloc_2025_btc0.525_ethS35_b0.0125,2025,combination,False,0.525,35,2,3,1.234033252886646,11.181144897927176,0.5526835863640832,1.4393028499987137
fundalloc_2025_btc0.525_ethS35_b0.0125,2025,combination,False,0.525,35,2,4,8.771418192152701,11.716421489446127,3.517292927031308,15.204292367106213
fundalloc_2025_btc0.525_ethS35_b0.0125,2025,combination,False,0.525,35,2,5,24.62170822340486,11.36313452090134,5.946857305930054,119.3023854813778
fundalloc_2025_btc0.525_ethS35_b0.0125,2025,combination,False,0.525,35,2,6,0.08079016918933757,10.177505576134616,0.2624711919880601,0.09701719889172618
fundalloc_2025_btc0.525_ethS35_b0.0125,2025,combination,False,0.525,35,3,1,0.0,0.0,,
fundalloc_2025_btc0.525_ethS35_b0.0125,2025,combination,False,0.525,35,3,2,28.553441071740004,6.465730848375495,5.740771287326524,313.05812240342584
fundalloc_2025_btc0.525_ethS35_b0.0125,2025,combination,False,0.525,35,3,3,1.2337135410595002,11.179784821294781,0.5526083673370357,1.4390789520418708
fundalloc_2025_btc0.525_ethS35_b0.0125,2025,combination,False,0.525,35,3,4,8.486137230478219,11.946283176396467,3.408722468018678,14.179575017303351
fundalloc_2025_btc0.525_ethS35_b0.0125,2025,combination,False,0.525,35,3,5,24.623844476128063,11.362360609158362,5.947467634059976,119.33723285338843
fundalloc_2025_btc0.525_ethS35_b0.0125,2025,combination,False,0.525,35,3,6,-0.14191137028203293,10.176939503378545,0.20902484924829298,-0.16831911918859632
fundalloc_2026_btc0.475_ethS30_b0.0125,2026,combination,True,0.475,30,1,1,4.374910109010011,5.325843921372431,1.8395557692939561,12.836529627290824
fundalloc_2026_btc0.475_ethS30_b0.0125,2026,combination,True,0.475,30,1,2,-0.05630164216536837,7.167733791016174,0.12665170236852683,-0.0952677823299211
fundalloc_2026_btc0.475_ethS30_b0.0125,2026,combination,True,0.475,30,1,3,-1.7488439630634622,1.984973489622932,-4.077779331368664,-9.73227730712451
fundalloc_2026_btc0.475_ethS30_b0.0125,2026,combination,True,0.475,30,1,4,5.094818926563138,5.114135775058026,2.7014161665234657,16.239535843277412
fundalloc_2026_btc0.475_ethS30_b0.0125,2026,combination,True,0.475,30,1,5,-2.283623144094482,6.476802697938744,-0.9382093968497768,-3.7830202485989233
fundalloc_2026_btc0.475_ethS30_b0.0125,2026,combination,True,0.475,30,1,6,26.927869795296488,6.538133919545331,5.089898775406743,262.98997890378456
fundalloc_2026_btc0.475_ethS30_b0.0125,2026,combination,True,0.475,30,2,1,4.237801070160008,5.325526850684148,1.7819552022708407,12.33570379391127
fundalloc_2026_btc0.475_ethS30_b0.0125,2026,combination,True,0.475,30,2,2,-0.12300138921166326,7.167334848750473,0.10009739819835398,-0.20736887662252812
fundalloc_2026_btc0.475_ethS30_b0.0125,2026,combination,True,0.475,30,2,3,-1.8119657710899961,2.048052728007066,-4.2207781128137425,-9.739351360696478
fundalloc_2026_btc0.475_ethS30_b0.0125,2026,combination,True,0.475,30,2,4,4.956735558283398,5.173022707845398,2.6283824871851706,15.493139165713234
fundalloc_2026_btc0.475_ethS30_b0.0125,2026,combination,True,0.475,30,2,5,-2.283623577507743,6.476645010797877,-0.9382373700616132,-3.783112983008211
fundalloc_2026_btc0.475_ethS30_b0.0125,2026,combination,True,0.475,30,2,6,26.760623284293715,6.537989039786185,5.058590385623535,258.5670852972199
fundalloc_2026_btc0.475_ethS30_b0.0125,2026,combination,True,0.475,30,3,1,4.101717750900025,5.325984752018298,1.7246350974920306,11.844079647767396
fundalloc_2026_btc0.475_ethS30_b0.0125,2026,combination,True,0.475,30,3,2,-0.18773835184705545,7.167904753028431,0.07431701264315672,-0.31534445677313805
fundalloc_2026_btc0.475_ethS30_b0.0125,2026,combination,True,0.475,30,3,3,-1.876494147883656,2.112707277199921,-4.355699648887594,-9.743164489627237
fundalloc_2026_btc0.475_ethS30_b0.0125,2026,combination,True,0.475,30,3,4,4.819567386857648,5.232236024005221,2.5554082454053217,14.774319592389247
fundalloc_2026_btc0.475_ethS30_b0.0125,2026,combination,True,0.475,30,3,5,-2.283717730911561,6.476945167206227,-0.9382254680178002,-3.78307431310939
fundalloc_2026_btc0.475_ethS30_b0.0125,2026,combination,True,0.475,30,3,6,26.595353324531157,6.538233686272599,5.027079630675996,254.24482013045335
fundalloc_2026_btc0.475_ethS33_b0.0125,2026,combination,True,0.475,33,1,1,4.374910109010011,5.325843921372431,1.8395557692939561,12.836529627290824
fundalloc_2026_btc0.475_ethS33_b0.0125,2026,combination,True,0.475,33,1,2,-0.05630164216536837,7.167733791016174,0.12665170236852683,-0.0952677823299211
fundalloc_2026_btc0.475_ethS33_b0.0125,2026,combination,True,0.475,33,1,3,-1.7488439630634622,1.984973489622932,-4.077779331368664,-9.73227730712451
fundalloc_2026_btc0.475_ethS33_b0.0125,2026,combination,True,0.475,33,1,4,5.094818926563138,5.114135775058026,2.7014161665234657,16.239535843277412
fundalloc_2026_btc0.475_ethS33_b0.0125,2026,combination,True,0.475,33,1,5,-2.283623144094482,6.476802697938744,-0.9382093968497768,-3.7830202485989233
fundalloc_2026_btc0.475_ethS33_b0.0125,2026,combination,True,0.475,33,1,6,26.927869795296488,6.538133919545331,5.089898775406743,262.98997890378456
fundalloc_2026_btc0.475_ethS33_b0.0125,2026,combination,True,0.475,33,2,1,4.237801070160008,5.325526850684148,1.7819552022708407,12.33570379391127
fundalloc_2026_btc0.475_ethS33_b0.0125,2026,combination,True,0.475,33,2,2,-0.12300138921166326,7.167334848750473,0.10009739819835398,-0.20736887662252812
fundalloc_2026_btc0.475_ethS33_b0.0125,2026,combination,True,0.475,33,2,3,-1.8119657710899961,2.048052728007066,-4.2207781128137425,-9.739351360696478
fundalloc_2026_btc0.475_ethS33_b0.0125,2026,combination,True,0.475,33,2,4,4.956735558283398,5.173022707845398,2.6283824871851706,15.493139165713234
fundalloc_2026_btc0.475_ethS33_b0.0125,2026,combination,True,0.475,33,2,5,-2.283623577507743,6.476645010797877,-0.9382373700616132,-3.783112983008211
fundalloc_2026_btc0.475_ethS33_b0.0125,2026,combination,True,0.475,33,2,6,26.760623284293715,6.537989039786185,5.058590385623535,258.5670852972199
fundalloc_2026_btc0.475_ethS33_b0.0125,2026,combination,True,0.475,33,3,1,4.101717750900025,5.325984752018298,1.7246350974920306,11.844079647767396
fundalloc_2026_btc0.475_ethS33_b0.0125,2026,combination,True,0.475,33,3,2,-0.18773835184705545,7.167904753028431,0.07431701264315672,-0.31534445677313805
fundalloc_2026_btc0.475_ethS33_b0.0125,2026,combination,True,0.475,33,3,3,-1.876494147883656,2.112707277199921,-4.355699648887594,-9.743164489627237
fundalloc_2026_btc0.475_ethS33_b0.0125,2026,combination,True,0.475,33,3,4,4.819567386857648,5.232236024005221,2.5554082454053217,14.774319592389247
fundalloc_2026_btc0.475_ethS33_b0.0125,2026,combination,True,0.475,33,3,5,-2.283717730911561,6.476945167206227,-0.9382254680178002,-3.78307431310939
fundalloc_2026_btc0.475_ethS33_b0.0125,2026,combination,True,0.475,33,3,6,26.595353324531157,6.538233686272599,5.027079630675996,254.24482013045335
fundalloc_2026_btc0.475_ethS35_b0.0125,2026,combination,True,0.475,35,1,1,4.374910109010011,5.325843921372431,1.8395557692939561,12.836529627290824
fundalloc_2026_btc0.475_ethS35_b0.0125,2026,combination,True,0.475,35,1,2,-0.05630164216536837,7.167733791016174,0.12665170236852683,-0.0952677823299211
fundalloc_2026_btc0.475_ethS35_b0.0125,2026,combination,True,0.475,35,1,3,-1.7488439630634622,1.984973489622932,-4.077779331368664,-9.73227730712451
fundalloc_2026_btc0.475_ethS35_b0.0125,2026,combination,True,0.475,35,1,4,4.4526475864213655,5.107811576294063,2.3860687844871666,13.684407853324323
fundalloc_2026_btc0.475_ethS35_b0.0125,2026,combination,True,0.475,35,1,5,-2.2856745983331206,6.468781831863268,-0.9405164672426053,-3.7906917186587124
fundalloc_2026_btc0.475_ethS35_b0.0125,2026,combination,True,0.475,35,1,6,26.898967444658204,6.530097992505979,5.091591343851264,262.54267598249044
fundalloc_2026_btc0.475_ethS35_b0.0125,2026,combination,True,0.475,35,2,1,4.237801070160008,5.325526850684148,1.7819552022708407,12.33570379391127
fundalloc_2026_btc0.475_ethS35_b0.0125,2026,combination,True,0.475,35,2,2,-0.12300138921166326,7.167334848750473,0.10009739819835398,-0.20736887662252812
fundalloc_2026_btc0.475_ethS35_b0.0125,2026,combination,True,0.475,35,2,3,-1.8119657710899961,2.048052728007066,-4.2207781128137425,-9.739351360696478
fundalloc_2026_btc0.475_ethS35_b0.0125,2026,combination,True,0.475,35,2,4,4.315836901807191,5.1674462445497005,2.3120849908733843,13.006356612562413
fundalloc_2026_btc0.475_ethS35_b0.0125,2026,combination,True,0.475,35,2,5,-2.2857927423886704,6.469095213634423,-0.940512577943016,-3.7906797208040364
fundalloc_2026_btc0.475_ethS35_b0.0125,2026,combination,True,0.475,35,2,6,26.733741015701806,6.530347035089812,5.060237690227923,258.1630590949618
fundalloc_2026_btc0.475_ethS35_b0.0125,2026,combination,True,0.475,35,3,1,4.101717750900025,5.325984752018298,1.7246350974920306,11.844079647767396
fundalloc_2026_btc0.475_ethS35_b0.0125,2026,combination,True,0.475,35,3,2,-0.18773835184705545,7.167904753028431,0.07431701264315672,-0.31534445677313805
fundalloc_2026_btc0.475_ethS35_b0.0125,2026,combination,True,0.475,35,3,3,-1.876494147883656,2.112707277199921,-4.355699648887594,-9.743164489627237
fundalloc_2026_btc0.475_ethS35_b0.0125,2026,combination,True,0.475,35,3,4,4.179192449855651,5.226885371588019,2.238198275475548,12.352325686486237
fundalloc_2026_btc0.475_ethS35_b0.0125,2026,combination,True,0.475,35,3,5,-2.2858477757397577,6.469233756532566,-0.9405120779710398,-3.7906784883295397
fundalloc_2026_btc0.475_ethS35_b0.0125,2026,combination,True,0.475,35,3,6,26.567832974456064,6.530456214165248,5.028687267259044,253.8347280753212
fundalloc_2026_btc0.5_ethS30_b0.0125,2026,combination,True,0.5,30,1,1,4.369623335279993,5.275669789758918,1.8551549634547555,12.938949551038741
fundalloc_2026_btc0.5_ethS30_b0.0125,2026,combination,True,0.5,30,1,2,0.14223922028835378,7.10026326470965,0.2048683773670261,0.24567924989874132
fundalloc_2026_btc0.5_ethS30_b0.0125,2026,combination,True,0.5,30,1,3,-1.838174773383272,2.086108790556218,-4.077457114517777,-9.68611981465684
fundalloc_2026_btc0.5_ethS30_b0.0125,2026,combination,True,0.5,30,1,4,4.894520393863799,5.061231972938396,2.621033637221211,15.579493575415238
fundalloc_2026_btc0.5_ethS30_b0.0125,2026,combination,True,0.5,30,1,5,-2.302332604166024,6.479172475403261,-0.9582685793002798,-3.8087521155471693
fundalloc_2026_btc0.5_ethS30_b0.0125,2026,combination,True,0.5,30,1,6,26.687086280713146,6.470101825364294,5.104533526744827,259.3331484719467
fundalloc_2026_btc0.5_ethS30_b0.0125,2026,combination,True,0.5,30,2,1,4.232496708720013,5.275280649891156,1.7968557015470827,12.433758434789464
fundalloc_2026_btc0.5_ethS30_b0.0125,2026,combination,True,0.5,30,2,2,0.07896342493840525,7.099776400795266,0.17974007525860275,0.1359153573106476
fundalloc_2026_btc0.5_ethS30_b0.0125,2026,combination,True,0.5,30,2,3,-1.9046125902302258,2.1525035929388925,-4.2205715615932995,-9.691456221086574
fundalloc_2026_btc0.5_ethS30_b0.0125,2026,combination,True,0.5,30,2,4,4.757190596209138,5.122862722076615,2.547627154771304,14.839997810069773
fundalloc_2026_btc0.5_ethS30_b0.0125,2026,combination,True,0.5,30,2,5,-2.30192353320533,6.478200834496239,-0.9581982721370856,-3.808731042566949
fundalloc_2026_btc0.5_ethS30_b0.0125,2026,combination,True,0.5,30,2,6,26.517948208722885,6.469683169466888,5.0727541806973395,254.91922220459463
fundalloc_2026_btc0.5_ethS30_b0.0125,2026,combination,True,0.5,30,3,1,4.095451216370005,5.274886317415495,1.7386830088842105,11.936179306868391
fundalloc_2026_btc0.5_ethS30_b0.0125,2026,combination,True,0.5,30,3,2,0.015721346474562026,7.0992829589067945,0.15457174037443683,0.026966719084206826
fundalloc_2026_btc0.5_ethS30_b0.0125,2026,combination,True,0.5,30,3,3,-1.9710841267276402,2.21893165923166,-4.3555836630424025,-9.694253264944763
fundalloc_2026_btc0.5_ethS30_b0.0125,2026,combination,True,0.5,30,3,4,4.620352859619925,5.185632800544349,2.4736951283350543,14.124819016759464
fundalloc_2026_btc0.5_ethS30_b0.0125,2026,combination,True,0.5,30,3,5,-2.3022855047675095,6.47913399769079,-0.9582168012825081,-3.808706546096208
fundalloc_2026_btc0.5_ethS30_b0.0125,2026,combination,True,0.5,30,3,6,26.355155255241968,6.470279322504224,5.0409288419914855,250.69364385828106
fundalloc_2026_btc0.5_ethS33_b0.0125,2026,combination,True,0.5,33,1,1,4.369623335279993,5.275669789758918,1.8551549634547555,12.938949551038741
fundalloc_2026_btc0.5_ethS33_b0.0125,2026,combination,True,0.5,33,1,2,0.14223922028835378,7.10026326470965,0.2048683773670261,0.24567924989874132
fundalloc_2026_btc0.5_ethS33_b0.0125,2026,combination,True,0.5,33,1,3,-1.838174773383272,2.086108790556218,-4.077457114517777,-9.68611981465684
fundalloc_2026_btc0.5_ethS33_b0.0125,2026,combination,True,0.5,33,1,4,4.894520393863799,5.061231972938396,2.621033637221211,15.579493575415238
fundalloc_2026_btc0.5_ethS33_b0.0125,2026,combination,True,0.5,33,1,5,-2.302332604166024,6.479172475403261,-0.9582685793002798,-3.8087521155471693
fundalloc_2026_btc0.5_ethS33_b0.0125,2026,combination,True,0.5,33,1,6,26.687086280713146,6.470101825364294,5.104533526744827,259.3331484719467
fundalloc_2026_btc0.5_ethS33_b0.0125,2026,combination,True,0.5,33,2,1,4.232496708720013,5.275280649891156,1.7968557015470827,12.433758434789464
fundalloc_2026_btc0.5_ethS33_b0.0125,2026,combination,True,0.5,33,2,2,0.07896342493840525,7.099776400795266,0.17974007525860275,0.1359153573106476
fundalloc_2026_btc0.5_ethS33_b0.0125,2026,combination,True,0.5,33,2,3,-1.9046125902302258,2.1525035929388925,-4.2205715615932995,-9.691456221086574
fundalloc_2026_btc0.5_ethS33_b0.0125,2026,combination,True,0.5,33,2,4,4.757190596209138,5.122862722076615,2.547627154771304,14.839997810069773
fundalloc_2026_btc0.5_ethS33_b0.0125,2026,combination,True,0.5,33,2,5,-2.30192353320533,6.478200834496239,-0.9581982721370856,-3.808731042566949
fundalloc_2026_btc0.5_ethS33_b0.0125,2026,combination,True,0.5,33,2,6,26.517948208722885,6.469683169466888,5.0727541806973395,254.91922220459463
fundalloc_2026_btc0.5_ethS33_b0.0125,2026,combination,True,0.5,33,3,1,4.095451216370005,5.274886317415495,1.7386830088842105,11.936179306868391
fundalloc_2026_btc0.5_ethS33_b0.0125,2026,combination,True,0.5,33,3,2,0.015721346474562026,7.0992829589067945,0.15457174037443683,0.026966719084206826
fundalloc_2026_btc0.5_ethS33_b0.0125,2026,combination,True,0.5,33,3,3,-1.9710841267276402,2.21893165923166,-4.3555836630424025,-9.694253264944763
fundalloc_2026_btc0.5_ethS33_b0.0125,2026,combination,True,0.5,33,3,4,4.620352859619925,5.185632800544349,2.4736951283350543,14.124819016759464
fundalloc_2026_btc0.5_ethS33_b0.0125,2026,combination,True,0.5,33,3,5,-2.3022855047675095,6.47913399769079,-0.9582168012825081,-3.808706546096208
fundalloc_2026_btc0.5_ethS33_b0.0125,2026,combination,True,0.5,33,3,6,26.355155255241968,6.470279322504224,5.0409288419914855,250.69364385828106
fundalloc_2026_btc0.5_ethS35_b0.0125,2026,combination,True,0.5,35,1,1,4.369623335279993,5.275669789758918,1.8551549634547555,12.938949551038741
fundalloc_2026_btc0.5_ethS35_b0.0125,2026,combination,True,0.5,35,1,2,0.14223922028835378,7.10026326470965,0.2048683773670261,0.24567924989874132
fundalloc_2026_btc0.5_ethS35_b0.0125,2026,combination,True,0.5,35,1,3,-1.838174773383272,2.086108790556218,-4.077457114517777,-9.68611981465684
fundalloc_2026_btc0.5_ethS35_b0.0125,2026,combination,True,0.5,35,1,4,4.284095274136912,5.055281336632644,2.3179861481165673,13.172692976031167
fundalloc_2026_btc0.5_ethS35_b0.0125,2026,combination,True,0.5,35,1,5,-2.304509378453856,6.481113944968597,-0.9605650393593669,-3.8107612527601313
fundalloc_2026_btc0.5_ethS35_b0.0125,2026,combination,True,0.5,35,1,6,26.660035656786807,6.462399038701849,5.1061851995577765,258.9283940768717
fundalloc_2026_btc0.5_ethS35_b0.0125,2026,combination,True,0.5,35,2,1,4.232496708720013,5.275280649891156,1.7968557015470827,12.433758434789464
fundalloc_2026_btc0.5_ethS35_b0.0125,2026,combination,True,0.5,35,2,2,0.07896342493840525,7.099776400795266,0.17974007525860275,0.1359153573106476
fundalloc_2026_btc0.5_ethS35_b0.0125,2026,combination,True,0.5,35,2,3,-1.9046125902302258,2.1525035929388925,-4.2205715615932995,-9.691456221086574
fundalloc_2026_btc0.5_ethS35_b0.0125,2026,combination,True,0.5,35,2,4,4.14725525479569,5.117141434075512,2.243648815854285,12.497494279771441
fundalloc_2026_btc0.5_ethS35_b0.0125,2026,combination,True,0.5,35,2,5,-2.304060217682513,6.480016986319548,-0.960506098863982,-3.810756310288861
fundalloc_2026_btc0.5_ethS35_b0.0125,2026,combination,True,0.5,35,2,6,26.49026336769369,6.4618462346110235,5.074366585330921,254.50856608546724
fundalloc_2026_btc0.5_ethS35_b0.0125,2026,combination,True,0.5,35,3,1,4.095451216370005,5.274886317415495,1.7386830088842105,11.936179306868391
fundalloc_2026_btc0.5_ethS35_b0.0125,2026,combination,True,0.5,35,3,2,0.015721346474562026,7.0992829589067945,0.15457174037443683,0.026966719084206826
fundalloc_2026_btc0.5_ethS35_b0.0125,2026,combination,True,0.5,35,3,3,-1.9710841267276402,2.21893165923166,-4.3555836630424025,-9.694253264944763
fundalloc_2026_btc0.5_ethS35_b0.0125,2026,combination,True,0.5,35,3,4,4.010919333302554,5.180146074753966,2.1690246459683973,11.845069773869845
fundalloc_2026_btc0.5_ethS35_b0.0125,2026,combination,True,0.5,35,3,5,-2.304386140186643,6.480834494375387,-0.9605360395942164,-3.8107472422458692
fundalloc_2026_btc0.5_ethS35_b0.0125,2026,combination,True,0.5,35,3,6,26.326873597438748,6.462313595418612,5.042501077029857,250.27788908939218
fundalloc_2026_btc0.525_ethS30_b0.0125,2026,combination,False,0.525,30,1,1,4.3633153807600245,5.227813561509476,1.8708950287189388,13.033735290438335
fundalloc_2026_btc0.525_ethS30_b0.0125,2026,combination,False,0.525,30,1,2,0.33910436029060964,7.031792658136515,0.2825701086993365,0.5979682798674045
fundalloc_2026_btc0.525_ethS30_b0.0125,2026,combination,False,0.525,30,1,3,-1.9258982952055748,2.185399217825801,-4.077155763653727,-9.641063242373857
fundalloc_2026_btc0.525_ethS30_b0.0125,2026,combination,False,0.525,30,1,4,4.695166044893906,5.007692286172071,2.5396735371894517,14.928922172157264
fundalloc_2026_btc0.525_ethS30_b0.0125,2026,combination,False,0.525,30,1,5,-2.320461278227137,6.493833041634489,-0.9783342200554785,-3.8263127664337344
fundalloc_2026_btc0.525_ethS30_b0.0125,2026,combination,False,0.525,30,1,6,26.442128861460134,6.4012200827129,5.118640586368712,255.65986595291017
fundalloc_2026_btc0.525_ethS30_b0.0125,2026,combination,False,0.525,30,2,1,4.2262021430999885,5.227360724092412,1.8118899080246258,12.52447321810862
fundalloc_2026_btc0.525_ethS30_b0.0125,2026,combination,False,0.525,30,2,2,0.2792353688570781,7.031214483173542,0.2588612017220783,0.49078792711158115
fundalloc_2026_btc0.525_ethS30_b0.0125,2026,combination,False,0.525,30,2,3,-1.9955791680152157,2.2550348688851196,-4.220369576498159,-9.64471643169831
fundalloc_2026_btc0.525_ethS30_b0.0125,2026,combination,False,0.525,30,2,4,4.558120076680039,5.072777513789939,2.4652999059532585,14.192708397321784
fundalloc_2026_btc0.525_ethS30_b0.0125,2026,combination,False,0.525,30,2,5,-2.320284718437282,6.493425091742333,-0.9782980920070357,-3.826298627627287
fundalloc_2026_btc0.525_ethS30_b0.0125,2026,combination,False,0.525,30,2,6,26.275081774729326,6.401072867507862,5.0865514002563925,251.33713500329569
fundalloc_2026_btc0.525_ethS30_b0.0125,2026,combination,False,0.525,30,3,1,4.089867405939995,5.227577738612544,1.753083444390341,12.023860602482008
fundalloc_2026_btc0.525_ethS30_b0.0125,2026,combination,False,0.525,30,3,2,0.2189486726034584,7.0315045903110445,0.23493979128998208,0.38351440033863965
fundalloc_2026_btc0.525_ethS30_b0.0125,2026,combination,False,0.525,30,3,3,-2.0652888040706086,2.3246982779865477,-4.355455286199524,-9.645842972741127
fundalloc_2026_btc0.525_ethS30_b0.0125,2026,combination,False,0.525,30,3,4,4.421526944857113,5.139020152421003,2.3904499514286353,13.481661996479582
fundalloc_2026_btc0.525_ethS30_b0.0125,2026,combination,False,0.525,30,3,5,-2.3208771344718993,6.4949150162818325,-0.9783463394040047,-3.8262746860028343
fundalloc_2026_btc0.525_ethS30_b0.0125,2026,combination,False,0.525,30,3,6,26.11433395611884,6.40194094024813,5.05440562966233,247.1981686330712
fundalloc_2026_btc0.525_ethS33_b0.0125,2026,combination,False,0.525,33,1,1,4.3633153807600245,5.227813561509476,1.8708950287189388,13.033735290438335
fundalloc_2026_btc0.525_ethS33_b0.0125,2026,combination,False,0.525,33,1,2,0.33910436029060964,7.031792658136515,0.2825701086993365,0.5979682798674045
fundalloc_2026_btc0.525_ethS33_b0.0125,2026,combination,False,0.525,33,1,3,-1.9258982952055748,2.185399217825801,-4.077155763653727,-9.641063242373857
fundalloc_2026_btc0.525_ethS33_b0.0125,2026,combination,False,0.525,33,1,4,4.695166044893906,5.007692286172071,2.5396735371894517,14.928922172157264
fundalloc_2026_btc0.525_ethS33_b0.0125,2026,combination,False,0.525,33,1,5,-2.320461278227137,6.493833041634489,-0.9783342200554785,-3.8263127664337344
fundalloc_2026_btc0.525_ethS33_b0.0125,2026,combination,False,0.525,33,1,6,26.442128861460134,6.4012200827129,5.118640586368712,255.65986595291017
fundalloc_2026_btc0.525_ethS33_b0.0125,2026,combination,False,0.525,33,2,1,4.2262021430999885,5.227360724092412,1.8118899080246258,12.52447321810862
fundalloc_2026_btc0.525_ethS33_b0.0125,2026,combination,False,0.525,33,2,2,0.2792353688570781,7.031214483173542,0.2588612017220783,0.49078792711158115
fundalloc_2026_btc0.525_ethS33_b0.0125,2026,combination,False,0.525,33,2,3,-1.9955791680152157,2.2550348688851196,-4.220369576498159,-9.64471643169831
fundalloc_2026_btc0.525_ethS33_b0.0125,2026,combination,False,0.525,33,2,4,4.558120076680039,5.072777513789939,2.4652999059532585,14.192708397321784
fundalloc_2026_btc0.525_ethS33_b0.0125,2026,combination,False,0.525,33,2,5,-2.320284718437282,6.493425091742333,-0.9782980920070357,-3.826298627627287
fundalloc_2026_btc0.525_ethS33_b0.0125,2026,combination,False,0.525,33,2,6,26.275081774729326,6.401072867507862,5.0865514002563925,251.33713500329569
fundalloc_2026_btc0.525_ethS33_b0.0125,2026,combination,False,0.525,33,3,1,4.089867405939995,5.227577738612544,1.753083444390341,12.023860602482008
fundalloc_2026_btc0.525_ethS33_b0.0125,2026,combination,False,0.525,33,3,2,0.2189486726034584,7.0315045903110445,0.23493979128998208,0.38351440033863965
fundalloc_2026_btc0.525_ethS33_b0.0125,2026,combination,False,0.525,33,3,3,-2.0652888040706086,2.3246982779865477,-4.355455286199524,-9.645842972741127
fundalloc_2026_btc0.525_ethS33_b0.0125,2026,combination,False,0.525,33,3,4,4.421526944857113,5.139020152421003,2.3904499514286353,13.481661996479582
fundalloc_2026_btc0.525_ethS33_b0.0125,2026,combination,False,0.525,33,3,5,-2.3208771344718993,6.4949150162818325,-0.9783463394040047,-3.8262746860028343
fundalloc_2026_btc0.525_ethS33_b0.0125,2026,combination,False,0.525,33,3,6,26.11433395611884,6.40194094024813,5.05440562966233,247.1981686330712
fundalloc_2026_btc0.525_ethS35_b0.0125,2026,combination,False,0.525,35,1,1,4.3633153807600245,5.227813561509476,1.8708950287189388,13.033735290438335
fundalloc_2026_btc0.525_ethS35_b0.0125,2026,combination,False,0.525,35,1,2,0.33910436029060964,7.031792658136515,0.2825701086993365,0.5979682798674045
fundalloc_2026_btc0.525_ethS35_b0.0125,2026,combination,False,0.525,35,1,3,-1.9258982952055748,2.185399217825801,-4.077155763653727,-9.641063242373857
fundalloc_2026_btc0.525_ethS35_b0.0125,2026,combination,False,0.525,35,1,4,4.115645036351134,5.001619421189629,2.2489894733698566,12.66530533036285
fundalloc_2026_btc0.525_ethS35_b0.0125,2026,combination,False,0.525,35,1,5,-2.3225923604995202,6.495635503610153,-0.9806511061333438,-3.828321710556102
fundalloc_2026_btc0.525_ethS35_b0.0125,2026,combination,False,0.525,35,1,6,26.414375026812962,6.39335370625338,5.120243655741741,255.24995118247156
fundalloc_2026_btc0.525_ethS35_b0.0125,2026,combination,False,0.525,35,2,1,4.2262021430999885,5.227360724092412,1.8118899080246258,12.52447321810862
fundalloc_2026_btc0.525_ethS35_b0.0125,2026,combination,False,0.525,35,2,2,0.2792353688570781,7.031214483173542,0.2588612017220783,0.49078792711158115
fundalloc_2026_btc0.525_ethS35_b0.0125,2026,combination,False,0.525,35,2,3,-1.9955791680152157,2.2550348688851196,-4.220369576498159,-9.64471643169831
fundalloc_2026_btc0.525_ethS35_b0.0125,2026,combination,False,0.525,35,2,4,3.9790770440566225,5.066940550708143,2.1739017089695447,11.991298286949512
fundalloc_2026_btc0.525_ethS35_b0.0125,2026,combination,False,0.525,35,2,5,-2.3223785945498676,6.495110364655055,-0.980626343861672,-3.8283232269098026
fundalloc_2026_btc0.525_ethS35_b0.0125,2026,combination,False,0.525,35,2,6,26.246733750122896,6.393078745535896,5.088114921710689,250.92225922694013
fundalloc_2026_btc0.525_ethS35_b0.0125,2026,combination,False,0.525,35,3,1,4.089867405939995,5.227577738612544,1.753083444390341,12.023860602482008
fundalloc_2026_btc0.525_ethS35_b0.0125,2026,combination,False,0.525,35,3,2,0.2189486726034584,7.0315045903110445,0.23493979128998208,0.38351440033863965
fundalloc_2026_btc0.525_ethS35_b0.0125,2026,combination,False,0.525,35,3,3,-2.0652888040706086,2.3246982779865477,-4.355455286199524,-9.645842972741127
fundalloc_2026_btc0.525_ethS35_b0.0125,2026,combination,False,0.525,35,3,4,3.842974703465285,5.133424107863527,2.0985642905525355,11.340902695402022
fundalloc_2026_btc0.525_ethS35_b0.0125,2026,combination,False,0.525,35,3,5,-2.3229376269918056,6.496492236377993,-0.9806859319201446,-3.828314208393196
fundalloc_2026_btc0.525_ethS35_b0.0125,2026,combination,False,0.525,35,3,6,26.08568298701275,6.393824231541112,5.055978588194788,246.7855324564848
