config,year,role,is_new,BTC_initial_weight,EMA_span_days,cost,fold,net_return_pct,minute_DD_pct,Sharpe365,Calmar
fundalloc_2025_BTC_vol30_r1_c1200,2025,component,True,0.6,,1,1,0.0,0.0,,
fundalloc_2025_BTC_vol30_r1_c1200,2025,component,True,0.6,,1,2,18.018143593991674,4.647736523524637,5.785089184662632,139.97031155204084
fundalloc_2025_BTC_vol30_r1_c1200,2025,component,True,0.6,,1,3,2.0415167264072442,10.25953689693525,0.8719502953838871,2.7169852081960784
fundalloc_2025_BTC_vol30_r1_c1200,2025,component,True,0.6,,1,4,2.9985340538788874,9.665110409421763,1.6402705979872911,4.4754180302897275
fundalloc_2025_BTC_vol30_r1_c1200,2025,component,True,0.6,,1,5,0.46961513458920745,7.400402413818352,0.341185064833826,0.792642549640299
fundalloc_2025_BTC_vol30_r1_c1200,2025,component,True,0.6,,1,6,-3.565755579396146,6.256681506303741,-3.2209760472451348,-5.707407612823623
fundalloc_2025_BTC_vol30_r1_c1200,2025,component,True,0.6,,2,1,0.0,0.0,,
fundalloc_2025_BTC_vol30_r1_c1200,2025,component,True,0.6,,2,2,17.860997994266683,4.647147153574071,5.78686735395992,137.39095947776372
fundalloc_2025_BTC_vol30_r1_c1200,2025,component,True,0.6,,2,3,2.0412522371907604,10.258308481749756,0.8719273055454954,2.7169174596433434
fundalloc_2025_BTC_vol30_r1_c1200,2025,component,True,0.6,,2,4,2.730105412616246,9.663920690284167,1.5054836819317576,4.012716718605564
fundalloc_2025_BTC_vol30_r1_c1200,2025,component,True,0.6,,2,5,0.46960622069129876,7.400265694107566,0.34118253568771056,0.7926417513546293
fundalloc_2025_BTC_vol30_r1_c1200,2025,component,True,0.6,,2,6,-3.9430652537522204,6.501420965486393,-3.614370602711058,-5.953145527694127
fundalloc_2025_BTC_vol30_r1_c1200,2025,component,True,0.6,,3,1,0.0,0.0,,
fundalloc_2025_BTC_vol30_r1_c1200,2025,component,True,0.6,,3,2,17.70418465725001,4.6465433681651565,5.788003774155585,134.85512785397447
fundalloc_2025_BTC_vol30_r1_c1200,2025,component,True,0.6,,3,3,2.040981280313403,10.257050002610146,0.8719037533226521,2.7168480560088946
fundalloc_2025_BTC_vol30_r1_c1200,2025,component,True,0.6,,3,4,2.4623249382961454,9.662701862523093,1.3698258321394376,3.564306037931443
fundalloc_2025_BTC_vol30_r1_c1200,2025,component,True,0.6,,3,5,0.46958967497228166,7.4000119185756885,0.34117784115816924,0.7926402696014933
fundalloc_2025_BTC_vol30_r1_c1200,2025,component,True,0.6,,3,6,-4.319007401025909,6.745415882367867,-4.00269314439258,-6.16117868516868
fundalloc_2025_ETH_s30_b0.0125_c800,2025,component,True,0.6,30,1,1,0.0,0.0,,
fundalloc_2025_ETH_s30_b0.0125_c800,2025,component,True,0.6,30,1,2,43.69123684087497,9.222716874856928,5.294018419185296,881.5229729053214
fundalloc_2025_ETH_s30_b0.0125_c800,2025,component,True,0.6,30,1,3,0.4870389213609494,14.89090423833197,0.38402564959675584,0.40893861040927276
fundalloc_2025_ETH_s30_b0.0125_c800,2025,component,True,0.6,30,1,4,14.747609871025414,13.884842126247232,4.232815022636538,31.198686941655836
fundalloc_2025_ETH_s30_b0.0125_c800,2025,component,True,0.6,30,1,5,44.99709348564349,14.723576282311123,7.0528974717801045,617.2180523821821
fundalloc_2025_ETH_s30_b0.0125_c800,2025,component,True,0.6,30,1,6,2.56929901319054,14.551133700963092,0.7622848697012723,2.4849292876831193
fundalloc_2025_ETH_s30_b0.0125_c800,2025,component,True,0.6,30,2,1,0.0,0.0,,
fundalloc_2025_ETH_s30_b0.0125_c800,2025,component,True,0.6,30,2,2,43.501353933500006,9.222708359706866,5.276446362630739,867.2818605692589
fundalloc_2025_ETH_s30_b0.0125_c800,2025,component,True,0.6,30,2,3,0.48703843611390685,14.89089117505249,0.3840253719146802,0.4089385505797675
fundalloc_2025_ETH_s30_b0.0125_c800,2025,component,True,0.6,30,2,4,14.445022292794963,14.110431613294095,4.153216183704685,29.50526386985826
fundalloc_2025_ETH_s30_b0.0125_c800,2025,component,True,0.6,30,2,5,44.99416183889049,14.722813227786558,7.052878656904992,617.0965484676099
fundalloc_2025_ETH_s30_b0.0125_c800,2025,component,True,0.6,30,2,6,2.4342443913130563,14.550534011759119,0.7415223971929382,2.3362192237460278
fundalloc_2025_ETH_s30_b0.0125_c800,2025,component,True,0.6,30,3,1,0.0,0.0,,
fundalloc_2025_ETH_s30_b0.0125_c800,2025,component,True,0.6,30,3,2,43.31175640937499,9.222682802795257,5.258768239089243,853.2721240329055
fundalloc_2025_ETH_s30_b0.0125_c800,2025,component,True,0.6,30,3,3,0.4870369797200569,14.890851967623542,0.3840245384948629,0.408938371010794
fundalloc_2025_ETH_s30_b0.0125_c800,2025,component,True,0.6,30,3,4,14.147325832013768,14.336593309584245,4.073250607115358,27.916415883623706
fundalloc_2025_ETH_s30_b0.0125_c800,2025,component,True,0.6,30,3,5,44.99959818650283,14.724228194445088,7.0529135460402586,617.3218794116601
fundalloc_2025_ETH_s30_b0.0125_c800,2025,component,True,0.6,30,3,6,2.2995615069433706,14.551646032601418,0.7208042900153495,2.189814921750172
fundalloc_2025_ETH_s33_b0.0125_c800,2025,component,True,0.6,33,1,1,0.0,0.0,,
fundalloc_2025_ETH_s33_b0.0125_c800,2025,component,True,0.6,33,1,2,40.9263218125,9.223295418464062,5.022766191884604,693.609721763719
fundalloc_2025_ETH_s33_b0.0125_c800,2025,component,True,0.6,33,1,3,0.4870718905963134,14.891791792023145,0.38404451617856317,0.4089426754239562
fundalloc_2025_ETH_s33_b0.0125_c800,2025,component,True,0.6,33,1,4,14.749065886376588,13.885810763706418,4.2328599240493014,31.20243896270175
fundalloc_2025_ETH_s33_b0.0125_c800,2025,component,True,0.6,33,1,5,45.00057236564767,14.724481745346862,7.052919797833824,617.3622664478175
fundalloc_2025_ETH_s33_b0.0125_c800,2025,component,True,0.6,33,1,6,2.5694360066776056,14.551845293370114,0.7623032446157377,2.4849598226349308
fundalloc_2025_ETH_s33_b0.0125_c800,2025,component,True,0.6,33,2,1,0.0,0.0,,
fundalloc_2025_ETH_s33_b0.0125_c800,2025,component,True,0.6,33,2,2,40.739094572,9.223126237900814,5.0024000295622075,682.3195707515711
fundalloc_2025_ETH_s33_b0.0125_c800,2025,component,True,0.6,33,2,3,0.4870622495367183,14.891532249787499,0.384038999106099,0.4089414867067787
fundalloc_2025_ETH_s33_b0.0125_c800,2025,component,True,0.6,33,2,4,14.445111622161333,14.110974201707949,4.153142469511737,29.50447683806942
fundalloc_2025_ETH_s33_b0.0125_c800,2025,component,True,0.6,33,2,5,44.99495300840519,14.723019156878026,7.0528837345809725,617.1293367206017
fundalloc_2025_ETH_s33_b0.0125_c800,2025,component,True,0.6,33,2,6,2.4342739118784484,14.550695853941974,0.7415265943497681,2.336225527543028
fundalloc_2025_ETH_s33_b0.0125_c800,2025,component,True,0.6,33,3,1,0.0,0.0,,
fundalloc_2025_ETH_s33_b0.0125_c800,2025,component,True,0.6,33,3,2,40.552159539499975,9.222938837318717,4.981980168789586,671.2142516258527
fundalloc_2025_ETH_s33_b0.0125_c800,2025,component,True,0.6,33,3,3,0.4870515702091627,14.891244755415634,0.3840328878821263,0.4089401699753106
fundalloc_2025_ETH_s33_b0.0125_c800,2025,component,True,0.6,33,3,4,14.146159246830914,14.336703923772287,4.073065228859826,27.911862244052084
fundalloc_2025_ETH_s33_b0.0125_c800,2025,component,True,0.6,33,3,5,44.99784001003668,14.723770585833718,7.052902262754442,617.2489962081087
fundalloc_2025_ETH_s33_b0.0125_c800,2025,component,True,0.6,33,3,6,2.2994995432459753,14.551286403252972,0.7207949235392362,2.189802259587975
fundalloc_2025_ETH_s35_b0.0125_c800,2025,component,True,0.6,35,1,1,0.0,0.0,,
fundalloc_2025_ETH_s35_b0.0125_c800,2025,component,True,0.6,35,1,2,40.9263218125,9.223295418464062,5.022766191884604,693.609721763719
fundalloc_2025_ETH_s35_b0.0125_c800,2025,component,True,0.6,35,1,3,0.4870718905963134,14.891791792023145,0.38404451617856317,0.4089426754239562
fundalloc_2025_ETH_s35_b0.0125_c800,2025,component,True,0.6,35,1,4,14.749065886376588,13.885810763706418,4.2328599240493014,31.20243896270175
fundalloc_2025_ETH_s35_b0.0125_c800,2025,component,True,0.6,35,1,5,45.00057236564767,14.724481745346862,7.052919797833824,617.3622664478175
fundalloc_2025_ETH_s35_b0.0125_c800,2025,component,True,0.6,35,1,6,2.5694360066776056,14.551845293370114,0.7623032446157377,2.4849598226349308
fundalloc_2025_ETH_s35_b0.0125_c800,2025,component,True,0.6,35,2,1,0.0,0.0,,
fundalloc_2025_ETH_s35_b0.0125_c800,2025,component,True,0.6,35,2,2,40.739094572,9.223126237900814,5.0024000295622075,682.3195707515711
fundalloc_2025_ETH_s35_b0.0125_c800,2025,component,True,0.6,35,2,3,0.4870622495367183,14.891532249787499,0.384038999106099,0.4089414867067787
fundalloc_2025_ETH_s35_b0.0125_c800,2025,component,True,0.6,35,2,4,14.445111622161333,14.110974201707949,4.153142469511737,29.50447683806942
fundalloc_2025_ETH_s35_b0.0125_c800,2025,component,True,0.6,35,2,5,44.99495300840519,14.723019156878026,7.0528837345809725,617.1293367206017
fundalloc_2025_ETH_s35_b0.0125_c800,2025,component,True,0.6,35,2,6,2.4342739118784484,14.550695853941974,0.7415265943497681,2.336225527543028
fundalloc_2025_ETH_s35_b0.0125_c800,2025,component,True,0.6,35,3,1,0.0,0.0,,
fundalloc_2025_ETH_s35_b0.0125_c800,2025,component,True,0.6,35,3,2,40.552159539499975,9.222938837318717,4.981980168789586,671.2142516258527
fundalloc_2025_ETH_s35_b0.0125_c800,2025,component,True,0.6,35,3,3,0.4870515702091627,14.891244755415634,0.3840328878821263,0.4089401699753106
fundalloc_2025_ETH_s35_b0.0125_c800,2025,component,True,0.6,35,3,4,14.146159246830914,14.336703923772287,4.073065228859826,27.911862244052084
fundalloc_2025_ETH_s35_b0.0125_c800,2025,component,True,0.6,35,3,5,44.99784001003668,14.723770585833718,7.052902262754442,617.2489962081087
fundalloc_2025_ETH_s35_b0.0125_c800,2025,component,True,0.6,35,3,6,2.2994995432459753,14.551286403252972,0.7207949235392362,2.189802259587975
fundalloc_2025_BTC_vol30_r1_c1350,2025,component,True,0.675,,1,1,0.0,0.0,,
fundalloc_2025_BTC_vol30_r1_c1350,2025,component,True,0.675,,1,2,18.016612688148157,4.647426309343561,5.785086627613644,139.9541683790141
fundalloc_2025_BTC_vol30_r1_c1350,2025,component,True,0.675,,1,3,2.04137751263771,10.2588903242122,0.8719381947183235,2.716949548586118
fundalloc_2025_BTC_vol30_r1_c1350,2025,component,True,0.675,,1,4,2.9988650962648356,9.664484203253032,1.6404475187897263,4.476287661070441
fundalloc_2025_BTC_vol30_r1_c1350,2025,component,True,0.675,,1,5,0.4696203577294833,7.400482525309537,0.34118654679848026,0.7926430173998282
fundalloc_2025_BTC_vol30_r1_c1350,2025,component,True,0.675,,1,6,-3.565570373000837,6.256996624110678,-3.2206562708187554,-5.706880079123564
fundalloc_2025_BTC_vol30_r1_c1350,2025,component,True,0.675,,2,1,0.0,0.0,,
fundalloc_2025_BTC_vol30_r1_c1350,2025,component,True,0.675,,2,2,17.862324184681476,4.647465682762908,5.78687281537935,137.40329772947493
fundalloc_2025_BTC_vol30_r1_c1350,2025,component,True,0.675,,2,3,2.0413951820916987,10.258972389647258,0.8719397305762734,2.7169540745934007
fundalloc_2025_BTC_vol30_r1_c1350,2025,component,True,0.675,,2,4,2.7327898545551843,9.664563683565873,1.506403423754642,4.017015701398177
fundalloc_2025_BTC_vol30_r1_c1350,2025,component,True,0.675,,2,5,0.4697952218568391,7.403164529207073,0.3412361609597871,0.7926586775248372
fundalloc_2025_BTC_vol30_r1_c1350,2025,component,True,0.675,,2,6,-3.945112359446512,6.504080373686872,-3.614885157863899,-5.953154696352657
fundalloc_2025_BTC_vol30_r1_c1350,2025,component,True,0.675,,3,1,0.0,0.0,,
fundalloc_2025_BTC_vol30_r1_c1350,2025,component,True,0.675,,3,2,17.708302609066685,4.647494843717159,5.788018035657239,134.8940814482407
fundalloc_2025_BTC_vol30_r1_c1350,2025,component,True,0.675,,3,3,2.041408268542244,10.259033169342512,0.8719408680714654,2.716957426674883
fundalloc_2025_BTC_vol30_r1_c1350,2025,component,True,0.675,,3,4,2.4620699000628354,9.664622548678548,1.3695104311749884,3.5631764275891378
fundalloc_2025_BTC_vol30_r1_c1350,2025,component,True,0.675,,3,5,0.4696556638324134,7.401024042075688,0.34119656421355904,0.792646179251936
fundalloc_2025_BTC_vol30_r1_c1350,2025,component,True,0.675,,3,6,-4.3205561683254405,6.746136799572278,-4.003902090208665,-6.162226164967775
fundalloc_2025_ETH_s30_b0.0125_c650,2025,component,True,0.675,30,1,1,0.0,0.0,,
fundalloc_2025_ETH_s30_b0.0125_c650,2025,component,True,0.675,30,1,2,43.687533000923075,9.22221263901718,5.294015907389275,881.2913390631276
fundalloc_2025_ETH_s30_b0.0125_c650,2025,component,True,0.675,30,1,3,0.4870101869397736,14.890130676937652,0.3840092063365543,0.40893506754672676
fundalloc_2025_ETH_s30_b0.0125_c650,2025,component,True,0.675,30,1,4,14.74810447212198,13.88430178357175,4.232971202554445,31.201915075769662
fundalloc_2025_ETH_s30_b0.0125_c650,2025,component,True,0.675,30,1,5,44.99725379906183,14.72361800840234,7.052898500628285,617.2246973318032
fundalloc_2025_ETH_s30_b0.0125_c650,2025,component,True,0.675,30,1,6,2.5693053262558996,14.551166493385537,0.762285716471387,2.4849306948162813
fundalloc_2025_ETH_s30_b0.0125_c650,2025,component,True,0.675,30,2,1,0.0,0.0,,
fundalloc_2025_ETH_s30_b0.0125_c650,2025,component,True,0.675,30,2,2,43.496184256615365,9.222000551508946,5.276443051693032,866.9635854511616
fundalloc_2025_ETH_s30_b0.0125_c650,2025,component,True,0.675,30,2,3,0.4869981009794522,14.889805306682923,0.3840022901390641,0.4089335773894889
fundalloc_2025_ETH_s30_b0.0125_c650,2025,component,True,0.675,30,2,4,14.44475918056285,14.109492540326517,4.1533284259765235,29.506204031300264
fundalloc_2025_ETH_s30_b0.0125_c650,2025,component,True,0.675,30,2,5,44.99261732087953,14.722411209556451,7.052868744143002,617.0325441774639
fundalloc_2025_ETH_s30_b0.0125_c650,2025,component,True,0.675,30,2,6,2.434406346714968,14.55021805806057,0.7415479745223749,2.336447103215756
fundalloc_2025_ETH_s30_b0.0125_c650,2025,component,True,0.675,30,3,1,0.0,0.0,,
fundalloc_2025_ETH_s30_b0.0125_c650,2025,component,True,0.675,30,3,2,43.31747776892308,9.223358587662812,5.258847383818065,853.6293894357776
fundalloc_2025_ETH_s30_b0.0125_c650,2025,component,True,0.675,30,3,3,0.487075490414246,14.8918887006406,0.3840465761643234,0.4089431192723102
fundalloc_2025_ETH_s30_b0.0125_c650,2025,component,True,0.675,30,3,4,14.145334261380915,14.3362274809404,4.07302772449597,27.909722125574046
fundalloc_2025_ETH_s30_b0.0125_c650,2025,component,True,0.675,30,3,5,44.99526988364049,14.723101634146685,7.052885768252297,617.1424693747997
fundalloc_2025_ETH_s30_b0.0125_c650,2025,component,True,0.675,30,3,6,2.2998477114719806,14.550760673572627,0.720848734548508,2.1902566432556023
fundalloc_2025_ETH_s33_b0.0125_c650,2025,component,True,0.675,33,1,1,0.0,0.0,,
fundalloc_2025_ETH_s33_b0.0125_c650,2025,component,True,0.675,33,1,2,40.919803963846135,9.222213204794693,5.022850907731259,693.2947704258607
fundalloc_2025_ETH_s33_b0.0125_c650,2025,component,True,0.675,33,1,3,0.4870102191810721,14.890131544914132,0.3840092247866498,0.4089350715219676
fundalloc_2025_ETH_s33_b0.0125_c650,2025,component,True,0.675,33,1,4,14.749224005566486,13.884495389999907,4.233095062549022,31.206038899013787
fundalloc_2025_ETH_s33_b0.0125_c650,2025,component,True,0.675,33,1,5,44.99928112240808,14.724145671267008,7.0529115112655605,617.3087352714315
fundalloc_2025_ETH_s33_b0.0125_c650,2025,component,True,0.675,33,1,6,2.5693851600703477,14.551581178922534,0.7622964245666596,2.4849484892175027
fundalloc_2025_ETH_s33_b0.0125_c650,2025,component,True,0.675,33,2,1,0.0,0.0,,
fundalloc_2025_ETH_s33_b0.0125_c650,2025,component,True,0.675,33,2,2,40.73118902461537,9.221830934832676,5.002485124383115,681.9417698166679
fundalloc_2025_ETH_s33_b0.0125_c650,2025,component,True,0.675,33,2,3,0.48698843528192093,14.889545091758094,0.38399675893322327,0.40893238564366846
fundalloc_2025_ETH_s33_b0.0125_c650,2025,component,True,0.675,33,2,4,14.444500107636893,14.109232385465054,4.1533331941206795,29.505740212296153
fundalloc_2025_ETH_s33_b0.0125_c650,2025,component,True,0.675,33,2,5,44.99188877992528,14.722221577729899,7.0528640682801464,617.0023559003199
fundalloc_2025_ETH_s33_b0.0125_c650,2025,component,True,0.675,33,2,6,2.434379159665534,14.550069021610135,0.7415441095165425,2.336441297348089
fundalloc_2025_ETH_s33_b0.0125_c650,2025,component,True,0.675,33,3,1,0.0,0.0,,
fundalloc_2025_ETH_s33_b0.0125_c650,2025,component,True,0.675,33,3,2,40.55467817353844,9.223081959700686,4.98215264569805,671.3525513815816
fundalloc_2025_ETH_s33_b0.0125_c650,2025,component,True,0.675,33,3,3,0.48705972626823524,14.891464321911595,0.38403755517121846,0.4089411755946437
fundalloc_2025_ETH_s33_b0.0125_c650,2025,component,True,0.675,33,3,4,14.143828505479462,14.335593242633438,4.072909745035915,27.90535811667176
fundalloc_2025_ETH_s33_b0.0125_c650,2025,component,True,0.675,33,3,5,44.9920607075732,14.722266328867395,7.052865171736113,617.0094798739806
fundalloc_2025_ETH_s33_b0.0125_c650,2025,component,True,0.675,33,3,6,2.299734580494195,14.550104192732238,0.7208316371095596,2.1902335221564493
fundalloc_2025_ETH_s35_b0.0125_c650,2025,component,True,0.675,35,1,1,0.0,0.0,,
fundalloc_2025_ETH_s35_b0.0125_c650,2025,component,True,0.675,35,1,2,40.919803963846135,9.222213204794693,5.022850907731259,693.2947704258607
fundalloc_2025_ETH_s35_b0.0125_c650,2025,component,True,0.675,35,1,3,0.4870102191810721,14.890131544914132,0.3840092247866498,0.4089350715219676
fundalloc_2025_ETH_s35_b0.0125_c650,2025,component,True,0.675,35,1,4,14.749224005566486,13.884495389999907,4.233095062549022,31.206038899013787
fundalloc_2025_ETH_s35_b0.0125_c650,2025,component,True,0.675,35,1,5,44.99928112240808,14.724145671267008,7.0529115112655605,617.3087352714315
fundalloc_2025_ETH_s35_b0.0125_c650,2025,component,True,0.675,35,1,6,2.5693851600703477,14.551581178922534,0.7622964245666596,2.4849484892175027
fundalloc_2025_ETH_s35_b0.0125_c650,2025,component,True,0.675,35,2,1,0.0,0.0,,
fundalloc_2025_ETH_s35_b0.0125_c650,2025,component,True,0.675,35,2,2,40.73118902461537,9.221830934832676,5.002485124383115,681.9417698166679
fundalloc_2025_ETH_s35_b0.0125_c650,2025,component,True,0.675,35,2,3,0.48698843528192093,14.889545091758094,0.38399675893322327,0.40893238564366846
fundalloc_2025_ETH_s35_b0.0125_c650,2025,component,True,0.675,35,2,4,14.444500107636893,14.109232385465054,4.1533331941206795,29.505740212296153
fundalloc_2025_ETH_s35_b0.0125_c650,2025,component,True,0.675,35,2,5,44.99188877992528,14.722221577729899,7.0528640682801464,617.0023559003199
fundalloc_2025_ETH_s35_b0.0125_c650,2025,component,True,0.675,35,2,6,2.434379159665534,14.550069021610135,0.7415441095165425,2.336441297348089
fundalloc_2025_ETH_s35_b0.0125_c650,2025,component,True,0.675,35,3,1,0.0,0.0,,
fundalloc_2025_ETH_s35_b0.0125_c650,2025,component,True,0.675,35,3,2,40.55467817353844,9.223081959700686,4.98215264569805,671.3525513815816
fundalloc_2025_ETH_s35_b0.0125_c650,2025,component,True,0.675,35,3,3,0.48705972626823524,14.891464321911595,0.38403755517121846,0.4089411755946437
fundalloc_2025_ETH_s35_b0.0125_c650,2025,component,True,0.675,35,3,4,14.143828505479462,14.335593242633438,4.072909745035915,27.90535811667176
fundalloc_2025_ETH_s35_b0.0125_c650,2025,component,True,0.675,35,3,5,44.9920607075732,14.722266328867395,7.052865171736113,617.0094798739806
fundalloc_2025_ETH_s35_b0.0125_c650,2025,component,True,0.675,35,3,6,2.299734580494195,14.550104192732238,0.7208316371095596,2.1902335221564493
volratio_2025_BTC_n30_r1_e15_x30_c1500,2025,component,False,0.75,,1,1,0.0,0.0,,
volratio_2025_BTC_n30_r1_e15_x30_c1500,2025,component,False,0.75,,1,2,18.015374269793337,4.647178659349283,5.785084806875009,139.94101130925404
volratio_2025_BTC_n30_r1_e15_x30_c1500,2025,component,False,0.75,,1,3,2.0412663758758276,10.25837414921693,0.871928534508272,2.7169210812091973
volratio_2025_BTC_n30_r1_e15_x30_c1500,2025,component,False,0.75,,1,4,2.999105060925289,9.663984288971994,1.6405762614422816,4.476939425353699
volratio_2025_BTC_n30_r1_e15_x30_c1500,2025,component,False,0.75,,1,5,0.46962470314979576,7.400549174469173,0.3411877797269952,0.7926434065551498
volratio_2025_BTC_n30_r1_e15_x30_c1500,2025,component,False,0.75,,1,6,-3.5663157661274925,6.256902464769398,-3.221534876730928,-5.707932243854745
volratio_2025_BTC_n30_r1_e15_x30_c1500,2025,component,False,0.75,,2,1,0.0,0.0,,
volratio_2025_BTC_n30_r1_e15_x30_c1500,2025,component,False,0.75,,2,2,17.863348590733352,4.647721910842007,5.786877612396223,137.4125279815559
volratio_2025_BTC_n30_r1_e15_x30_c1500,2025,component,False,0.75,,2,3,2.0415101687140114,10.25950644014425,0.8719497253807894,2.7169835284332238
volratio_2025_BTC_n30_r1_e15_x30_c1500,2025,component,False,0.75,,2,4,2.7301995903900256,9.665080911947022,1.5053537124727547,4.012395176916368
volratio_2025_BTC_n30_r1_e15_x30_c1500,2025,component,False,0.75,,2,5,0.46966983576912646,7.401241407322024,0.34120058521982155,0.7926474484281899
volratio_2025_BTC_n30_r1_e15_x30_c1500,2025,component,False,0.75,,2,6,-3.9444811588607687,6.502441655572611,-3.6153950048593235,-5.953901492501556
volratio_2025_BTC_n30_r1_e15_x30_c1500,2025,component,False,0.75,,3,1,0.0,0.0,,
volratio_2025_BTC_n30_r1_e15_x30_c1500,2025,component,False,0.75,,3,2,17.701191376653334,4.645992634381857,5.78799874192521,134.82273100168945
volratio_2025_BTC_n30_r1_e15_x30_c1500,2025,component,False,0.75,,3,3,2.040734132401578,10.255902083874114,0.8718822704516708,2.7167847522807325
volratio_2025_BTC_n30_r1_e15_x30_c1500,2025,component,False,0.75,,3,4,2.4649008012727736,9.661590119016061,1.3708634952377787,3.5689728831372785
volratio_2025_BTC_n30_r1_e15_x30_c1500,2025,component,False,0.75,,3,5,0.46974073903554014,7.402328896756227,0.3412207025899454,0.7926537982369581
volratio_2025_BTC_n30_r1_e15_x30_c1500,2025,component,False,0.75,,3,6,-4.321582347359665,6.747717076735393,-4.004084533972749,-6.161912854530318
confirm_middle_2025_ETH_s30_b0.0125_e15_x30_c500,2025,component,False,0.75,30,1,1,0.0,0.0,,
confirm_middle_2025_ETH_s30_b0.0125_e15_x30_c500,2025,component,False,0.75,30,1,2,43.68160685699998,9.221405798527172,5.294011886604606,880.920845778988
confirm_middle_2025_ETH_s30_b0.0125_e15_x30_c500,2025,component,False,0.75,30,1,3,0.48696420878449054,14.88889287306261,0.3839828952741516,0.40892939860874816
confirm_middle_2025_ETH_s30_b0.0125_e15_x30_c500,2025,component,False,0.75,30,1,4,14.749288204971656,13.883064316740079,4.233341122684505,31.20951710465519
confirm_middle_2025_ETH_s30_b0.0125_e15_x30_c500,2025,component,False,0.75,30,1,5,44.99735647260903,14.723644732058494,7.052899159558269,617.2289531597089
confirm_middle_2025_ETH_s30_b0.0125_e15_x30_c500,2025,component,False,0.75,30,1,6,2.569529191739184,14.551187495414808,0.762320045460593,2.4851755893833682
confirm_middle_2025_ETH_s30_b0.0125_e15_x30_c500,2025,component,False,0.75,30,2,1,0.0,0.0,,
confirm_middle_2025_ETH_s30_b0.0125_e15_x30_c500,2025,component,False,0.75,30,2,2,43.50384163199998,9.22293744355408,5.276523132499164,867.4455440980568
confirm_middle_2025_ETH_s30_b0.0125_e15_x30_c500,2025,component,False,0.75,30,2,3,0.487051490783319,14.891242617215806,0.3840328424308246,0.4089401601823115
confirm_middle_2025_ETH_s30_b0.0125_e15_x30_c500,2025,component,False,0.75,30,2,4,14.44911822349695,14.110598027599263,4.153773393819522,29.520852572458324
confirm_middle_2025_ETH_s30_b0.0125_e15_x30_c500,2025,component,False,0.75,30,2,5,45.00031121276402,14.7244137749588,7.052918121892865,617.3514394527223
confirm_middle_2025_ETH_s30_b0.0125_e15_x30_c500,2025,component,False,0.75,30,2,6,2.4351326682326535,14.551791876889553,0.7416563309183012,2.336988823136049
confirm_middle_2025_ETH_s30_b0.0125_e15_x30_c500,2025,component,False,0.75,30,3,1,0.0,0.0,,
confirm_middle_2025_ETH_s30_b0.0125_e15_x30_c500,2025,component,False,0.75,30,3,2,43.31097667120001,9.222351551947217,5.258919162251649,853.2455699138812
confirm_middle_2025_ETH_s30_b0.0125_e15_x30_c500,2025,component,False,0.75,30,3,3,0.48701810301754467,14.890343787318805,0.38401373631263713,0.40893604357281604
confirm_middle_2025_ETH_s30_b0.0125_e15_x30_c500,2025,component,False,0.75,30,3,4,14.14535294379946,14.334081976792923,4.073372457071763,27.91396909007273
confirm_middle_2025_ETH_s30_b0.0125_e15_x30_c500,2025,component,False,0.75,30,3,5,44.992049535159204,14.722263420796022,7.0528651000300515,617.0090169327642
confirm_middle_2025_ETH_s30_b0.0125_e15_x30_c500,2025,component,False,0.75,30,3,6,2.3001729152840378,14.550101907202095,0.7208990811924785,2.1907063503362165
confirm_local_2025_ETH_s33_b0.0125_e15_x30_c500,2025,component,False,0.75,33,1,1,0.0,0.0,,
confirm_local_2025_ETH_s33_b0.0125_e15_x30_c500,2025,component,False,0.75,33,1,2,40.92319979820003,9.222716473341407,5.022851350562543,693.4633997792837
confirm_local_2025_ETH_s33_b0.0125_e15_x30_c500,2025,component,False,0.75,33,1,3,0.4870388984800522,14.89090362235821,0.3840256365032035,0.40893860758812156
confirm_local_2025_ETH_s33_b0.0125_e15_x30_c500,2025,component,False,0.75,33,1,4,14.746359827135436,13.884185719203145,4.232753227693634,31.195072287383937
confirm_local_2025_ETH_s33_b0.0125_e15_x30_c500,2025,component,False,0.75,33,1,5,44.9939659630334,14.722762244125608,7.052877399778437,617.088431088013
confirm_local_2025_ETH_s33_b0.0125_e15_x30_c500,2025,component,False,0.75,33,1,6,2.5693956608928037,14.550493942935393,0.7623021366620897,2.4851458244958273
confirm_local_2025_ETH_s33_b0.0125_e15_x30_c500,2025,component,False,0.75,33,2,1,0.0,0.0,,
confirm_local_2025_ETH_s33_b0.0125_e15_x30_c500,2025,component,False,0.75,33,2,2,40.73287382319999,9.221965351239858,5.002571153034502,682.0327439068815
confirm_local_2025_ETH_s33_b0.0125_e15_x30_c500,2025,component,False,0.75,33,2,3,0.4869960950708796,14.889751304747922,0.38400114225609544,0.40893333006806876
confirm_local_2025_ETH_s33_b0.0125_e15_x30_c500,2025,component,False,0.75,33,2,4,14.448543747051357,14.109270211224633,4.153903496523113,29.521394965848007
confirm_local_2025_ETH_s33_b0.0125_e15_x30_c500,2025,component,False,0.75,33,2,5,44.99780057390594,14.723760321528134,7.05290200966605,617.2473615227227
confirm_local_2025_ETH_s33_b0.0125_e15_x30_c500,2025,component,False,0.75,33,2,6,2.4350389703145403,14.551278336600681,0.7416430130620495,2.336968810431273
confirm_local_2025_ETH_s33_b0.0125_e15_x30_c500,2025,component,False,0.75,33,3,1,0.0,0.0,,
confirm_local_2025_ETH_s33_b0.0125_e15_x30_c500,2025,component,False,0.75,33,3,2,40.55748392679999,9.223385377483485,4.982238984223636,671.496164605809
confirm_local_2025_ETH_s33_b0.0125_e15_x30_c500,2025,component,False,0.75,33,3,3,0.48707701708472495,14.891929799202464,0.38404744979703886,0.408943307506926
confirm_local_2025_ETH_s33_b0.0125_e15_x30_c500,2025,component,False,0.75,33,3,4,14.147574789478966,14.335818481676544,4.073421452769489,27.918850655612093
confirm_local_2025_ETH_s33_b0.0125_e15_x30_c500,2025,component,False,0.75,33,3,5,44.99775298331754,14.723747934802422,7.05290170424479,617.2453888286421
confirm_local_2025_ETH_s33_b0.0125_e15_x30_c500,2025,component,False,0.75,33,3,6,2.300374010127504,14.551268601948896,0.72092946636801,2.1907474551347077
confirm_refine_2025_ETH_s35_b0.0125_e15_x30_c500,2025,component,False,0.75,35,1,1,0.0,0.0,,
confirm_refine_2025_ETH_s35_b0.0125_e15_x30_c500,2025,component,False,0.75,35,1,2,40.92319979820003,9.222716473341407,5.022851350562543,693.4633997792837
confirm_refine_2025_ETH_s35_b0.0125_e15_x30_c500,2025,component,False,0.75,35,1,3,0.4870388984800522,14.89090362235821,0.3840256365032035,0.40893860758812156
confirm_refine_2025_ETH_s35_b0.0125_e15_x30_c500,2025,component,False,0.75,35,1,4,14.746359827135436,13.884185719203145,4.232753227693634,31.195072287383937
confirm_refine_2025_ETH_s35_b0.0125_e15_x30_c500,2025,component,False,0.75,35,1,5,44.9939659630334,14.722762244125608,7.052877399778437,617.088431088013
confirm_refine_2025_ETH_s35_b0.0125_e15_x30_c500,2025,component,False,0.75,35,1,6,2.5693956608928037,14.550493942935393,0.7623021366620897,2.4851458244958273
confirm_refine_2025_ETH_s35_b0.0125_e15_x30_c500,2025,component,False,0.75,35,2,1,0.0,0.0,,
confirm_refine_2025_ETH_s35_b0.0125_e15_x30_c500,2025,component,False,0.75,35,2,2,40.73287382319999,9.221965351239858,5.002571153034502,682.0327439068815
confirm_refine_2025_ETH_s35_b0.0125_e15_x30_c500,2025,component,False,0.75,35,2,3,0.4869960950708796,14.889751304747922,0.38400114225609544,0.40893333006806876
confirm_refine_2025_ETH_s35_b0.0125_e15_x30_c500,2025,component,False,0.75,35,2,4,14.448543747051357,14.109270211224633,4.153903496523113,29.521394965848007
confirm_refine_2025_ETH_s35_b0.0125_e15_x30_c500,2025,component,False,0.75,35,2,5,44.99780057390594,14.723760321528134,7.05290200966605,617.2473615227227
confirm_refine_2025_ETH_s35_b0.0125_e15_x30_c500,2025,component,False,0.75,35,2,6,2.4350389703145403,14.551278336600681,0.7416430130620495,2.336968810431273
confirm_refine_2025_ETH_s35_b0.0125_e15_x30_c500,2025,component,False,0.75,35,3,1,0.0,0.0,,
confirm_refine_2025_ETH_s35_b0.0125_e15_x30_c500,2025,component,False,0.75,35,3,2,40.55748392679999,9.223385377483485,4.982238984223636,671.496164605809
confirm_refine_2025_ETH_s35_b0.0125_e15_x30_c500,2025,component,False,0.75,35,3,3,0.48707701708472495,14.891929799202464,0.38404744979703886,0.408943307506926
confirm_refine_2025_ETH_s35_b0.0125_e15_x30_c500,2025,component,False,0.75,35,3,4,14.147574789478966,14.335818481676544,4.073421452769489,27.918850655612093
confirm_refine_2025_ETH_s35_b0.0125_e15_x30_c500,2025,component,False,0.75,35,3,5,44.99775298331754,14.723747934802422,7.05290170424479,617.2453888286421
confirm_refine_2025_ETH_s35_b0.0125_e15_x30_c500,2025,component,False,0.75,35,3,6,2.300374010127504,14.551268601948896,0.72092946636801,2.1907474551347077
fundalloc_2026_BTC_vol30_r1_c1200,2026,component,True,0.6,,1,1,4.249693691250012,4.3180936997537,2.2344197315150027,15.266984607924757
fundalloc_2026_BTC_vol30_r1_c1200,2026,component,True,0.6,,1,2,4.093955554095041,6.235307531387302,1.73383385053739,10.093087313474328
fundalloc_2026_BTC_vol30_r1_c1200,2026,component,True,0.6,,1,3,-3.539641463330978,4.007692138577035,-4.071084415681246,-8.857290393349993
fundalloc_2026_BTC_vol30_r1_c1200,2026,component,True,0.6,,1,4,0.9805659119059396,4.3274793325811185,0.6834775397336562,2.912914578230588
fundalloc_2026_BTC_vol30_r1_c1200,2026,component,True,0.6,,1,5,-2.6791011246190544,6.921443589028009,-1.359296420657206,-4.0651363161160905
fundalloc_2026_BTC_vol30_r1_c1200,2026,component,True,0.6,,1,6,21.741652549829183,6.886536089308959,5.2170922384987195,144.5200037749013
fundalloc_2026_BTC_vol30_r1_c1200,2026,component,True,0.6,,2,1,4.113790622649982,4.318544599392105,2.158962222510043,14.660411998515716
fundalloc_2026_BTC_vol30_r1_c1200,2026,component,True,0.6,,2,2,4.0943754420105005,6.23588736291294,1.7338508967186943,10.093431162600204
fundalloc_2026_BTC_vol30_r1_c1200,2026,component,True,0.6,,2,3,-3.6661476674730964,4.133630334280269,-4.215983193987175,-8.834611997395319
fundalloc_2026_BTC_vol30_r1_c1200,2026,component,True,0.6,,2,4,0.8484865398474595,4.326731411864815,0.6025627366882499,2.5022686904117073
fundalloc_2026_BTC_vol30_r1_c1200,2026,component,True,0.6,,2,5,-2.678638871060246,6.9202881423460205,-1.3593119882801357,-4.065214928336651
fundalloc_2026_BTC_vol30_r1_c1200,2026,component,True,0.6,,2,6,21.5783083731651,6.885598481096222,5.178882436382175,141.96244970060428
fundalloc_2026_BTC_vol30_r1_c1200,2026,component,True,0.6,,3,1,3.9781402345666628,4.318985993502633,2.0836615849192066,14.063850779456935
fundalloc_2026_BTC_vol30_r1_c1200,2026,component,True,0.6,,3,2,4.094786476652712,6.236454958028825,1.733867583333862,10.093767773129901
fundalloc_2026_BTC_vol30_r1_c1200,2026,component,True,0.6,,3,3,-3.7925987093625046,4.259512549567557,-4.352540487209232,-8.809796320212248
fundalloc_2026_BTC_vol30_r1_c1200,2026,component,True,0.6,,3,4,0.7170918394394654,4.328122162715065,0.522509929559901,2.098499067022217
fundalloc_2026_BTC_vol30_r1_c1200,2026,component,True,0.6,,3,5,-2.679498426566118,6.9224366726373665,-1.359283040432078,-4.065068751381509
fundalloc_2026_BTC_vol30_r1_c1200,2026,component,True,0.6,,3,6,21.42595665179119,6.887341898917643,5.140493262008909,139.55791936368746
fundalloc_2026_ETH_s30_b0.0125_c800,2026,component,True,0.6,30,1,1,4.488117433625005,6.402696696433797,1.5971957927809093,11.026704778736127
fundalloc_2026_ETH_s30_b0.0125_c800,2026,component,True,0.6,30,1,2,-3.8012909817454754,9.779871403175932,-1.2547661379514647,-3.844025852853363
fundalloc_2026_ETH_s30_b0.0125_c800,2026,component,True,0.6,30,1,3,0.0,0.0,,
fundalloc_2026_ETH_s30_b0.0125_c800,2026,component,True,0.6,30,1,4,8.971582552186664,6.124317388873479,3.9426460061563766,30.114651543784472
fundalloc_2026_ETH_s30_b0.0125_c800,2026,component,True,0.6,30,1,5,-1.9383823809268286,7.7546717258453635,-0.5960067711328426,-2.7327690223770364
fundalloc_2026_ETH_s30_b0.0125_c800,2026,component,True,0.6,30,1,6,31.421768660485405,7.766273963160186,4.792050209070671,344.86823285021774
fundalloc_2026_ETH_s30_b0.0125_c800,2026,component,True,0.6,30,2,1,4.3516932750000015,6.403873061216014,1.5508884750233078,10.60456199954719
fundalloc_2026_ETH_s30_b0.0125_c800,2026,component,True,0.6,30,2,2,-3.92802388620368,9.781567514126765,-1.302428380264393,-3.9448712492758875
fundalloc_2026_ETH_s30_b0.0125_c800,2026,component,True,0.6,30,2,3,0.0,0.0,,
fundalloc_2026_ETH_s30_b0.0125_c800,2026,component,True,0.6,30,2,4,8.82812363236467,6.124266852214855,3.889463592890833,29.376451782076533
fundalloc_2026_ETH_s30_b0.0125_c800,2026,component,True,0.6,30,2,5,-1.938367159222809,7.754612597315214,-0.5960079972246559,-2.732770666379953
fundalloc_2026_ETH_s30_b0.0125_c800,2026,component,True,0.6,30,2,6,31.2491402225324,7.766228221492588,4.766910444765437,339.1946941991381
fundalloc_2026_ETH_s30_b0.0125_c800,2026,component,True,0.6,30,3,1,4.214314606249991,6.403290545306783,1.5047453675291043,10.188584638844397
fundalloc_2026_ETH_s30_b0.0125_c800,2026,component,True,0.6,30,3,2,-4.053640222997402,9.780727633087471,-1.349840735983954,-4.044371243899689
fundalloc_2026_ETH_s30_b0.0125_c800,2026,component,True,0.6,30,3,3,0.0,0.0,,
fundalloc_2026_ETH_s30_b0.0125_c800,2026,component,True,0.6,30,3,4,8.684837912599864,6.124122686941924,3.835149872149933,28.650340397075272
fundalloc_2026_ETH_s30_b0.0125_c800,2026,component,True,0.6,30,3,5,-1.9383237363976513,7.754443921713894,-0.5960114948849234,-2.732775356220132
fundalloc_2026_ETH_s30_b0.0125_c800,2026,component,True,0.6,30,3,6,31.075605544078932,7.766097733641109,4.74158297819415,333.57833413554886
fundalloc_2026_ETH_s33_b0.0125_c800,2026,component,True,0.6,33,1,1,4.488117433625005,6.402696696433797,1.5971957927809093,11.026704778736127
fundalloc_2026_ETH_s33_b0.0125_c800,2026,component,True,0.6,33,1,2,-3.8012909817454754,9.779871403175932,-1.2547661379514647,-3.844025852853363
fundalloc_2026_ETH_s33_b0.0125_c800,2026,component,True,0.6,33,1,3,0.0,0.0,,
fundalloc_2026_ETH_s33_b0.0125_c800,2026,component,True,0.6,33,1,4,8.971582552186664,6.124317388873479,3.9426460061563766,30.114651543784472
fundalloc_2026_ETH_s33_b0.0125_c800,2026,component,True,0.6,33,1,5,-1.9383823809268286,7.7546717258453635,-0.5960067711328426,-2.7327690223770364
fundalloc_2026_ETH_s33_b0.0125_c800,2026,component,True,0.6,33,1,6,31.421768660485405,7.766273963160186,4.792050209070671,344.86823285021774
fundalloc_2026_ETH_s33_b0.0125_c800,2026,component,True,0.6,33,2,1,4.3516932750000015,6.403873061216014,1.5508884750233078,10.60456199954719
fundalloc_2026_ETH_s33_b0.0125_c800,2026,component,True,0.6,33,2,2,-3.92802388620368,9.781567514126765,-1.302428380264393,-3.9448712492758875
fundalloc_2026_ETH_s33_b0.0125_c800,2026,component,True,0.6,33,2,3,0.0,0.0,,
fundalloc_2026_ETH_s33_b0.0125_c800,2026,component,True,0.6,33,2,4,8.82812363236467,6.124266852214855,3.889463592890833,29.376451782076533
fundalloc_2026_ETH_s33_b0.0125_c800,2026,component,True,0.6,33,2,5,-1.938367159222809,7.754612597315214,-0.5960079972246559,-2.732770666379953
fundalloc_2026_ETH_s33_b0.0125_c800,2026,component,True,0.6,33,2,6,31.2491402225324,7.766228221492588,4.766910444765437,339.1946941991381
fundalloc_2026_ETH_s33_b0.0125_c800,2026,component,True,0.6,33,3,1,4.214314606249991,6.403290545306783,1.5047453675291043,10.188584638844397
fundalloc_2026_ETH_s33_b0.0125_c800,2026,component,True,0.6,33,3,2,-4.053640222997402,9.780727633087471,-1.349840735983954,-4.044371243899689
fundalloc_2026_ETH_s33_b0.0125_c800,2026,component,True,0.6,33,3,3,0.0,0.0,,
fundalloc_2026_ETH_s33_b0.0125_c800,2026,component,True,0.6,33,3,4,8.684837912599864,6.124122686941924,3.835149872149933,28.650340397075272
fundalloc_2026_ETH_s33_b0.0125_c800,2026,component,True,0.6,33,3,5,-1.9383237363976513,7.754443921713894,-0.5960114948849234,-2.732775356220132
fundalloc_2026_ETH_s33_b0.0125_c800,2026,component,True,0.6,33,3,6,31.075605544078932,7.766097733641109,4.74158297819415,333.57833413554886
fundalloc_2026_ETH_s35_b0.0125_c800,2026,component,True,0.6,35,1,1,4.488117433625005,6.402696696433797,1.5971957927809093,11.026704778736127
fundalloc_2026_ETH_s35_b0.0125_c800,2026,component,True,0.6,35,1,2,-3.8012909817454754,9.779871403175932,-1.2547661379514647,-3.844025852853363
fundalloc_2026_ETH_s35_b0.0125_c800,2026,component,True,0.6,35,1,3,0.0,0.0,,
fundalloc_2026_ETH_s35_b0.0125_c800,2026,component,True,0.6,35,1,4,7.724791589848712,6.124661821948951,3.443104498417374,24.04563844796629
fundalloc_2026_ETH_s35_b0.0125_c800,2026,component,True,0.6,35,1,5,-1.938486124271377,7.755074714928368,-0.5959984147120636,-2.732757817729261
fundalloc_2026_ETH_s35_b0.0125_c800,2026,component,True,0.6,35,1,6,31.423483615863734,7.766585710173968,4.7920576877423455,344.91118946505077
fundalloc_2026_ETH_s35_b0.0125_c800,2026,component,True,0.6,35,2,1,4.3516932750000015,6.403873061216014,1.5508884750233078,10.60456199954719
fundalloc_2026_ETH_s35_b0.0125_c800,2026,component,True,0.6,35,2,2,-3.92802388620368,9.781567514126765,-1.302428380264393,-3.9448712492758875
fundalloc_2026_ETH_s35_b0.0125_c800,2026,component,True,0.6,35,2,3,0.0,0.0,,
fundalloc_2026_ETH_s35_b0.0125_c800,2026,component,True,0.6,35,2,4,7.582994594763237,6.12431662777505,3.3830815162582146,23.4051194589357
fundalloc_2026_ETH_s35_b0.0125_c800,2026,component,True,0.6,35,2,5,-1.9383821516831379,7.7546708353511296,-0.5960067895981603,-2.7327690471362374
fundalloc_2026_ETH_s35_b0.0125_c800,2026,component,True,0.6,35,2,6,31.24938669924009,7.76627327427748,4.766911561170982,339.20077071050423
fundalloc_2026_ETH_s35_b0.0125_c800,2026,component,True,0.6,35,3,1,4.214314606249991,6.403290545306783,1.5047453675291043,10.188584638844397
fundalloc_2026_ETH_s35_b0.0125_c800,2026,component,True,0.6,35,3,2,-4.053640222997402,9.780727633087471,-1.349840735983954,-4.044371243899689
fundalloc_2026_ETH_s35_b0.0125_c800,2026,component,True,0.6,35,3,3,0.0,0.0,,
fundalloc_2026_ETH_s35_b0.0125_c800,2026,component,True,0.6,35,3,4,7.4408353497562585,6.123907431833597,3.322053983139444,22.772540626641902
fundalloc_2026_ETH_s35_b0.0125_c800,2026,component,True,0.6,35,3,5,-1.9382589010092932,7.754192068781595,-0.596016717299644,-2.732782358723155
fundalloc_2026_ETH_s35_b0.0125_c800,2026,component,True,0.6,35,3,6,31.07454554423168,7.765902897201626,4.741577994760865,333.55261581901857
fundalloc_2026_BTC_vol30_r1_c1350,2026,component,True,0.675,,1,1,4.249354542948125,4.317814620329452,2.234384270112073,15.26645039704782
fundalloc_2026_BTC_vol30_r1_c1350,2026,component,True,0.675,,1,2,4.0936956682575465,6.234948644334626,1.7338232998796808,10.092874497061823
fundalloc_2026_BTC_vol30_r1_c1350,2026,component,True,0.675,,1,3,-3.5394766917597575,4.00749976141711,-4.071145503139012,-8.8573810677799
fundalloc_2026_BTC_vol30_r1_c1350,2026,component,True,0.675,,1,4,0.9806343489686009,4.327985887207319,0.683458116059903,2.912788182237473
fundalloc_2026_BTC_vol30_r1_c1350,2026,component,True,0.675,,1,5,-2.6794142013391475,6.922226146674637,-1.3592858769476104,-4.065083074506299
fundalloc_2026_BTC_vol30_r1_c1350,2026,component,True,0.675,,1,6,21.744183968332,6.887171077141485,5.217114649996821,144.54691534652588
fundalloc_2026_BTC_vol30_r1_c1350,2026,component,True,0.675,,2,1,4.11394049724445,4.318832035148645,2.158893832652772,14.660098574931268
fundalloc_2026_BTC_vol30_r1_c1350,2026,component,True,0.675,,2,2,4.094643107857121,6.236256982181221,1.7338617630628599,10.093650362166724
fundalloc_2026_BTC_vol30_r1_c1350,2026,component,True,0.675,,2,3,-3.666467247697469,4.133977580167869,-4.216082329967235,-8.83448969111609
fundalloc_2026_BTC_vol30_r1_c1350,2026,component,True,0.675,,2,4,0.8484734622948853,4.327222871819558,0.6025051318004316,2.501944090156497
fundalloc_2026_BTC_vol30_r1_c1350,2026,component,True,0.675,,2,5,-2.678942618677782,6.921047389829571,-1.3593017587710183,-4.065163271881257
fundalloc_2026_BTC_vol30_r1_c1350,2026,component,True,0.675,,2,6,21.580680170578503,6.886214592772532,5.178888481815627,141.98689116815623
fundalloc_2026_BTC_vol30_r1_c1350,2026,component,True,0.675,,3,1,3.978744173288873,4.3198428992580755,2.0835609918921874,14.063690646290521
fundalloc_2026_BTC_vol30_r1_c1350,2026,component,True,0.675,,3,2,4.095584439421085,6.237556829363278,1.733899977497581,10.094421284759624
fundalloc_2026_BTC_vol30_r1_c1350,2026,component,True,0.675,,3,3,-3.7934489824561712,4.260445679985003,-4.352686289580934,-8.809443480181974
fundalloc_2026_BTC_vol30_r1_c1350,2026,component,True,0.675,,3,4,0.7166299798949671,4.326386496674839,0.5223701414181495,2.0979342596796795
fundalloc_2026_BTC_vol30_r1_c1350,2026,component,True,0.675,,3,5,-2.678425695601716,6.919755285673467,-1.35931916752404,-4.065251182275105
fundalloc_2026_BTC_vol30_r1_c1350,2026,component,True,0.675,,3,6,21.416921411489454,6.88516606540901,5.140296390375452,139.46254747265735
fundalloc_2026_ETH_s30_b0.0125_c650,2026,component,True,0.675,30,1,1,4.488602457230795,6.40336530754646,1.59720937882058,11.027058123479751
fundalloc_2026_ETH_s30_b0.0125_c650,2026,component,True,0.675,30,1,2,-3.801684134080008,9.78083542699607,-1.2547517419848213,-3.8439642270853054
fundalloc_2026_ETH_s30_b0.0125_c650,2026,component,True,0.675,30,1,3,0.0,0.0,,
fundalloc_2026_ETH_s30_b0.0125_c650,2026,component,True,0.675,30,1,4,8.971879859967945,6.124513095857187,3.942646218964814,30.11523086021285
fundalloc_2026_ETH_s30_b0.0125_c650,2026,component,True,0.675,30,1,5,-1.938441327997631,7.754900704793776,-0.596002023007702,-2.7327626558777047
fundalloc_2026_ETH_s30_b0.0125_c650,2026,component,True,0.675,30,1,6,31.422743099379424,7.766451099144511,4.792054458506191,344.8926401886994
fundalloc_2026_ETH_s30_b0.0125_c650,2026,component,True,0.675,30,2,1,4.351034141538479,6.402934545222905,1.5508691721150942,10.604101125633367
fundalloc_2026_ETH_s30_b0.0125_c650,2026,component,True,0.675,30,2,2,-3.927453731849506,9.780214342081205,-1.3024483434439833,-3.9449636417359155
fundalloc_2026_ETH_s30_b0.0125_c650,2026,component,True,0.675,30,2,3,0.0,0.0,,
fundalloc_2026_ETH_s30_b0.0125_c650,2026,component,True,0.675,30,2,4,8.827529741480289,6.1238690408029095,3.8894632205908524,29.375325403595873
fundalloc_2026_ETH_s30_b0.0125_c650,2026,component,True,0.675,30,2,5,-1.9382473375096465,7.754147150339685,-0.5960176487255663,-2.732783607633731
fundalloc_2026_ETH_s30_b0.0125_c650,2026,component,True,0.675,30,2,6,31.247170351003906,7.765868147455334,4.766901522015747,339.14613381162434
fundalloc_2026_ETH_s30_b0.0125_c650,2026,component,True,0.675,30,3,1,4.214211723076922,6.4024563780396,1.5048840223338635,10.18960209965481
fundalloc_2026_ETH_s30_b0.0125_c650,2026,component,True,0.675,30,3,2,-4.052692734158347,9.779524902055003,-1.3496989961438406,-4.044126013266638
fundalloc_2026_ETH_s30_b0.0125_c650,2026,component,True,0.675,30,3,3,0.0,0.0,,
fundalloc_2026_ETH_s30_b0.0125_c650,2026,component,True,0.675,30,3,4,8.686213627816697,6.124639682762901,3.8353872657994574,28.65484882183008
fundalloc_2026_ETH_s30_b0.0125_c650,2026,component,True,0.675,30,3,5,-1.9384794559589302,7.755048812030985,-0.5959989518381714,-2.7327585379287367
fundalloc_2026_ETH_s30_b0.0125_c650,2026,component,True,0.675,30,3,6,31.07868122699189,7.766565672257575,4.741672753974655,333.6571523849489
fundalloc_2026_ETH_s33_b0.0125_c650,2026,component,True,0.675,33,1,1,4.488602457230795,6.40336530754646,1.59720937882058,11.027058123479751
fundalloc_2026_ETH_s33_b0.0125_c650,2026,component,True,0.675,33,1,2,-3.801684134080008,9.78083542699607,-1.2547517419848213,-3.8439642270853054
fundalloc_2026_ETH_s33_b0.0125_c650,2026,component,True,0.675,33,1,3,0.0,0.0,,
fundalloc_2026_ETH_s33_b0.0125_c650,2026,component,True,0.675,33,1,4,8.971879859967945,6.124513095857187,3.942646218964814,30.11523086021285
fundalloc_2026_ETH_s33_b0.0125_c650,2026,component,True,0.675,33,1,5,-1.938441327997631,7.754900704793776,-0.596002023007702,-2.7327626558777047
fundalloc_2026_ETH_s33_b0.0125_c650,2026,component,True,0.675,33,1,6,31.422743099379424,7.766451099144511,4.792054458506191,344.8926401886994
fundalloc_2026_ETH_s33_b0.0125_c650,2026,component,True,0.675,33,2,1,4.351034141538479,6.402934545222905,1.5508691721150942,10.604101125633367
fundalloc_2026_ETH_s33_b0.0125_c650,2026,component,True,0.675,33,2,2,-3.927453731849506,9.780214342081205,-1.3024483434439833,-3.9449636417359155
fundalloc_2026_ETH_s33_b0.0125_c650,2026,component,True,0.675,33,2,3,0.0,0.0,,
fundalloc_2026_ETH_s33_b0.0125_c650,2026,component,True,0.675,33,2,4,8.827529741480289,6.1238690408029095,3.8894632205908524,29.375325403595873
fundalloc_2026_ETH_s33_b0.0125_c650,2026,component,True,0.675,33,2,5,-1.9382473375096465,7.754147150339685,-0.5960176487255663,-2.732783607633731
fundalloc_2026_ETH_s33_b0.0125_c650,2026,component,True,0.675,33,2,6,31.247170351003906,7.765868147455334,4.766901522015747,339.14613381162434
fundalloc_2026_ETH_s33_b0.0125_c650,2026,component,True,0.675,33,3,1,4.214211723076922,6.4024563780396,1.5048840223338635,10.18960209965481
fundalloc_2026_ETH_s33_b0.0125_c650,2026,component,True,0.675,33,3,2,-4.052692734158347,9.779524902055003,-1.3496989961438406,-4.044126013266638
fundalloc_2026_ETH_s33_b0.0125_c650,2026,component,True,0.675,33,3,3,0.0,0.0,,
fundalloc_2026_ETH_s33_b0.0125_c650,2026,component,True,0.675,33,3,4,8.686213627816697,6.124639682762901,3.8353872657994574,28.65484882183008
fundalloc_2026_ETH_s33_b0.0125_c650,2026,component,True,0.675,33,3,5,-1.9384794559589302,7.755048812030985,-0.5959989518381714,-2.7327585379287367
fundalloc_2026_ETH_s33_b0.0125_c650,2026,component,True,0.675,33,3,6,31.07868122699189,7.766565672257575,4.741672753974655,333.6571523849489
fundalloc_2026_ETH_s35_b0.0125_c650,2026,component,True,0.675,35,1,1,4.488602457230795,6.40336530754646,1.59720937882058,11.027058123479751
fundalloc_2026_ETH_s35_b0.0125_c650,2026,component,True,0.675,35,1,2,-3.801684134080008,9.78083542699607,-1.2547517419848213,-3.8439642270853054
fundalloc_2026_ETH_s35_b0.0125_c650,2026,component,True,0.675,35,1,3,0.0,0.0,,
fundalloc_2026_ETH_s35_b0.0125_c650,2026,component,True,0.675,35,1,4,7.72347092149408,6.123640408335207,3.4431040647142743,24.043626620158655
fundalloc_2026_ETH_s35_b0.0125_c650,2026,component,True,0.675,35,1,5,-1.9381784725433615,7.753879643892214,-0.5960231957123573,-2.7327910453789035
fundalloc_2026_ETH_s35_b0.0125_c650,2026,component,True,0.675,35,1,6,31.418397912382257,7.7656611975697505,4.792035508567007,344.7838167753518
fundalloc_2026_ETH_s35_b0.0125_c650,2026,component,True,0.675,35,2,1,4.351034141538479,6.402934545222905,1.5508691721150942,10.604101125633367
fundalloc_2026_ETH_s35_b0.0125_c650,2026,component,True,0.675,35,2,2,-3.927453731849506,9.780214342081205,-1.3024483434439833,-3.9449636417359155
fundalloc_2026_ETH_s35_b0.0125_c650,2026,component,True,0.675,35,2,3,0.0,0.0,,
fundalloc_2026_ETH_s35_b0.0125_c650,2026,component,True,0.675,35,2,4,7.5829974902605235,6.124318911909188,3.383081517275126,23.405123740637833
fundalloc_2026_ETH_s35_b0.0125_c650,2026,component,True,0.675,35,2,5,-1.9383828396668856,7.75467350781528,-0.5960067341818296,-2.732768972831362
fundalloc_2026_ETH_s35_b0.0125_c650,2026,component,True,0.675,35,2,6,31.24939800972495,7.766275341684725,4.766911612401129,339.20104955599714
fundalloc_2026_ETH_s35_b0.0125_c650,2026,component,True,0.675,35,3,1,4.214211723076922,6.4024563780396,1.5048840223338635,10.18960209965481
fundalloc_2026_ETH_s35_b0.0125_c650,2026,component,True,0.675,35,3,2,-4.052692734158347,9.779524902055003,-1.3496989961438406,-4.044126013266638
fundalloc_2026_ETH_s35_b0.0125_c650,2026,component,True,0.675,35,3,3,0.0,0.0,,
fundalloc_2026_ETH_s35_b0.0125_c650,2026,component,True,0.675,35,3,4,7.442608969492004,6.124849404349975,3.322316156792224,22.77689130398458
fundalloc_2026_ETH_s35_b0.0125_c650,2026,component,True,0.675,35,3,5,-1.9385426239088899,7.755294186187878,-0.5959938637189958,-2.7327517155941417
fundalloc_2026_ETH_s35_b0.0125_c650,2026,component,True,0.675,35,3,6,31.079713987965917,7.766755487130517,4.741677608275312,333.6822174405815
volratio_2026_BTC_n30_r1_e15_x30_c1500,2026,component,False,0.75,,1,1,4.251100067479996,4.319618638202982,2.2343663164464407,15.267900114736342
volratio_2026_BTC_n30_r1_e15_x30_c1500,2026,component,False,0.75,,1,2,4.095375604896678,6.23726846291881,1.7338914996876902,10.094250250375593
volratio_2026_BTC_n30_r1_e15_x30_c1500,2026,component,False,0.75,,1,3,-3.5409103798156427,4.009110102104774,-4.071185394576784,-8.85673256073926
volratio_2026_BTC_n30_r1_e15_x30_c1500,2026,component,False,0.75,,1,4,0.9806432794805975,4.328300957972154,0.6834253430516973,2.9126041445708006
volratio_2026_BTC_n30_r1_e15_x30_c1500,2026,component,False,0.75,,1,5,-2.6796089311572624,6.9227128847813795,-1.3592793188855166,-4.065049959357931
volratio_2026_BTC_n30_r1_e15_x30_c1500,2026,component,False,0.75,,1,6,21.74574437180643,6.887566015869517,5.21712523302529,144.56343227335543
volratio_2026_BTC_n30_r1_e15_x30_c1500,2026,component,False,0.75,,2,1,4.114035386999992,4.319063039957227,2.1588247296385257,14.659733775301786
volratio_2026_BTC_n30_r1_e15_x30_c1500,2026,component,False,0.75,,2,2,4.094858223632292,6.236554031885189,1.733870496003159,10.093826530378006
volratio_2026_BTC_n30_r1_e15_x30_c1500,2026,component,False,0.75,,2,3,-3.6667288700132694,4.134261413144069,-4.216167333637678,-8.834390499284444
volratio_2026_BTC_n30_r1_e15_x30_c1500,2026,component,False,0.75,,2,4,0.8484413921144629,4.327618236871955,0.6024456388318521,2.501616433482476
volratio_2026_BTC_n30_r1_e15_x30_c1500,2026,component,False,0.75,,2,5,-2.6791869746019326,6.921658177789547,-1.3592935294269044,-4.065121716434996
volratio_2026_BTC_n30_r1_e15_x30_c1500,2026,component,False,0.75,,2,6,21.58256034108441,6.886710214902802,5.178886649343909,142.00612019941696
volratio_2026_BTC_n30_r1_e15_x30_c1500,2026,component,False,0.75,,3,1,3.9772864280799958,4.318492628985782,2.0834395150728917,14.061739021303005
volratio_2026_BTC_n30_r1_e15_x30_c1500,2026,component,False,0.75,,3,2,4.094327046075241,6.235820532574799,1.733848931997764,10.093391530232532
volratio_2026_BTC_n30_r1_e15_x30_c1500,2026,component,False,0.75,,3,3,-3.792444894939362,4.259309399091293,-4.352808564626699,-8.809931191769092
volratio_2026_BTC_n30_r1_e15_x30_c1500,2026,component,False,0.75,,3,4,0.7165508870364601,4.326854455682472,0.5222845168954209,2.0974665034343083
volratio_2026_BTC_n30_r1_e15_x30_c1500,2026,component,False,0.75,,3,5,-2.678714918501024,6.920478231038429,-1.3593094271813366,-4.065201995342369
volratio_2026_BTC_n30_r1_e15_x30_c1500,2026,component,False,0.75,,3,6,21.419092169371545,6.885752735989136,5.1402851077061875,139.48416116582544
confirm_middle_2026_ETH_s30_b0.0125_e15_x30_c500,2026,component,False,0.75,30,1,1,4.4873607967999884,6.401653653374495,1.5971745984383627,11.026153586079891
confirm_middle_2026_ETH_s30_b0.0125_e15_x30_c500,2026,component,False,0.75,30,1,2,-3.800677656815332,9.778367489460082,-1.2547885958802254,-3.844121992884247
confirm_middle_2026_ETH_s30_b0.0125_e15_x30_c500,2026,component,False,0.75,30,1,3,0.0,0.0,,
confirm_middle_2026_ETH_s30_b0.0125_e15_x30_c500,2026,component,False,0.75,30,1,4,8.972376267333871,6.124839861880693,3.942646574292735,30.116198157599598
confirm_middle_2026_ETH_s30_b0.0125_e15_x30_c500,2026,component,False,0.75,30,1,5,-1.938539749730439,7.755283021531079,-0.5959940952314751,-2.732752026013872
confirm_middle_2026_ETH_s30_b0.0125_e15_x30_c500,2026,component,False,0.75,30,1,6,31.42490096949102,7.766746850510531,4.7921387783453095,344.9509815699591
confirm_middle_2026_ETH_s30_b0.0125_e15_x30_c500,2026,component,False,0.75,30,2,1,4.350424616400006,6.401405332224264,1.550994379371842,10.604770415822058
confirm_middle_2026_ETH_s30_b0.0125_e15_x30_c500,2026,component,False,0.75,30,2,2,-3.926099892224222,9.778009443066216,-1.3023205087509646,-3.9447762164200904
confirm_middle_2026_ETH_s30_b0.0125_e15_x30_c500,2026,component,False,0.75,30,2,3,0.0,0.0,,
confirm_middle_2026_ETH_s30_b0.0125_e15_x30_c500,2026,component,False,0.75,30,2,4,8.827069394633668,6.123146556770798,3.889694612828441,29.376439009397252
confirm_middle_2026_ETH_s30_b0.0125_e15_x30_c500,2026,component,False,0.75,30,2,5,-1.938029721730894,7.753301818428748,-0.5960351773869738,-2.7328071112677494
confirm_middle_2026_ETH_s30_b0.0125_e15_x30_c500,2026,component,False,0.75,30,2,6,31.24412296465109,7.765214165802359,4.7669628403758,339.0752566385876
confirm_middle_2026_ETH_s30_b0.0125_e15_x30_c500,2026,component,False,0.75,30,3,1,4.215679721400001,6.403934325476158,1.5050708386514167,10.19167297656904
confirm_middle_2026_ETH_s30_b0.0125_e15_x30_c500,2026,component,False,0.75,30,3,2,-4.053619296725208,9.781655845449,-1.3496679425848814,-4.043971063471147
confirm_middle_2026_ETH_s30_b0.0125_e15_x30_c500,2026,component,False,0.75,30,3,3,0.0,0.0,,
confirm_middle_2026_ETH_s30_b0.0125_e15_x30_c500,2026,component,False,0.75,30,3,4,8.685091290815139,6.123453759943864,3.835623274419381,28.65474612385514
confirm_middle_2026_ETH_s30_b0.0125_e15_x30_c500,2026,component,False,0.75,30,3,5,-1.938122253155783,7.753661258875367,-0.5960277241099365,-2.7327971173609593
confirm_middle_2026_ETH_s30_b0.0125_e15_x30_c500,2026,component,False,0.75,30,3,6,31.07337088807094,7.765492246880534,4.741723109985723,333.5324816854809
confirm_local_2026_ETH_s33_b0.0125_e15_x30_c500,2026,component,False,0.75,33,1,1,4.4873607967999884,6.401653653374495,1.5971745984383627,11.026153586079891
confirm_local_2026_ETH_s33_b0.0125_e15_x30_c500,2026,component,False,0.75,33,1,2,-3.800677656815332,9.778367489460082,-1.2547885958802254,-3.844121992884247
confirm_local_2026_ETH_s33_b0.0125_e15_x30_c500,2026,component,False,0.75,33,1,3,0.0,0.0,,
confirm_local_2026_ETH_s33_b0.0125_e15_x30_c500,2026,component,False,0.75,33,1,4,8.972376267333871,6.124839861880693,3.942646574292735,30.116198157599598
confirm_local_2026_ETH_s33_b0.0125_e15_x30_c500,2026,component,False,0.75,33,1,5,-1.938539749730439,7.755283021531079,-0.5959940952314751,-2.732752026013872
confirm_local_2026_ETH_s33_b0.0125_e15_x30_c500,2026,component,False,0.75,33,1,6,31.42490096949102,7.766746850510531,4.7921387783453095,344.9509815699591
confirm_local_2026_ETH_s33_b0.0125_e15_x30_c500,2026,component,False,0.75,33,2,1,4.350424616400006,6.401405332224264,1.550994379371842,10.604770415822058
confirm_local_2026_ETH_s33_b0.0125_e15_x30_c500,2026,component,False,0.75,33,2,2,-3.926099892224222,9.778009443066216,-1.3023205087509646,-3.9447762164200904
confirm_local_2026_ETH_s33_b0.0125_e15_x30_c500,2026,component,False,0.75,33,2,3,0.0,0.0,,
confirm_local_2026_ETH_s33_b0.0125_e15_x30_c500,2026,component,False,0.75,33,2,4,8.827069394633668,6.123146556770798,3.889694612828441,29.376439009397252
confirm_local_2026_ETH_s33_b0.0125_e15_x30_c500,2026,component,False,0.75,33,2,5,-1.938029721730894,7.753301818428748,-0.5960351773869738,-2.7328071112677494
confirm_local_2026_ETH_s33_b0.0125_e15_x30_c500,2026,component,False,0.75,33,2,6,31.24412296465109,7.765214165802359,4.7669628403758,339.0752566385876
confirm_local_2026_ETH_s33_b0.0125_e15_x30_c500,2026,component,False,0.75,33,3,1,4.215679721400001,6.403934325476158,1.5050708386514167,10.19167297656904
confirm_local_2026_ETH_s33_b0.0125_e15_x30_c500,2026,component,False,0.75,33,3,2,-4.053619296725208,9.781655845449,-1.3496679425848814,-4.043971063471147
confirm_local_2026_ETH_s33_b0.0125_e15_x30_c500,2026,component,False,0.75,33,3,3,0.0,0.0,,
confirm_local_2026_ETH_s33_b0.0125_e15_x30_c500,2026,component,False,0.75,33,3,4,8.685091290815139,6.123453759943864,3.835623274419381,28.65474612385514
confirm_local_2026_ETH_s33_b0.0125_e15_x30_c500,2026,component,False,0.75,33,3,5,-1.938122253155783,7.753661258875367,-0.5960277241099365,-2.7327971173609593
confirm_local_2026_ETH_s33_b0.0125_e15_x30_c500,2026,component,False,0.75,33,3,6,31.07337088807094,7.765492246880534,4.741723109985723,333.5324816854809
confirm_refine_2026_ETH_s35_b0.0125_e15_x30_c500,2026,component,False,0.75,35,1,1,4.4873607967999884,6.401653653374495,1.5971745984383627,11.026153586079891
confirm_refine_2026_ETH_s35_b0.0125_e15_x30_c500,2026,component,False,0.75,35,1,2,-3.800677656815332,9.778367489460082,-1.2547885958802254,-3.844121992884247
confirm_refine_2026_ETH_s35_b0.0125_e15_x30_c500,2026,component,False,0.75,35,1,3,0.0,0.0,,
confirm_refine_2026_ETH_s35_b0.0125_e15_x30_c500,2026,component,False,0.75,35,1,4,7.724675623159194,6.124104019196608,3.4433593320416875,24.047299768474172
confirm_refine_2026_ETH_s35_b0.0125_e15_x30_c500,2026,component,False,0.75,35,1,5,-1.9383181136337968,7.754422080118683,-0.5960119477921462,-2.7327759635020636
confirm_refine_2026_ETH_s35_b0.0125_e15_x30_c500,2026,component,False,0.75,35,1,6,31.421237096904918,7.766080836835987,4.792122802569705,344.85920411528275
confirm_refine_2026_ETH_s35_b0.0125_e15_x30_c500,2026,component,False,0.75,35,2,1,4.350424616400006,6.401405332224264,1.550994379371842,10.604770415822058
confirm_refine_2026_ETH_s35_b0.0125_e15_x30_c500,2026,component,False,0.75,35,2,2,-3.926099892224222,9.778009443066216,-1.3023205087509646,-3.9447762164200904
confirm_refine_2026_ETH_s35_b0.0125_e15_x30_c500,2026,component,False,0.75,35,2,3,0.0,0.0,,
confirm_refine_2026_ETH_s35_b0.0125_e15_x30_c500,2026,component,False,0.75,35,2,4,7.583496625992714,6.124235957753754,3.3833399891302443,23.407683721748374
confirm_refine_2026_ETH_s35_b0.0125_e15_x30_c500,2026,component,False,0.75,35,2,5,-1.9383578537669477,7.754576450368178,-0.5960087467689268,-2.7327716714058092
confirm_refine_2026_ETH_s35_b0.0125_e15_x30_c500,2026,component,False,0.75,35,2,6,31.249517541407744,7.766200258236056,4.76698727427809,339.20823017515767
confirm_refine_2026_ETH_s35_b0.0125_e15_x30_c500,2026,component,False,0.75,35,3,1,4.215679721400001,6.403934325476158,1.5050708386514167,10.19167297656904
confirm_refine_2026_ETH_s35_b0.0125_e15_x30_c500,2026,component,False,0.75,35,3,2,-4.053619296725208,9.781655845449,-1.3496679425848814,-4.043971063471147
confirm_refine_2026_ETH_s35_b0.0125_e15_x30_c500,2026,component,False,0.75,35,3,3,0.0,0.0,,
confirm_refine_2026_ETH_s35_b0.0125_e15_x30_c500,2026,component,False,0.75,35,3,4,7.442523965935854,6.124295400705837,3.322577580699902,22.77857526721615
confirm_refine_2026_ETH_s35_b0.0125_e15_x30_c500,2026,component,False,0.75,35,3,5,-1.9383757580650585,7.754645999420051,-0.5960073045972153,-2.7327697376715703
confirm_refine_2026_ETH_s35_b0.0125_e15_x30_c500,2026,component,False,0.75,35,3,6,31.07751560134917,7.7662540612881354,4.741742591752705,333.6330479227346
fundalloc_2025_btc0.6_ethS30_b0.0125,2025,combination,True,0.6,30,1,1,0.0,0.0,,
fundalloc_2025_btc0.6_ethS30_b0.0125,2025,combination,True,0.6,30,1,2,28.287380892745006,6.129227428556094,6.103382760881763,321.61895997529837
fundalloc_2025_btc0.6_ethS30_b0.0125,2025,combination,True,0.6,30,1,3,1.3450652534894747,11.018500601295555,0.5895857983103117,1.6020099097648144
fundalloc_2025_btc0.6_ethS30_b0.0125,2025,combination,True,0.6,30,1,4,8.217896834681572,11.127950205387382,3.4591597193884245,14.504019108565249
fundalloc_2025_btc0.6_ethS30_b0.0125,2025,combination,True,0.6,30,1,5,21.443865025366616,10.779022381034398,5.629792325894472,89.34844123448744
fundalloc_2025_btc0.6_ethS30_b0.0125,2025,combination,True,0.6,30,1,6,-0.1154267677939691,9.673071113473053,0.19103106722993055,-0.14425032995953155
fundalloc_2025_btc0.6_ethS30_b0.0125,2025,combination,True,0.6,30,2,1,0.0,0.0,,
fundalloc_2025_btc0.6_ethS30_b0.0125,2025,combination,True,0.6,30,2,2,28.117140369960005,6.128913662320368,6.079063754024903,316.2192860537141
fundalloc_2025_btc0.6_ethS30_b0.0125,2025,combination,True,0.6,30,2,3,1.3449151690588357,11.017843794418047,0.5895523119898562,1.601913011398062
fundalloc_2025_btc0.6_ethS30_b0.0125,2025,combination,True,0.6,30,2,4,7.934330218205021,11.359825956647363,3.346504108040578,13.484998652354738
fundalloc_2025_btc0.6_ethS30_b0.0125,2025,combination,True,0.6,30,2,5,21.442276913019988,10.778500713141327,5.629703292455643,89.33707438197747
fundalloc_2025_btc0.6_ethS30_b0.0125,2025,combination,True,0.6,30,2,6,-0.35655346228783413,9.672636128396771,0.12689758558472028,-0.4396672978279077
fundalloc_2025_btc0.6_ethS30_b0.0125,2025,combination,True,0.6,30,3,1,0.0,0.0,,
fundalloc_2025_btc0.6_ethS30_b0.0125,2025,combination,True,0.6,30,3,2,27.947213358099997,6.12858444369595,6.054470335316381,310.9093743881338
fundalloc_2025_btc0.6_ethS30_b0.0125,2025,combination,True,0.6,30,3,3,1.34476139014017,11.01716019177954,0.5895182230366258,1.6018152642894585
fundalloc_2025_btc0.6_ethS30_b0.0125,2025,combination,True,0.6,30,3,4,7.653294286523726,11.591560190142836,3.233365024226377,12.533434092440585
fundalloc_2025_btc0.6_ethS30_b0.0125,2025,combination,True,0.6,30,3,5,21.44502147973373,10.779224222668526,5.629925459234371,89.35819511233423
fundalloc_2025_btc0.6_ethS30_b0.0125,2025,combination,True,0.6,30,3,6,-0.596725081655447,9.673248838898607,0.06264871321615231,-0.7260324725355766
fundalloc_2025_btc0.6_ethS33_b0.0125,2025,combination,True,0.6,33,1,1,0.0,0.0,,
fundalloc_2025_btc0.6_ethS33_b0.0125,2025,combination,True,0.6,33,1,2,27.181414881395007,6.113290516587567,5.9181080254676885,288.58102972072993
fundalloc_2025_btc0.6_ethS33_b0.0125,2025,combination,True,0.6,33,1,3,1.3525412393030845,11.007836436578444,0.5921766441101265,1.613158401633527
fundalloc_2025_btc0.6_ethS33_b0.0125,2025,combination,True,0.6,33,1,4,8.162240305770085,11.10434870308965,3.447067474544366,14.38796915098765
fundalloc_2025_btc0.6_ethS33_b0.0125,2025,combination,True,0.6,33,1,5,21.23019696808759,10.739372456583196,5.605912465681355,87.58003154639779
fundalloc_2025_btc0.6_ethS33_b0.0125,2025,combination,True,0.6,33,1,6,-0.14466537855669648,9.638360671253587,0.18154120969514911,-0.18114577884022898
fundalloc_2025_btc0.6_ethS33_b0.0125,2025,combination,True,0.6,33,2,1,0.0,0.0,,
fundalloc_2025_btc0.6_ethS33_b0.0125,2025,combination,True,0.6,33,2,2,27.012236625359986,6.112902846930657,5.892038729519725,283.7003040632415
fundalloc_2025_btc0.6_ethS33_b0.0125,2025,combination,True,0.6,33,2,3,1.3523885576998351,11.007074174689802,0.5921447319388544,1.613074034730397
fundalloc_2025_btc0.6_ethS33_b0.0125,2025,combination,True,0.6,33,2,4,7.878215970829139,11.336079645062991,3.3339732572464293,13.372381188176298
fundalloc_2025_btc0.6_ethS33_b0.0125,2025,combination,True,0.6,33,2,5,21.227158667744384,10.738425886575065,5.6057176576357985,87.55820851918114
fundalloc_2025_btc0.6_ethS33_b0.0125,2025,combination,True,0.6,33,2,6,-0.38706889824466906,9.637567495235421,0.11654350386520902,-0.47822091755867996
fundalloc_2025_btc0.6_ethS33_b0.0125,2025,combination,True,0.6,33,3,1,0.0,0.0,,
fundalloc_2025_btc0.6_ethS33_b0.0125,2025,combination,True,0.6,33,3,2,26.843374610150008,6.112499307780183,5.865710356860416,278.9009720423216
fundalloc_2025_btc0.6_ethS33_b0.0125,2025,combination,True,0.6,33,3,3,1.3522320974758584,11.006284416939248,0.592112213401256,1.6129888360868396
fundalloc_2025_btc0.6_ethS33_b0.0125,2025,combination,True,0.6,33,3,4,7.596750972323396,11.567660335154118,3.2203960205198765,12.424223959059308
fundalloc_2025_btc0.6_ethS33_b0.0125,2025,combination,True,0.6,33,3,5,21.228487368147775,10.738735575680082,5.605843020760069,87.56860174879871
fundalloc_2025_btc0.6_ethS33_b0.0125,2025,combination,True,0.6,33,3,6,-0.6285046508541225,9.637832885094655,0.051419046178199965,-0.7661579757866571
fundalloc_2025_btc0.6_ethS35_b0.0125,2025,combination,True,0.6,35,1,1,0.0,0.0,,
fundalloc_2025_btc0.6_ethS35_b0.0125,2025,combination,True,0.6,35,1,2,27.181414881395007,6.113290516587567,5.9181080254676885,288.58102972072993
fundalloc_2025_btc0.6_ethS35_b0.0125,2025,combination,True,0.6,35,1,3,1.3525412393030845,11.007836436578444,0.5921766441101265,1.613158401633527
fundalloc_2025_btc0.6_ethS35_b0.0125,2025,combination,True,0.6,35,1,4,8.162240305770085,11.10434870308965,3.447067474544366,14.38796915098765
fundalloc_2025_btc0.6_ethS35_b0.0125,2025,combination,True,0.6,35,1,5,21.23019696808759,10.739372456583196,5.605912465681355,87.58003154639779
fundalloc_2025_btc0.6_ethS35_b0.0125,2025,combination,True,0.6,35,1,6,-0.14466537855669648,9.638360671253587,0.18154120969514911,-0.18114577884022898
fundalloc_2025_btc0.6_ethS35_b0.0125,2025,combination,True,0.6,35,2,1,0.0,0.0,,
fundalloc_2025_btc0.6_ethS35_b0.0125,2025,combination,True,0.6,35,2,2,27.012236625359986,6.112902846930657,5.892038729519725,283.7003040632415
fundalloc_2025_btc0.6_ethS35_b0.0125,2025,combination,True,0.6,35,2,3,1.3523885576998351,11.007074174689802,0.5921447319388544,1.613074034730397
fundalloc_2025_btc0.6_ethS35_b0.0125,2025,combination,True,0.6,35,2,4,7.878215970829139,11.336079645062991,3.3339732572464293,13.372381188176298
fundalloc_2025_btc0.6_ethS35_b0.0125,2025,combination,True,0.6,35,2,5,21.227158667744384,10.738425886575065,5.6057176576357985,87.55820851918114
fundalloc_2025_btc0.6_ethS35_b0.0125,2025,combination,True,0.6,35,2,6,-0.38706889824466906,9.637567495235421,0.11654350386520902,-0.47822091755867996
fundalloc_2025_btc0.6_ethS35_b0.0125,2025,combination,True,0.6,35,3,1,0.0,0.0,,
fundalloc_2025_btc0.6_ethS35_b0.0125,2025,combination,True,0.6,35,3,2,26.843374610150008,6.112499307780183,5.865710356860416,278.9009720423216
fundalloc_2025_btc0.6_ethS35_b0.0125,2025,combination,True,0.6,35,3,3,1.3522320974758584,11.006284416939248,0.592112213401256,1.6129888360868396
fundalloc_2025_btc0.6_ethS35_b0.0125,2025,combination,True,0.6,35,3,4,7.596750972323396,11.567660335154118,3.2203960205198765,12.424223959059308
fundalloc_2025_btc0.6_ethS35_b0.0125,2025,combination,True,0.6,35,3,5,21.228487368147775,10.738735575680082,5.605843020760069,87.56860174879871
fundalloc_2025_btc0.6_ethS35_b0.0125,2025,combination,True,0.6,35,3,6,-0.6285046508541225,9.637832885094655,0.051419046178199965,-0.7661579757866571
fundalloc_2025_btc0.675_ethS30_b0.0125,2025,combination,True,0.675,30,1,1,0.0,0.0,,
fundalloc_2025_btc0.675_ethS30_b0.0125,2025,combination,True,0.675,30,1,2,26.359661789800004,5.864254937117064,6.191921599688054,276.72830083721294
fundalloc_2025_btc0.675_ethS30_b0.0125,2025,combination,True,0.675,30,1,3,1.4669335717940601,10.837919899048721,0.633669004473698,1.7885957728185486
fundalloc_2025_btc0.675_ethS30_b0.0125,2025,combination,True,0.675,30,1,4,7.299069856328155,10.73443885769576,3.2425152786382307,12.636056503402582
fundalloc_2025_btc0.675_ethS30_b0.0125,2025,combination,True,0.675,30,1,5,17.89806214798979,10.107056223648259,5.186044250815981,63.45135879803194
fundalloc_2025_btc0.675_ethS30_b0.0125,2025,combination,True,0.675,30,1,6,-0.612404613722739,9.077276841424641,0.011794555875593712,-0.7933403873228942
fundalloc_2025_btc0.675_ethS30_b0.0125,2025,combination,True,0.675,30,2,1,0.0,0.0,,
fundalloc_2025_btc0.675_ethS30_b0.0125,2025,combination,True,0.675,30,2,2,26.193328708059994,5.864188205636955,6.169170870014134,272.06076343425747
fundalloc_2025_btc0.675_ethS30_b0.0125,2025,combination,True,0.675,30,2,3,1.466949076430657,10.837851651776164,0.6336761357086339,1.788627515088467
fundalloc_2025_btc0.675_ethS30_b0.0125,2025,combination,True,0.675,30,2,4,7.01928675650807,10.968098879259347,3.1247743583645007,11.695119041924716
fundalloc_2025_btc0.675_ethS30_b0.0125,2025,combination,True,0.675,30,2,5,17.89545095683387,10.107604908865452,5.185248092612667,63.428153811261446
fundalloc_2025_btc0.675_ethS30_b0.0125,2025,combination,True,0.675,30,2,6,-0.8743712575440932,9.077656788435974,-0.06853346275846435,-1.1163588482205709
fundalloc_2025_btc0.675_ethS30_b0.0125,2025,combination,True,0.675,30,3,1,0.0,0.0,,
fundalloc_2025_btc0.675_ethS30_b0.0125,2025,combination,True,0.675,30,3,2,26.031284536020017,5.864715171773827,6.1460396801714765,267.5521013597038
fundalloc_2025_btc0.675_ethS30_b0.0125,2025,combination,True,0.675,30,3,3,1.4669636565289412,10.838596924315935,0.6336596135852024,1.788523784106457
fundalloc_2025_btc0.675_ethS30_b0.0125,2025,combination,True,0.675,30,3,4,6.738229449014521,11.201309347422706,3.005752334902348,10.809926771816434
fundalloc_2025_btc0.675_ethS30_b0.0125,2025,combination,True,0.675,30,3,5,17.897263794260354,10.10706325054348,5.185866117867135,63.445272183473165
fundalloc_2025_btc0.675_ethS30_b0.0125,2025,combination,True,0.675,30,3,6,-1.1337000212157444,9.077265805789914,-0.14867866212610906,-1.4269653629110384
fundalloc_2025_btc0.675_ethS33_b0.0125,2025,combination,True,0.675,33,1,1,0.0,0.0,,
fundalloc_2025_btc0.675_ethS33_b0.0125,2025,combination,True,0.675,33,1,2,25.460149852750003,5.848995302727856,6.028046186018794,252.92929605903007
fundalloc_2025_btc0.675_ethS33_b0.0125,2025,combination,True,0.675,33,1,3,1.4739593426043252,10.827556040334718,0.6363158916302843,1.7996001523873204
fundalloc_2025_btc0.675_ethS33_b0.0125,2025,combination,True,0.675,33,1,4,7.246586651097675,10.711855649203827,3.228924110436885,12.532140527523634
fundalloc_2025_btc0.675_ethS33_b0.0125,2025,combination,True,0.675,33,1,5,17.69308720027414,10.067598850347393,5.156841014599861,62.1575362424712
fundalloc_2025_btc0.675_ethS33_b0.0125,2025,combination,True,0.675,33,1,6,-0.6421080567835746,9.041755484412972,-0.0002652527511458026,-0.8337143185311657
fundalloc_2025_btc0.675_ethS33_b0.0125,2025,combination,True,0.675,33,2,1,0.0,0.0,,
fundalloc_2025_btc0.675_ethS33_b0.0125,2025,combination,True,0.675,33,2,2,25.294705257659977,5.848867410686209,6.00386473059629,248.63413018777152
fundalloc_2025_btc0.675_ethS33_b0.0125,2025,combination,True,0.675,33,2,3,1.473973833293396,10.827402331772696,0.6363252183705739,1.7996448732527917
fundalloc_2025_btc0.675_ethS33_b0.0125,2025,combination,True,0.675,33,2,4,6.966454765080243,10.9454016716367,3.110778464088214,11.594450594842277
fundalloc_2025_btc0.675_ethS33_b0.0125,2025,combination,True,0.675,33,2,5,17.68923683277159,10.067786805263633,5.155909694079862,62.12768700048079
fundalloc_2025_btc0.675_ethS33_b0.0125,2025,combination,True,0.675,33,2,6,-0.9053718490366292,9.041823494680035,-0.08175219298281339,-1.1585348057279465
fundalloc_2025_btc0.675_ethS33_b0.0125,2025,combination,True,0.675,33,3,1,0.0,0.0,,
fundalloc_2025_btc0.675_ethS33_b0.0125,2025,combination,True,0.675,33,3,2,25.13337466751999,5.8493458844382396,5.979293977451588,244.48100284259152
fundalloc_2025_btc0.675_ethS33_b0.0125,2025,combination,True,0.675,33,3,3,1.47398920943409,10.828082197567824,0.6363105535260176,1.7995522220719984
fundalloc_2025_btc0.675_ethS33_b0.0125,2025,combination,True,0.675,33,3,4,6.685051037329726,11.178509659557879,2.9913398942500242,10.712423126139184
fundalloc_2025_btc0.675_ethS33_b0.0125,2025,combination,True,0.675,33,3,5,17.689863790462333,10.066885927221758,5.156415740894624,62.137917883212765
fundalloc_2025_btc0.675_ethS33_b0.0125,2025,combination,True,0.675,33,3,6,-1.1659728309182382,9.041123136261376,-0.16306683268407024,-1.470837870740142
fundalloc_2025_btc0.675_ethS35_b0.0125,2025,combination,True,0.675,35,1,1,0.0,0.0,,
fundalloc_2025_btc0.675_ethS35_b0.0125,2025,combination,True,0.675,35,1,2,25.460149852750003,5.848995302727856,6.028046186018794,252.92929605903007
fundalloc_2025_btc0.675_ethS35_b0.0125,2025,combination,True,0.675,35,1,3,1.4739593426043252,10.827556040334718,0.6363158916302843,1.7996001523873204
fundalloc_2025_btc0.675_ethS35_b0.0125,2025,combination,True,0.675,35,1,4,7.246586651097675,10.711855649203827,3.228924110436885,12.532140527523634
fundalloc_2025_btc0.675_ethS35_b0.0125,2025,combination,True,0.675,35,1,5,17.69308720027414,10.067598850347393,5.156841014599861,62.1575362424712
fundalloc_2025_btc0.675_ethS35_b0.0125,2025,combination,True,0.675,35,1,6,-0.6421080567835746,9.041755484412972,-0.0002652527511458026,-0.8337143185311657
fundalloc_2025_btc0.675_ethS35_b0.0125,2025,combination,True,0.675,35,2,1,0.0,0.0,,
fundalloc_2025_btc0.675_ethS35_b0.0125,2025,combination,True,0.675,35,2,2,25.294705257659977,5.848867410686209,6.00386473059629,248.63413018777152
fundalloc_2025_btc0.675_ethS35_b0.0125,2025,combination,True,0.675,35,2,3,1.473973833293396,10.827402331772696,0.6363252183705739,1.7996448732527917
fundalloc_2025_btc0.675_ethS35_b0.0125,2025,combination,True,0.675,35,2,4,6.966454765080243,10.9454016716367,3.110778464088214,11.594450594842277
fundalloc_2025_btc0.675_ethS35_b0.0125,2025,combination,True,0.675,35,2,5,17.68923683277159,10.067786805263633,5.155909694079862,62.12768700048079
fundalloc_2025_btc0.675_ethS35_b0.0125,2025,combination,True,0.675,35,2,6,-0.9053718490366292,9.041823494680035,-0.08175219298281339,-1.1585348057279465
fundalloc_2025_btc0.675_ethS35_b0.0125,2025,combination,True,0.675,35,3,1,0.0,0.0,,
fundalloc_2025_btc0.675_ethS35_b0.0125,2025,combination,True,0.675,35,3,2,25.13337466751999,5.8493458844382396,5.979293977451588,244.48100284259152
fundalloc_2025_btc0.675_ethS35_b0.0125,2025,combination,True,0.675,35,3,3,1.47398920943409,10.828082197567824,0.6363105535260176,1.7995522220719984
fundalloc_2025_btc0.675_ethS35_b0.0125,2025,combination,True,0.675,35,3,4,6.685051037329726,11.178509659557879,2.9913398942500242,10.712423126139184
fundalloc_2025_btc0.675_ethS35_b0.0125,2025,combination,True,0.675,35,3,5,17.689863790462333,10.066885927221758,5.156415740894624,62.137917883212765
fundalloc_2025_btc0.675_ethS35_b0.0125,2025,combination,True,0.675,35,3,6,-1.1659728309182382,9.041123136261376,-0.16306683268407024,-1.470837870740142
vol_filter_middle_2025_btcN30r1_ethS30_b0.0125_btc0.75,2025,combination,False,0.75,30,1,1,0.0,0.0,,
vol_filter_middle_2025_btcN30r1_ethS30_b0.0125_btc0.75,2025,combination,False,0.75,30,1,2,24.431932416595004,5.590490903889478,6.245619516507779,237.7085567050846
vol_filter_middle_2025_btcN30r1_ethS30_b0.0125_btc0.75,2025,combination,False,0.75,30,1,3,1.5925780276122348,10.651789040440141,0.6826112108019233,1.989878232753079
vol_filter_middle_2025_btcN30r1_ethS30_b0.0125_btc0.75,2025,combination,False,0.75,30,1,4,6.354176097301489,10.328278949842517,2.9763841458986806,10.80519081630701
vol_filter_middle_2025_btcN30r1_ethS30_b0.0125_btc0.75,2025,combination,False,0.75,30,1,5,14.187381837268976,9.37859278930805,4.584949254223358,42.90261860564922
vol_filter_middle_2025_btcN30r1_ethS30_b0.0125_btc0.75,2025,combination,False,0.75,30,1,6,-1.1659972066261903,8.4119804483737,-0.2460621499266335,-1.58087462881943
vol_filter_middle_2025_btcN30r1_ethS30_b0.0125_btc0.75,2025,combination,False,0.75,30,2,1,0.0,0.0,,
vol_filter_middle_2025_btcN30r1_ethS30_b0.0125_btc0.75,2025,combination,False,0.75,30,2,2,24.273471851049997,5.591313300090994,6.225959064372478,233.74202640002042
vol_filter_middle_2025_btcN30r1_ethS30_b0.0125_btc0.75,2025,combination,False,0.75,30,2,3,1.5927603498294474,10.653191498568216,0.6826235021223404,1.9898646772742257
vol_filter_middle_2025_btcN30r1_ethS30_b0.0125_btc0.75,2025,combination,False,0.75,30,2,4,6.076461933479993,10.564054329634232,2.8533647997004605,9.936876530097354
vol_filter_middle_2025_btcN30r1_ethS30_b0.0125_btc0.75,2025,combination,False,0.75,30,2,5,14.188744595760383,9.379364853166816,4.584992790599704,42.90686471834288
vol_filter_middle_2025_btcN30r1_ethS30_b0.0125_btc0.75,2025,combination,False,0.75,30,2,6,-1.4487034636299634,8.412634419362675,-0.3500081208296398,-1.9337497301181863
vol_filter_middle_2025_btcN30r1_ethS30_b0.0125_btc0.75,2025,combination,False,0.75,30,3,1,0.0,0.0,,
vol_filter_middle_2025_btcN30r1_ethS30_b0.0125_btc0.75,2025,combination,False,0.75,30,3,2,24.103637700290005,5.589969357498892,6.205722266805603,229.6451588366395
vol_filter_middle_2025_btcN30r1_ethS30_b0.0125_btc0.75,2025,combination,False,0.75,30,3,3,1.5921885342087494,10.650486378640622,0.682523187467583,1.9895908301626848
vol_filter_middle_2025_btcN30r1_ethS30_b0.0125_btc0.75,2025,combination,False,0.75,30,3,4,5.80027258135245,10.795790652106419,2.7301540253464216,9.130788871639883
vol_filter_middle_2025_btcN30r1_ethS30_b0.0125_btc0.75,2025,combination,False,0.75,30,3,5,14.185937982386122,9.379079695279158,4.584358357364754,42.89215174904219
vol_filter_middle_2025_btcN30r1_ethS30_b0.0125_btc0.75,2025,combination,False,0.75,30,3,6,-1.7312187111880872,8.412335590680387,-0.4551437002754232,-2.2754729512432306
vol_filter_local_2025_btcN30r1_ethS33_b0.0125_btc0.75,2025,combination,False,0.75,33,1,1,0.0,0.0,,
vol_filter_local_2025_btcN30r1_ethS33_b0.0125_btc0.75,2025,combination,False,0.75,33,1,2,23.742330651895017,5.57742411287766,6.107601296163806,221.51545034915804
vol_filter_local_2025_btcN30r1_ethS33_b0.0125_btc0.75,2025,combination,False,0.75,33,1,3,1.5987607511332325,10.643206629906654,0.6850787309955025,1.999917176719048
vol_filter_local_2025_btcN30r1_ethS33_b0.0125_btc0.75,2025,combination,False,0.75,33,1,4,6.307080211511251,10.308725828666699,2.961825365719699,10.715370441586915
vol_filter_local_2025_btcN30r1_ethS33_b0.0125_btc0.75,2025,combination,False,0.75,33,1,5,14.002811631795797,9.34152594886588,4.550623625486877,42.02475629436908
vol_filter_local_2025_btcN30r1_ethS33_b0.0125_btc0.75,2025,combination,False,0.75,33,1,6,-1.1943857536122815,8.377588010499382,-0.26149149342805844,-1.62347401510761
vol_filter_local_2025_btcN30r1_ethS33_b0.0125_btc0.75,2025,combination,False,0.75,33,2,1,0.0,0.0,,
vol_filter_local_2025_btcN30r1_ethS33_b0.0125_btc0.75,2025,combination,False,0.75,33,2,2,23.580729898850006,5.577566840542525,6.086886265416048,217.73295625253868
vol_filter_local_2025_btcN30r1_ethS33_b0.0125_btc0.75,2025,combination,False,0.75,33,2,3,1.5989427207763862,10.643676863449624,0.6851248208216058,2.0000771366325134
vol_filter_local_2025_btcN30r1_ethS33_b0.0125_btc0.75,2025,combination,False,0.75,33,2,4,6.029878895409002,10.543715956753063,2.8387947312132336,9.852429897567195
vol_filter_local_2025_btcN30r1_ethS33_b0.0125_btc0.75,2025,combination,False,0.75,33,2,5,14.003538387905845,9.342206628634441,4.550536537611524,42.02578396518511
vol_filter_local_2025_btcN30r1_ethS33_b0.0125_btc0.75,2025,combination,False,0.75,33,2,6,-1.4783362848806325,8.378153341039463,-0.3669840682224796,-1.9782085917517729
vol_filter_local_2025_btcN30r1_ethS33_b0.0125_btc0.75,2025,combination,False,0.75,33,3,1,0.0,0.0,,
vol_filter_local_2025_btcN30r1_ethS33_b0.0125_btc0.75,2025,combination,False,0.75,33,3,2,23.415264514190003,5.5768106769008785,6.065493231993411,213.9515374863803
vol_filter_local_2025_btcN30r1_ethS33_b0.0125_btc0.75,2025,combination,False,0.75,33,3,3,1.5983696164044492,10.641775529993225,0.6849951351084738,1.9996523040680731
vol_filter_local_2025_btcN30r1_ethS33_b0.0125_btc0.75,2025,combination,False,0.75,33,3,4,5.75486246355843,10.776486356393555,2.7155581914271187,9.051151553757245
vol_filter_local_2025_btcN30r1_ethS33_b0.0125_btc0.75,2025,combination,False,0.75,33,3,5,14.004428211067044,9.3429889765964,4.550451237702825,42.02727209592742
vol_filter_local_2025_btcN30r1_ethS33_b0.0125_btc0.75,2025,combination,False,0.75,33,3,6,-1.7615774915571203,8.378804474907398,-0.4733358782330262,-2.3207894585466953
vol_filter_refine_2025_btcN30r1_ethS35_b0.0125_btc0.75,2025,combination,False,0.75,35,1,1,0.0,0.0,,
vol_filter_refine_2025_btcN30r1_ethS35_b0.0125_btc0.75,2025,combination,False,0.75,35,1,2,23.742330651895017,5.57742411287766,6.107601296163806,221.51545034915804
vol_filter_refine_2025_btcN30r1_ethS35_b0.0125_btc0.75,2025,combination,False,0.75,35,1,3,1.5987607511332325,10.643206629906654,0.6850787309955025,1.999917176719048
vol_filter_refine_2025_btcN30r1_ethS35_b0.0125_btc0.75,2025,combination,False,0.75,35,1,4,6.307080211511251,10.308725828666699,2.961825365719699,10.715370441586915
vol_filter_refine_2025_btcN30r1_ethS35_b0.0125_btc0.75,2025,combination,False,0.75,35,1,5,14.002811631795797,9.34152594886588,4.550623625486877,42.02475629436908
vol_filter_refine_2025_btcN30r1_ethS35_b0.0125_btc0.75,2025,combination,False,0.75,35,1,6,-1.1943857536122815,8.377588010499382,-0.26149149342805844,-1.62347401510761
vol_filter_refine_2025_btcN30r1_ethS35_b0.0125_btc0.75,2025,combination,False,0.75,35,2,1,0.0,0.0,,
vol_filter_refine_2025_btcN30r1_ethS35_b0.0125_btc0.75,2025,combination,False,0.75,35,2,2,23.580729898850006,5.577566840542525,6.086886265416048,217.73295625253868
vol_filter_refine_2025_btcN30r1_ethS35_b0.0125_btc0.75,2025,combination,False,0.75,35,2,3,1.5989427207763862,10.643676863449624,0.6851248208216058,2.0000771366325134
vol_filter_refine_2025_btcN30r1_ethS35_b0.0125_btc0.75,2025,combination,False,0.75,35,2,4,6.029878895409002,10.543715956753063,2.8387947312132336,9.852429897567195
vol_filter_refine_2025_btcN30r1_ethS35_b0.0125_btc0.75,2025,combination,False,0.75,35,2,5,14.003538387905845,9.342206628634441,4.550536537611524,42.02578396518511
vol_filter_refine_2025_btcN30r1_ethS35_b0.0125_btc0.75,2025,combination,False,0.75,35,2,6,-1.4783362848806325,8.378153341039463,-0.3669840682224796,-1.9782085917517729
vol_filter_refine_2025_btcN30r1_ethS35_b0.0125_btc0.75,2025,combination,False,0.75,35,3,1,0.0,0.0,,
vol_filter_refine_2025_btcN30r1_ethS35_b0.0125_btc0.75,2025,combination,False,0.75,35,3,2,23.415264514190003,5.5768106769008785,6.065493231993411,213.9515374863803
vol_filter_refine_2025_btcN30r1_ethS35_b0.0125_btc0.75,2025,combination,False,0.75,35,3,3,1.5983696164044492,10.641775529993225,0.6849951351084738,1.9996523040680731
vol_filter_refine_2025_btcN30r1_ethS35_b0.0125_btc0.75,2025,combination,False,0.75,35,3,4,5.75486246355843,10.776486356393555,2.7155581914271187,9.051151553757245
vol_filter_refine_2025_btcN30r1_ethS35_b0.0125_btc0.75,2025,combination,False,0.75,35,3,5,14.004428211067044,9.3429889765964,4.550451237702825,42.02727209592742
vol_filter_refine_2025_btcN30r1_ethS35_b0.0125_btc0.75,2025,combination,False,0.75,35,3,6,-1.7615774915571203,8.378804474907398,-0.4733358782330262,-2.3207894585466953
fundalloc_2026_btc0.6_ethS30_b0.0125,2026,combination,True,0.6,30,1,1,4.345063188199982,5.084222382882409,1.9202880610049036,13.331540533087807
fundalloc_2026_btc0.6_ethS30_b0.0125,2026,combination,True,0.6,30,1,2,0.9315272723989576,6.826263454058501,0.5169795263448179,1.7494279759765776
fundalloc_2026_btc0.6_ethS30_b0.0125,2026,combination,True,0.6,30,1,3,-2.188326262323914,2.4822893083614406,-4.076209091201357,-9.507822120400474
fundalloc_2026_btc0.6_ethS30_b0.0125,2026,combination,True,0.6,30,1,4,4.09951821197454,4.849030032676893,2.2848681900293677,13.000428823087928
fundalloc_2026_btc0.6_ethS30_b0.0125,2026,combination,True,0.6,30,1,5,-2.376462349287234,6.541288978835036,-1.039425925997136,-3.878436655107949
fundalloc_2026_btc0.6_ethS30_b0.0125,2026,combination,True,0.6,30,1,6,25.714449004020445,6.324142214789474,5.158487334025836,240.15513772209604
fundalloc_2026_btc0.6_ethS30_b0.0125,2026,combination,True,0.6,30,2,1,4.208951683589968,5.084951022977191,1.8590102529898187,12.809767403003887
fundalloc_2026_btc0.6_ethS30_b0.0125,2026,combination,True,0.6,30,2,2,0.8810201956427344,6.827192010679672,0.4971679772864064,1.6496414458718691
fundalloc_2026_btc0.6_ethS30_b0.0125,2026,combination,True,0.6,30,2,3,-2.267682424693529,2.5615838738949126,-4.219737795691959,-9.506576124355249
fundalloc_2026_btc0.6_ethS30_b0.0125,2026,combination,True,0.6,30,2,4,3.96297456992194,4.92332112311713,2.2082658820229755,12.279629829879138
fundalloc_2026_btc0.6_ethS30_b0.0125,2026,combination,True,0.6,30,2,5,-2.376186409164427,6.540595405078986,-1.039409529854964,-3.878455524386269
fundalloc_2026_btc0.6_ethS30_b0.0125,2026,combination,True,0.6,30,2,6,25.547235761955278,6.32364787343559,5.125354865610783,236.06190989365976
fundalloc_2026_btc0.6_ethS30_b0.0125,2026,combination,True,0.6,30,3,1,4.072609983239994,5.0849818900357,1.797989115333194,12.296497078021316
fundalloc_2026_btc0.6_ethS30_b0.0125,2026,combination,True,0.6,30,3,2,0.8309778578045268,6.827215625903593,0.4775192159904791,1.5515508441304842
fundalloc_2026_btc0.6_ethS30_b0.0125,2026,combination,True,0.6,30,3,3,-2.347084590646953,2.640923570660103,-4.35509909172216,-9.50283926743224
fundalloc_2026_btc0.6_ethS30_b0.0125,2026,combination,True,0.6,30,3,4,3.8269151623349096,4.998739658915596,2.1313687189492554,11.58696423601066
fundalloc_2026_btc0.6_ethS30_b0.0125,2026,combination,True,0.6,30,3,5,-2.3766817259886497,6.5418038159799625,-1.0394616680238287,-3.8784433258363755
fundalloc_2026_btc0.6_ethS30_b0.0125,2026,combination,True,0.6,30,3,6,25.38615101755326,6.324474527721513,5.092084989378814,232.12768825482863
fundalloc_2026_btc0.6_ethS33_b0.0125,2026,combination,True,0.6,33,1,1,4.345063188199982,5.084222382882409,1.9202880610049036,13.331540533087807
fundalloc_2026_btc0.6_ethS33_b0.0125,2026,combination,True,0.6,33,1,2,0.9315272723989576,6.826263454058501,0.5169795263448179,1.7494279759765776
fundalloc_2026_btc0.6_ethS33_b0.0125,2026,combination,True,0.6,33,1,3,-2.188326262323914,2.4822893083614406,-4.076209091201357,-9.507822120400474
fundalloc_2026_btc0.6_ethS33_b0.0125,2026,combination,True,0.6,33,1,4,4.09951821197454,4.849030032676893,2.2848681900293677,13.000428823087928
fundalloc_2026_btc0.6_ethS33_b0.0125,2026,combination,True,0.6,33,1,5,-2.376462349287234,6.541288978835036,-1.039425925997136,-3.878436655107949
fundalloc_2026_btc0.6_ethS33_b0.0125,2026,combination,True,0.6,33,1,6,25.714449004020445,6.324142214789474,5.158487334025836,240.15513772209604
fundalloc_2026_btc0.6_ethS33_b0.0125,2026,combination,True,0.6,33,2,1,4.208951683589968,5.084951022977191,1.8590102529898187,12.809767403003887
fundalloc_2026_btc0.6_ethS33_b0.0125,2026,combination,True,0.6,33,2,2,0.8810201956427344,6.827192010679672,0.4971679772864064,1.6496414458718691
fundalloc_2026_btc0.6_ethS33_b0.0125,2026,combination,True,0.6,33,2,3,-2.267682424693529,2.5615838738949126,-4.219737795691959,-9.506576124355249
fundalloc_2026_btc0.6_ethS33_b0.0125,2026,combination,True,0.6,33,2,4,3.96297456992194,4.92332112311713,2.2082658820229755,12.279629829879138
fundalloc_2026_btc0.6_ethS33_b0.0125,2026,combination,True,0.6,33,2,5,-2.376186409164427,6.540595405078986,-1.039409529854964,-3.878455524386269
fundalloc_2026_btc0.6_ethS33_b0.0125,2026,combination,True,0.6,33,2,6,25.547235761955278,6.32364787343559,5.125354865610783,236.06190989365976
fundalloc_2026_btc0.6_ethS33_b0.0125,2026,combination,True,0.6,33,3,1,4.072609983239994,5.0849818900357,1.797989115333194,12.296497078021316
fundalloc_2026_btc0.6_ethS33_b0.0125,2026,combination,True,0.6,33,3,2,0.8309778578045268,6.827215625903593,0.4775192159904791,1.5515508441304842
fundalloc_2026_btc0.6_ethS33_b0.0125,2026,combination,True,0.6,33,3,3,-2.347084590646953,2.640923570660103,-4.35509909172216,-9.50283926743224
fundalloc_2026_btc0.6_ethS33_b0.0125,2026,combination,True,0.6,33,3,4,3.8269151623349096,4.998739658915596,2.1313687189492554,11.58696423601066
fundalloc_2026_btc0.6_ethS33_b0.0125,2026,combination,True,0.6,33,3,5,-2.3766817259886497,6.5418038159799625,-1.0394616680238287,-3.8784433258363755
fundalloc_2026_btc0.6_ethS33_b0.0125,2026,combination,True,0.6,33,3,6,25.38615101755326,6.324474527721513,5.092084989378814,232.12768825482863
fundalloc_2026_btc0.6_ethS35_b0.0125,2026,combination,True,0.6,35,1,1,4.345063188199982,5.084222382882409,1.9202880610049036,13.331540533087807
fundalloc_2026_btc0.6_ethS35_b0.0125,2026,combination,True,0.6,35,1,2,0.9315272723989576,6.826263454058501,0.5169795263448179,1.7494279759765776
fundalloc_2026_btc0.6_ethS35_b0.0125,2026,combination,True,0.6,35,1,3,-2.188326262323914,2.4822893083614406,-4.076209091201357,-9.507822120400474
fundalloc_2026_btc0.6_ethS35_b0.0125,2026,combination,True,0.6,35,1,4,3.612886571128371,4.843316693841226,2.0331675766260475,11.150374124437958
fundalloc_2026_btc0.6_ethS35_b0.0125,2026,combination,True,0.6,35,1,5,-2.3785619485777287,6.5431469513087865,-1.0416748539049827,-3.88031954803313
fundalloc_2026_btc0.6_ethS35_b0.0125,2026,combination,True,0.6,35,1,6,25.68821955507703,6.322228172451949,5.159856537801968,239.57863286339335
fundalloc_2026_btc0.6_ethS35_b0.0125,2026,combination,True,0.6,35,2,1,4.208951683589968,5.084951022977191,1.8590102529898187,12.809767403003887
fundalloc_2026_btc0.6_ethS35_b0.0125,2026,combination,True,0.6,35,2,2,0.8810201956427344,6.827192010679672,0.4971679772864064,1.6496414458718691
fundalloc_2026_btc0.6_ethS35_b0.0125,2026,combination,True,0.6,35,2,3,-2.267682424693529,2.5615838738949126,-4.219737795691959,-9.506576124355249
fundalloc_2026_btc0.6_ethS35_b0.0125,2026,combination,True,0.6,35,2,4,3.4769951402127575,4.917837646041101,1.9564597799041834,10.485352579639388
fundalloc_2026_btc0.6_ethS35_b0.0125,2026,combination,True,0.6,35,2,5,-2.3782487099142435,6.54233857028117,-1.0416696093691171,-3.8803537841930913
fundalloc_2026_btc0.6_ethS35_b0.0125,2026,combination,True,0.6,35,2,6,25.520436231024245,6.321631841756325,5.126684928193461,235.48361258778445
fundalloc_2026_btc0.6_ethS35_b0.0125,2026,combination,True,0.6,35,3,1,4.072609983239994,5.0849818900357,1.797989115333194,12.296497078021316
fundalloc_2026_btc0.6_ethS35_b0.0125,2026,combination,True,0.6,35,3,2,0.8309778578045268,6.827215625903593,0.4775192159904791,1.5515508441304842
fundalloc_2026_btc0.6_ethS35_b0.0125,2026,combination,True,0.6,35,3,3,-2.347084590646953,2.640923570660103,-4.35509909172216,-9.50283926743224
fundalloc_2026_btc0.6_ethS35_b0.0125,2026,combination,True,0.6,35,3,4,3.341379083731155,4.993500516476934,1.8795246584356524,9.84601479031282
fundalloc_2026_btc0.6_ethS35_b0.0125,2026,combination,True,0.6,35,3,5,-2.3787149850104883,6.543453374282016,-1.0417324534145003,-3.8803553123069605
fundalloc_2026_btc0.6_ethS35_b0.0125,2026,combination,True,0.6,35,3,6,25.35886872370361,6.322372548516442,5.093375504739629,231.5490725723097
fundalloc_2026_btc0.675_ethS30_b0.0125,2026,combination,True,0.675,30,1,1,4.327110115089994,4.941096905117903,1.9724939735828735,13.646693159587402
fundalloc_2026_btc0.675_ethS30_b0.0125,2026,combination,True,0.675,30,1,2,1.523725215091587,6.621348569688179,0.7510663294845873,3.0507657503496937
fundalloc_2026_btc0.675_ethS30_b0.0125,2026,combination,True,0.675,30,1,3,-2.4477998821678004,2.775624807402177,-4.075287535485246,-9.378352001769313
fundalloc_2026_btc0.675_ethS30_b0.0125,2026,combination,True,0.675,30,1,4,3.5072107353417703,4.690486664185734,2.0152406185065397,11.108571574651613
fundalloc_2026_btc0.675_ethS30_b0.0125,2026,combination,True,0.675,30,1,5,-2.4327738640181784,6.5957788276844065,-1.1011476625837968,-3.925547950110688
fundalloc_2026_btc0.675_ethS30_b0.0125,2026,combination,True,0.675,30,1,6,24.982113094435697,6.269004105616139,5.192760001860586,224.54962861568512
fundalloc_2026_btc0.675_ethS30_b0.0125,2026,combination,True,0.675,30,2,1,4.190995931640007,4.941638903458201,1.908871804753793,13.111274185452737
fundalloc_2026_btc0.675_ethS30_b0.0125,2026,combination,True,0.675,30,2,2,1.4834569831870148,6.622011312735299,0.7354781954764588,2.963058641146871
fundalloc_2026_btc0.675_ethS30_b0.0125,2026,combination,True,0.675,30,2,3,-2.5366666836244334,2.864399950985408,-4.219114768389203,-9.372455782458198
fundalloc_2026_btc0.675_ethS30_b0.0125,2026,combination,True,0.675,30,2,4,3.3711655510517913,4.774022468656424,1.9367467279178856,10.408418683187403
fundalloc_2026_btc0.675_ethS30_b0.0125,2026,combination,True,0.675,30,2,5,-2.432400199622764,6.594803384897697,-1.10115640466994,-3.9256049546214027
fundalloc_2026_btc0.675_ethS30_b0.0125,2026,combination,True,0.675,30,2,6,24.81449329298977,6.268270311033608,5.158537786539306,220.68037617576576
fundalloc_2026_btc0.675_ethS30_b0.0125,2026,combination,True,0.675,30,3,1,4.055271126969995,4.942163544819833,1.8455350808512023,12.585242491938587
fundalloc_2026_btc0.675_ethS30_b0.0125,2026,combination,True,0.675,30,3,2,1.4433493451450063,6.622652052765277,0.7199206456563081,2.8761112398960154
fundalloc_2026_btc0.675_ethS30_b0.0125,2026,combination,True,0.675,30,3,3,-2.6255919441847353,2.953231606488993,-4.3547502357131895,-9.364115846609392
fundalloc_2026_btc0.675_ethS30_b0.0125,2026,combination,True,0.675,30,3,4,3.2363149037810457,4.857840657204104,1.8588200160719084,9.743301918613108
fundalloc_2026_btc0.675_ethS30_b0.0125,2026,combination,True,0.675,30,3,5,-2.4321323165353737,6.594182138223836,-1.1011091913154873,-3.9255993497728565
fundalloc_2026_btc0.675_ethS30_b0.0125,2026,combination,True,0.675,30,3,6,24.64913920053271,6.267885051611277,5.124060692956702,216.9076400840326
fundalloc_2026_btc0.675_ethS33_b0.0125,2026,combination,True,0.675,33,1,1,4.327110115089994,4.941096905117903,1.9724939735828735,13.646693159587402
fundalloc_2026_btc0.675_ethS33_b0.0125,2026,combination,True,0.675,33,1,2,1.523725215091587,6.621348569688179,0.7510663294845873,3.0507657503496937
fundalloc_2026_btc0.675_ethS33_b0.0125,2026,combination,True,0.675,33,1,3,-2.4477998821678004,2.775624807402177,-4.075287535485246,-9.378352001769313
fundalloc_2026_btc0.675_ethS33_b0.0125,2026,combination,True,0.675,33,1,4,3.5072107353417703,4.690486664185734,2.0152406185065397,11.108571574651613
fundalloc_2026_btc0.675_ethS33_b0.0125,2026,combination,True,0.675,33,1,5,-2.4327738640181784,6.5957788276844065,-1.1011476625837968,-3.925547950110688
fundalloc_2026_btc0.675_ethS33_b0.0125,2026,combination,True,0.675,33,1,6,24.982113094435697,6.269004105616139,5.192760001860586,224.54962861568512
fundalloc_2026_btc0.675_ethS33_b0.0125,2026,combination,True,0.675,33,2,1,4.190995931640007,4.941638903458201,1.908871804753793,13.111274185452737
fundalloc_2026_btc0.675_ethS33_b0.0125,2026,combination,True,0.675,33,2,2,1.4834569831870148,6.622011312735299,0.7354781954764588,2.963058641146871
fundalloc_2026_btc0.675_ethS33_b0.0125,2026,combination,True,0.675,33,2,3,-2.5366666836244334,2.864399950985408,-4.219114768389203,-9.372455782458198
fundalloc_2026_btc0.675_ethS33_b0.0125,2026,combination,True,0.675,33,2,4,3.3711655510517913,4.774022468656424,1.9367467279178856,10.408418683187403
fundalloc_2026_btc0.675_ethS33_b0.0125,2026,combination,True,0.675,33,2,5,-2.432400199622764,6.594803384897697,-1.10115640466994,-3.9256049546214027
fundalloc_2026_btc0.675_ethS33_b0.0125,2026,combination,True,0.675,33,2,6,24.81449329298977,6.268270311033608,5.158537786539306,220.68037617576576
fundalloc_2026_btc0.675_ethS33_b0.0125,2026,combination,True,0.675,33,3,1,4.055271126969995,4.942163544819833,1.8455350808512023,12.585242491938587
fundalloc_2026_btc0.675_ethS33_b0.0125,2026,combination,True,0.675,33,3,2,1.4433493451450063,6.622652052765277,0.7199206456563081,2.8761112398960154
fundalloc_2026_btc0.675_ethS33_b0.0125,2026,combination,True,0.675,33,3,3,-2.6255919441847353,2.953231606488993,-4.3547502357131895,-9.364115846609392
fundalloc_2026_btc0.675_ethS33_b0.0125,2026,combination,True,0.675,33,3,4,3.2363149037810457,4.857840657204104,1.8588200160719084,9.743301918613108
fundalloc_2026_btc0.675_ethS33_b0.0125,2026,combination,True,0.675,33,3,5,-2.4321323165353737,6.594182138223836,-1.1011091913154873,-3.9255993497728565
fundalloc_2026_btc0.675_ethS33_b0.0125,2026,combination,True,0.675,33,3,6,24.64913920053271,6.267885051611277,5.124060692956702,216.9076400840326
fundalloc_2026_btc0.675_ethS35_b0.0125,2026,combination,True,0.675,35,1,1,4.327110115089994,4.941096905117903,1.9724939735828735,13.646693159587402
fundalloc_2026_btc0.675_ethS35_b0.0125,2026,combination,True,0.675,35,1,2,1.523725215091587,6.621348569688179,0.7510663294845873,3.0507657503496937
fundalloc_2026_btc0.675_ethS35_b0.0125,2026,combination,True,0.675,35,1,3,-2.4477998821678004,2.775624807402177,-4.075287535485246,-9.378352001769313
fundalloc_2026_btc0.675_ethS35_b0.0125,2026,combination,True,0.675,35,1,4,3.1125037350194784,4.684865218141643,1.8050841945201859,9.647228163381127
fundalloc_2026_btc0.675_ethS35_b0.0125,2026,combination,True,0.675,35,1,5,-2.4345793093899837,6.597350042611049,-1.1032572693768181,-3.9271417773552093
fundalloc_2026_btc0.675_ethS35_b0.0125,2026,combination,True,0.675,35,1,6,24.955896656244914,6.266881735992791,5.1937916916029305,224.01240372131898
fundalloc_2026_btc0.675_ethS35_b0.0125,2026,combination,True,0.675,35,2,1,4.190995931640007,4.941638903458201,1.908871804753793,13.111274185452737
fundalloc_2026_btc0.675_ethS35_b0.0125,2026,combination,True,0.675,35,2,2,1.4834569831870148,6.622011312735299,0.7354781954764588,2.963058641146871
fundalloc_2026_btc0.675_ethS35_b0.0125,2026,combination,True,0.675,35,2,3,-2.5366666836244334,2.864399950985408,-4.219114768389203,-9.372455782458198
fundalloc_2026_btc0.675_ethS35_b0.0125,2026,combination,True,0.675,35,2,4,2.977688985089344,4.769148705146198,1.7270058467656095,8.995959274453746
fundalloc_2026_btc0.675_ethS35_b0.0125,2026,combination,True,0.675,35,2,5,-2.4343331088699793,6.596773494492769,-1.103217907165822,-3.9271401727062583
fundalloc_2026_btc0.675_ethS35_b0.0125,2026,combination,True,0.675,35,2,6,24.79052572462699,6.2665174473931495,5.159531676181451,220.18969262899043
fundalloc_2026_btc0.675_ethS35_b0.0125,2026,combination,True,0.675,35,3,1,4.055271126969995,4.942163544819833,1.8455350808512023,12.585242491938587
fundalloc_2026_btc0.675_ethS35_b0.0125,2026,combination,True,0.675,35,3,2,1.4433493451450063,6.622652052765277,0.7199206456563081,2.8761112398960154
fundalloc_2026_btc0.675_ethS35_b0.0125,2026,combination,True,0.675,35,3,3,-2.6255919441847353,2.953231606488993,-4.3547502357131895,-9.364115846609392
fundalloc_2026_btc0.675_ethS35_b0.0125,2026,combination,True,0.675,35,3,4,2.843133522257757,4.853200777224787,1.6492636671920626,8.375454359359855
fundalloc_2026_btc0.675_ethS35_b0.0125,2026,combination,True,0.675,35,3,5,-2.4340404739471855,6.596074923270445,-1.1031802133475619,-3.927146161265581
fundalloc_2026_btc0.675_ethS35_b0.0125,2026,combination,True,0.675,35,3,6,24.624774934722325,6.2660604758334015,5.125018475221456,216.4174668178572
vol_filter_middle_2026_btcN30r1_ethS30_b0.0125_btc0.75,2026,combination,False,0.75,30,1,1,4.310165249810005,4.798568944202886,2.02786843182596,13.983142375147242
vol_filter_middle_2026_btcN30r1_ethS30_b0.0125_btc0.75,2026,combination,False,0.75,30,1,2,2.1180089598257235,6.417133797846364,0.9842629690419102,4.526346323209649
vol_filter_middle_2026_btcN30r1_ethS30_b0.0125_btc0.75,2026,combination,False,0.75,30,1,3,-2.7055733302872698,3.066831698826278,-4.074356453418275,-9.251919179416154
vol_filter_middle_2026_btcN30r1_ethS30_b0.0125_btc0.75,2026,combination,False,0.75,30,1,4,2.91840249545372,4.531991390550305,1.7309538712224473,9.246552877678925
vol_filter_middle_2026_btcN30r1_ethS30_b0.0125_btc0.75,2026,combination,False,0.75,30,1,5,-2.4893517826345524,6.650906912570031,-1.1629126862420907,-3.971369572501271
vol_filter_middle_2026_btcN30r1_ethS30_b0.0125_btc0.75,2026,combination,False,0.75,30,1,6,24.244743240997014,6.213071210746368,5.219371795455831,209.71478435807052
vol_filter_middle_2026_btcN30r1_ethS30_b0.0125_btc0.75,2026,combination,False,0.75,30,2,1,4.173132694349979,4.798093371137002,1.9616844174854056,13.431953511262753
vol_filter_middle_2026_btcN30r1_ethS30_b0.0125_btc0.75,2026,combination,False,0.75,30,2,2,2.0862059839138247,6.41653971511359,0.9722951323648661,4.450693154485869
vol_filter_middle_2026_btcN30r1_ethS30_b0.0125_btc0.75,2026,combination,False,0.75,30,2,3,-2.802565884465502,3.1635303116163804,-4.218486213006725,-9.242207874712031
vol_filter_middle_2026_btcN30r1_ethS30_b0.0125_btc0.75,2026,combination,False,0.75,30,2,4,2.783037363197627,4.624848651872249,1.6510341325334086,8.573485571779864
vol_filter_middle_2026_btcN30r1_ethS30_b0.0125_btc0.75,2026,combination,False,0.75,30,2,5,-2.4889092664727164,6.649729110265712,-1.1629504013213054,-3.971461962576849
vol_filter_middle_2026_btcN30r1_ethS30_b0.0125_btc0.75,2026,combination,False,0.75,30,2,6,24.076991498654476,6.212151727625992,5.184081230959268,206.06371648299734
vol_filter_middle_2026_btcN30r1_ethS30_b0.0125_btc0.75,2026,combination,False,0.75,30,3,1,4.036884751409997,4.7982917005706565,1.8956638840031936,12.889998328699685
vol_filter_middle_2026_btcN30r1_ethS30_b0.0125_btc0.75,2026,combination,False,0.75,30,3,2,2.0538397504458406,6.427281367906723,0.9600113230960742,4.366235509965458
vol_filter_middle_2026_btcN30r1_ethS30_b0.0125_btc0.75,2026,combination,False,0.75,30,3,3,-2.8995419379412857,3.260211546646563,-4.354384308935467,-9.230141094696672
vol_filter_middle_2026_btcN30r1_ethS30_b0.0125_btc0.75,2026,combination,False,0.75,30,3,4,2.648708197491767,4.717978088238716,1.571732941814603,7.937008798709415
vol_filter_middle_2026_btcN30r1_ethS30_b0.0125_btc0.75,2026,combination,False,0.75,30,3,5,-2.4885810010906617,6.648929464982334,-1.1629270334448447,-3.971486258614742
vol_filter_middle_2026_btcN30r1_ethS30_b0.0125_btc0.75,2026,combination,False,0.75,30,3,6,23.911647175161367,6.211604278127947,5.148520785513113,202.50629003414838
vol_filter_local_2026_btcN30r1_ethS33_b0.0125_btc0.75,2026,combination,False,0.75,33,1,1,4.310165249810005,4.798568944202886,2.02786843182596,13.983142375147242
vol_filter_local_2026_btcN30r1_ethS33_b0.0125_btc0.75,2026,combination,False,0.75,33,1,2,2.1180089598257235,6.417133797846364,0.9842629690419102,4.526346323209649
vol_filter_local_2026_btcN30r1_ethS33_b0.0125_btc0.75,2026,combination,False,0.75,33,1,3,-2.7055733302872698,3.066831698826278,-4.074356453418275,-9.251919179416154
vol_filter_local_2026_btcN30r1_ethS33_b0.0125_btc0.75,2026,combination,False,0.75,33,1,4,2.91840249545372,4.531991390550305,1.7309538712224473,9.246552877678925
vol_filter_local_2026_btcN30r1_ethS33_b0.0125_btc0.75,2026,combination,False,0.75,33,1,5,-2.4893517826345524,6.650906912570031,-1.1629126862420907,-3.971369572501271
vol_filter_local_2026_btcN30r1_ethS33_b0.0125_btc0.75,2026,combination,False,0.75,33,1,6,24.244743240997014,6.213071210746368,5.219371795455831,209.71478435807052
vol_filter_local_2026_btcN30r1_ethS33_b0.0125_btc0.75,2026,combination,False,0.75,33,2,1,4.173132694349979,4.798093371137002,1.9616844174854056,13.431953511262753
vol_filter_local_2026_btcN30r1_ethS33_b0.0125_btc0.75,2026,combination,False,0.75,33,2,2,2.0862059839138247,6.41653971511359,0.9722951323648661,4.450693154485869
vol_filter_local_2026_btcN30r1_ethS33_b0.0125_btc0.75,2026,combination,False,0.75,33,2,3,-2.802565884465502,3.1635303116163804,-4.218486213006725,-9.242207874712031
vol_filter_local_2026_btcN30r1_ethS33_b0.0125_btc0.75,2026,combination,False,0.75,33,2,4,2.783037363197627,4.624848651872249,1.6510341325334086,8.573485571779864
vol_filter_local_2026_btcN30r1_ethS33_b0.0125_btc0.75,2026,combination,False,0.75,33,2,5,-2.4889092664727164,6.649729110265712,-1.1629504013213054,-3.971461962576849
vol_filter_local_2026_btcN30r1_ethS33_b0.0125_btc0.75,2026,combination,False,0.75,33,2,6,24.076991498654476,6.212151727625992,5.184081230959268,206.06371648299734
vol_filter_local_2026_btcN30r1_ethS33_b0.0125_btc0.75,2026,combination,False,0.75,33,3,1,4.036884751409997,4.7982917005706565,1.8956638840031936,12.889998328699685
vol_filter_local_2026_btcN30r1_ethS33_b0.0125_btc0.75,2026,combination,False,0.75,33,3,2,2.0538397504458406,6.427281367906723,0.9600113230960742,4.366235509965458
vol_filter_local_2026_btcN30r1_ethS33_b0.0125_btc0.75,2026,combination,False,0.75,33,3,3,-2.8995419379412857,3.260211546646563,-4.354384308935467,-9.230141094696672
vol_filter_local_2026_btcN30r1_ethS33_b0.0125_btc0.75,2026,combination,False,0.75,33,3,4,2.648708197491767,4.717978088238716,1.571732941814603,7.937008798709415
vol_filter_local_2026_btcN30r1_ethS33_b0.0125_btc0.75,2026,combination,False,0.75,33,3,5,-2.4885810010906617,6.648929464982334,-1.1629270334448447,-3.971486258614742
vol_filter_local_2026_btcN30r1_ethS33_b0.0125_btc0.75,2026,combination,False,0.75,33,3,6,23.911647175161367,6.211604278127947,5.148520785513113,202.50629003414838
vol_filter_refine_2026_btcN30r1_ethS35_b0.0125_btc0.75,2026,combination,False,0.75,35,1,1,4.310165249810005,4.798568944202886,2.02786843182596,13.983142375147242
vol_filter_refine_2026_btcN30r1_ethS35_b0.0125_btc0.75,2026,combination,False,0.75,35,1,2,2.1180089598257235,6.417133797846364,0.9842629690419102,4.526346323209649
vol_filter_refine_2026_btcN30r1_ethS35_b0.0125_btc0.75,2026,combination,False,0.75,35,1,3,-2.7055733302872698,3.066831698826278,-4.074356453418275,-9.251919179416154
vol_filter_refine_2026_btcN30r1_ethS35_b0.0125_btc0.75,2026,combination,False,0.75,35,1,4,2.6158719397282093,4.5272538640937166,1.5652155939725545,8.15342989445896
vol_filter_refine_2026_btcN30r1_ethS35_b0.0125_btc0.75,2026,combination,False,0.75,35,1,5,-2.490919262605784,6.6523061957523115,-1.1647002302804574,-3.9726974799487365
vol_filter_refine_2026_btcN30r1_ethS35_b0.0125_btc0.75,2026,combination,False,0.75,35,1,6,24.22252115126242,6.211287272507581,5.219994490565473,209.28398129759924
vol_filter_refine_2026_btcN30r1_ethS35_b0.0125_btc0.75,2026,combination,False,0.75,35,2,1,4.173132694349979,4.798093371137002,1.9616844174854056,13.431953511262753
vol_filter_refine_2026_btcN30r1_ethS35_b0.0125_btc0.75,2026,combination,False,0.75,35,2,2,2.0862059839138247,6.41653971511359,0.9722951323648661,4.450693154485869
vol_filter_refine_2026_btcN30r1_ethS35_b0.0125_btc0.75,2026,combination,False,0.75,35,2,3,-2.802565884465502,3.1635303116163804,-4.218486213006725,-9.242207874712031
vol_filter_refine_2026_btcN30r1_ethS35_b0.0125_btc0.75,2026,combination,False,0.75,35,2,4,2.4815054623242183,4.620839616811456,1.4858539910814286,7.519703208782768
vol_filter_refine_2026_btcN30r1_ethS35_b0.0125_btc0.75,2026,combination,False,0.75,35,2,5,-2.490613646324158,6.651554978415208,-1.1646833842777558,-3.9727243549398827
vol_filter_refine_2026_btcN30r1_ethS35_b0.0125_btc0.75,2026,combination,False,0.75,35,2,6,24.057158896333462,6.210765185408363,5.184678982478803,205.67796455105534
vol_filter_refine_2026_btcN30r1_ethS35_b0.0125_btc0.75,2026,combination,False,0.75,35,3,1,4.036884751409997,4.7982917005706565,1.8956638840031936,12.889998328699685
vol_filter_refine_2026_btcN30r1_ethS35_b0.0125_btc0.75,2026,combination,False,0.75,35,3,2,2.0538397504458406,6.427281367906723,0.9600113230960742,4.366235509965458
vol_filter_refine_2026_btcN30r1_ethS35_b0.0125_btc0.75,2026,combination,False,0.75,35,3,3,-2.8995419379412857,3.260211546646563,-4.354384308935467,-9.230141094696672
vol_filter_refine_2026_btcN30r1_ethS35_b0.0125_btc0.75,2026,combination,False,0.75,35,3,4,2.347418950171165,4.714175342146165,1.406915505550362,6.9191152955149455
vol_filter_refine_2026_btcN30r1_ethS35_b0.0125_btc0.75,2026,combination,False,0.75,35,3,5,-2.490265963894911,6.65069481204047,-1.1646680541849503,-3.97275823303183
vol_filter_refine_2026_btcN30r1_ethS35_b0.0125_btc0.75,2026,combination,False,0.75,35,3,6,23.891501433752914,6.210161129883773,5.1490881638784955,202.12122392681127
