2026-09-16T09:14:20.101697200Z [INFO] DATA-001.forward-data: =================================================================
2026-09-16T09:14:20.103431500Z [INFO] DATA-001.forward-data:  NAUTILUS TRADER - Automated Algorithmic Trading Platform
2026-09-16T09:14:20.103433200Z [INFO] DATA-001.forward-data:  by Nautech Systems Pty Ltd.
2026-09-16T09:14:20.103433500Z [INFO] DATA-001.forward-data:  Copyright (C) 2015-2026. All rights reserved.
2026-09-16T09:14:20.103433700Z [INFO] DATA-001.forward-data: =================================================================
2026-09-16T09:14:20.103433900Z [INFO] DATA-001.forward-data: ⠀⠀⠀⠀⠀⠀⠀⠀⠀⠀⠀⠀⠀⠀⠀⣀⣀⣀⡤⠤⠤⠤⠤⠤⠤⠤⢤⡀⠀⠀⠀⠀⠀⠀
2026-09-16T09:14:20.103436700Z [INFO] DATA-001.forward-data: ⠀⠀⠀⠀⠀⠀⠀⠀⠀⢀⣠⠤⠖⠚⠉⠁⠀⠀⠀⠀⠀⠀⠀⠀⠀⠀⣸⠁⠀⠀⠀⠀⠀⠀
2026-09-16T09:14:20.103437100Z [INFO] DATA-001.forward-data: ⠀⠀⠀⠀⠀⠀⢀⣠⠖⠋⠀⠀⠀⠀⠀⠀⠀⠀⠀⠀⠀⠀⠀⣀⡴⠚⠁⠀⠀⠀⠀⠀⠀⠀
2026-09-16T09:14:20.103437300Z [INFO] DATA-001.forward-data: ⠀⠀⠀⠀⢀⡴⠋⠀⠀⠀⠀⠀⠀⠀⠀⠀⠀⠀⠀⠀⠀⢀⡞⠁⠀⠀⠀⠀⠀⠀⠀⠀⠀⠀
2026-09-16T09:14:20.103437400Z [INFO] DATA-001.forward-data: ⠀⠀⠀⣠⠏⠀⠀⠀⠀⠀⠀⠀⠀⢀⣠⠤⠖⠒⠒⠒⠒⠋⠀⠀⠀⠀⠀⠀⠀⠀⠀⠀⠀⠀
2026-09-16T09:14:20.103439400Z [INFO] DATA-001.forward-data: ⠀⠀⠀⡇⠀⠀⠀⠀⠀⠀⠀⢀⡖⠋⣠⢴⢪⠞⣩⢟⡭⠵⢤⣤⣀⠀⠀⠀⠀⠀⠀⠀⠀⠀
2026-09-16T09:14:20.103439900Z [INFO] DATA-001.forward-data: ⠀⠀⣦⡙⠦⣄⡀⠀⢀⣠⠴⠋⢠⡐⣇⢸⡘⢦⡇⣏⡴⣋⡭⠖⠮⢥⡀⠀⠀⠀⠀⠀⠀⠀
2026-09-16T09:14:20.103440100Z [INFO] DATA-001.forward-data: ⠀⠀⢸⡉⠓⠦⠭⠭⠭⠴⣺⠃⠸⣷⢬⣓⣛⠒⠩⣌⢡⡷⢒⣫⠭⣝⡛⠆⠀⠀⠀⠀⠀⠀
2026-09-16T09:14:20.103440200Z [INFO] DATA-001.forward-data: ⠀⠀⠀⠙⠦⢤⣀⣠⠤⠞⣡⠞⡆⠺⣭⣭⡷⢇⣷⡻⠡⠾⣛⣒⠦⢤⡙⡆⠀⠀⠀⠀⠀⠀
2026-09-16T09:14:20.103440400Z [INFO] DATA-001.forward-data: ⠀⠀⠀⠈⠳⣖⠒⠒⠒⠋⠁⣠⠇⡼⢦⠀⣌⡉⢥⣄⣛⡻⢥⡈⠉⢳⡙⠇⠀⠀⠀⠀⠀⠀
2026-09-16T09:14:20.103440600Z [INFO] DATA-001.forward-data: ⠀⠀⠀⠀⠀⠈⠙⣒⣒⣒⣋⡥⠞⠁⣸⠃⡇⠙⢦⢹⠀⠙⡆⢳⢀⡴⠃⠀⠀⠀⠀⠀⠀⠀
2026-09-16T09:14:20.103440700Z [INFO] DATA-001.forward-data: ⠀⠀⠀⠀⠀⠀⠀⠈⠙⠒⠦⠤⠴⣚⣡⠞⠁⣠⠏⡼⢀⣠⠇⠞⠋⠀⠀⠀⠀⠀⠀⠀⠀⠀
2026-09-16T09:14:20.103440800Z [INFO] DATA-001.forward-data: ⠀⠀⠀⠀⠀⠀⠀⠀⠀⠀⠀⠀⠉⠉⠉⠉⠉⠑⠚⠋⠉⠀⠀⠀⠀⠀⠀⠀⠀⠀⠀⠀⠀⠀
2026-09-16T09:14:20.103441000Z [INFO] DATA-001.forward-data: =================================================================
2026-09-16T09:14:20.103441100Z [INFO] DATA-001.forward-data:  SYSTEM SPECIFICATION
2026-09-16T09:14:20.103441300Z [INFO] DATA-001.forward-data: =================================================================
2026-09-16T09:14:20.103444100Z [INFO] DATA-001.forward-data: CPU architecture: AMD Ryzen 9 9955HX 16-Core Processor           
2026-09-16T09:14:20.103448900Z [INFO] DATA-001.forward-data: CPU(s): 32 @ 2368 MHz
2026-09-16T09:14:20.103450000Z [INFO] DATA-001.forward-data: OS: kernel-26200 Windows 11 Home China
2026-09-16T09:14:20.103657000Z [INFO] DATA-001.forward-data: =================================================================
2026-09-16T09:14:20.103657500Z [INFO] DATA-001.forward-data:  MEMORY USAGE
2026-09-16T09:14:20.103657700Z [INFO] DATA-001.forward-data: =================================================================
2026-09-16T09:14:20.103665000Z [INFO] DATA-001.forward-data: RAM-Total: 31.18 GiB
2026-09-16T09:14:20.103666100Z [INFO] DATA-001.forward-data: RAM-Used: 25.90 GiB (83.07%)
2026-09-16T09:14:20.103666700Z [INFO] DATA-001.forward-data: RAM-Avail: 5.28 GiB (16.93%)
2026-09-16T09:14:20.103675500Z [INFO] DATA-001.forward-data: Swap-Total: 46.00 GiB
2026-09-16T09:14:20.103678400Z [INFO] DATA-001.forward-data: Swap-Used: 11.92 GiB (25.92%)
2026-09-16T09:14:20.103678900Z [INFO] DATA-001.forward-data: Swap-Avail: 34.08 GiB (74.08%)
2026-09-16T09:14:20.103679300Z [INFO] DATA-001.forward-data: =================================================================
2026-09-16T09:14:20.103679700Z [INFO] DATA-001.forward-data:  IDENTIFIERS
2026-09-16T09:14:20.103680100Z [INFO] DATA-001.forward-data: =================================================================
2026-09-16T09:14:20.103716200Z [INFO] DATA-001.forward-data: trader_id: DATA-001
2026-09-16T09:14:20.103718900Z [INFO] DATA-001.forward-data: machine_id: meolord
2026-09-16T09:14:20.103721200Z [INFO] DATA-001.forward-data: instance_id: c522cb3b-3c4f-4938-a3a1-f6a001de1916
2026-09-16T09:14:20.103721900Z [INFO] DATA-001.forward-data: PID: 55696
2026-09-16T09:14:20.103722200Z [INFO] DATA-001.forward-data: =================================================================
2026-09-16T09:14:20.103722600Z [INFO] DATA-001.forward-data:  VERSIONING
2026-09-16T09:14:20.103722800Z [INFO] DATA-001.forward-data: =================================================================
2026-09-16T09:14:20.103772700Z [INFO] DATA-001.forward-data: nautilus_trader: 2.0.0rc5
2026-09-16T09:14:20.103773700Z [INFO] DATA-001.forward-data: nautilus_core: 0.64.0
2026-09-16T09:14:20.103784700Z [INFO] DATA-001.forward-data: python: 3.12.9
2026-09-16T09:14:20.103795200Z [INFO] DATA-001.forward-data: git_commit: 1b0a49d2792a
2026-09-16T09:14:20.103795600Z [INFO] DATA-001.forward-data: rustc: 1.98.1 (48a229cea 2026-09-01)
2026-09-16T09:14:20.103795900Z [INFO] DATA-001.forward-data: target: x86_64-pc-windows-msvc
2026-09-16T09:14:20.103796300Z [INFO] DATA-001.forward-data: profile: release
2026-09-16T09:14:20.103796500Z [INFO] DATA-001.forward-data: panic: abort
2026-09-16T09:14:20.103796900Z [INFO] DATA-001.forward-data: precision: high (128-bit, 16 dp)
2026-09-16T09:14:20.103797100Z [INFO] DATA-001.forward-data: allocator: mimalloc 0.1.52
2026-09-16T09:14:20.103797300Z [INFO] DATA-001.forward-data: cargo_lock: 03b41e4e
2026-09-16T09:14:20.103797600Z [INFO] DATA-001.forward-data: rust_decimal: 1.43.0
2026-09-16T09:14:20.103798000Z [INFO] DATA-001.forward-data: rustls: 0.23.45
2026-09-16T09:14:20.103798300Z [INFO] DATA-001.forward-data: aws_lc_rs: 1.18.1
2026-09-16T09:14:20.103798600Z [INFO] DATA-001.forward-data: tokio: 1.53.1
2026-09-16T09:14:20.103798900Z [INFO] DATA-001.forward-data: pyo3: 0.29.2
2026-09-16T09:14:20.103799200Z [INFO] DATA-001.forward-data: pyo3_async_runtimes: 0.29.0
2026-09-16T09:14:20.170278200Z [INFO] DATA-001.forward-data: numpy: 2.5.3
2026-09-16T09:14:20.171324700Z [INFO] DATA-001.forward-data: =================================================================
2026-09-16T09:14:20.171378800Z [INFO] DATA-001.nautilus_system::kernel: Building system kernel
2026-09-16T09:14:20.171530400Z [DEBUG] DATA-001.nautilus_common::msgbus::typed_endpoints: Registering endpoint 'Portfolio.update_account' with handler ID <0x2bb5de8340>-7a9b6a84-df6a-437b-aa09-3194c9f370c6
2026-09-16T09:14:20.171562500Z [DEBUG] DATA-001.nautilus_common::msgbus::typed_endpoints: Registering endpoint 'Portfolio.update_order' with handler ID <0x2bb5de8340>-fa7a79ad-ffd4-4c25-a5cc-dac59ca0ce2a
2026-09-16T09:14:20.171570700Z [DEBUG] DATA-001.nautilus_common::msgbus::typed_router: Subscribing TypedSubscription { handler_id: u!("<0x2bb5de8340>-e4087e37-1118-47fa-a8cd-7084eebe2e4c"), pattern: MStr { value: u!("data.quotes.*"), _marker: PhantomData<nautilus_common::msgbus::mstr::Pattern> }, priority: 10, type: "nautilus_model::data::quote::QuoteTick" }
2026-09-16T09:14:20.173212600Z [DEBUG] DATA-001.nautilus_common::msgbus::typed_router: Subscribing TypedSubscription { handler_id: u!("<0x2bb5de8340>-2ab1fe79-0d60-4cba-8cb2-947c7a2f20e0"), pattern: MStr { value: u!("data.bars.*EXTERNAL"), _marker: PhantomData<nautilus_common::msgbus::mstr::Pattern> }, priority: 10, type: "nautilus_model::data::bar::Bar" }
2026-09-16T09:14:20.173222400Z [DEBUG] DATA-001.nautilus_common::msgbus::typed_router: Subscribing TypedSubscription { handler_id: u!("<0x2bb5de8340>-68e212a8-a500-4ad9-8e1f-6331d29dbe93"), pattern: MStr { value: u!("data.mark_prices.*"), _marker: PhantomData<nautilus_common::msgbus::mstr::Pattern> }, priority: 10, type: "nautilus_model::data::prices::MarkPriceUpdate" }
2026-09-16T09:14:20.173233700Z [DEBUG] DATA-001.nautilus_common::msgbus::typed_router: Subscribing TypedSubscription { handler_id: u!("<0x2bb5de8390>-2212b34c-ae92-4fdf-a293-bb30c4072b12"), pattern: MStr { value: u!("events.order.*"), _marker: PhantomData<nautilus_common::msgbus::mstr::Pattern> }, priority: 10, type: "nautilus_model::events::order::any::OrderEventAny" }
2026-09-16T09:14:20.173241700Z [DEBUG] DATA-001.nautilus_common::msgbus::typed_router: Subscribing TypedSubscription { handler_id: u!("<0x2bb5de8340>-c9a44ba7-919e-4f53-832b-3a6c981305d1"), pattern: MStr { value: u!("events.position.*"), _marker: PhantomData<nautilus_common::msgbus::mstr::Pattern> }, priority: 10, type: "nautilus_model::events::position::PositionEvent" }
2026-09-16T09:14:20.173245400Z [DEBUG] DATA-001.nautilus_common::msgbus::typed_router: Subscribing TypedSubscription { handler_id: u!("<0x2bb5de8340>-7a9b6a84-df6a-437b-aa09-3194c9f370c6"), pattern: MStr { value: u!("events.account.*"), _marker: PhantomData<nautilus_common::msgbus::mstr::Pattern> }, priority: 10, type: "nautilus_model::events::account::state::AccountState" }
2026-09-16T09:14:20.173308800Z [DEBUG] DATA-001.nautilus_common::msgbus::typed_endpoints: Registering endpoint 'DataEngine.execute' with handler ID <0x2bb5de8958>-e92b8651-b668-4c18-bd93-571efc592dd6
2026-09-16T09:14:20.173320500Z [DEBUG] DATA-001.nautilus_common::msgbus::typed_endpoints: Registering endpoint 'DataEngine.queue_execute' with handler ID <0x2bb5de8a0f>-aac2bafc-c9d8-4473-a3c4-bac2ec7cf500
2026-09-16T09:14:20.173329800Z [DEBUG] DATA-001.nautilus_common::msgbus::api: Registering endpoint 'DataEngine.process' with handler ID <0x2bb5de8958>-279b5b67-4933-4575-b489-61a162c2e4b6
2026-09-16T09:14:20.173337600Z [DEBUG] DATA-001.nautilus_common::msgbus::typed_endpoints: Registering endpoint 'DataEngine.process_data' with handler ID <0x2bb5de8958>-0ed9bfb6-f1c3-4331-87f6-9d344941e483
2026-09-16T09:14:20.173344400Z [DEBUG] DATA-001.nautilus_common::msgbus::typed_endpoints: Registering endpoint 'DataEngine.process_defi_data' with handler ID <0x2bb5de8958>-2af5241e-d2a4-4d52-87d3-8efce8a15295
2026-09-16T09:14:20.173356500Z [DEBUG] DATA-001.nautilus_common::msgbus::typed_endpoints: Registering endpoint 'DataEngine.response' with handler ID <0x2bb5de8958>-47f9b200-5717-481d-864b-8e143a6c71c3
2026-09-16T09:14:20.173364700Z [DEBUG] DATA-001.nautilus_common::msgbus::typed_endpoints: Registering endpoint 'RiskEngine.execute' with handler ID <0x2bb5de8a00>-5a6b1613-8f17-4f4f-b89f-fe268f18c13d
2026-09-16T09:14:20.173382200Z [DEBUG] DATA-001.nautilus_common::msgbus::typed_endpoints: Registering endpoint 'RiskEngine.queue_execute' with handler ID <0x2bb5de89df>-a9c068e5-7cfe-459b-aec6-a0d042703dff
2026-09-16T09:14:20.173387400Z [DEBUG] DATA-001.nautilus_common::msgbus::typed_endpoints: Registering endpoint 'RiskEngine.process' with handler ID <0x2bb5de8a00>-f3e88026-35b4-401f-900d-fcb3c63d2c71
2026-09-16T09:14:20.173390400Z [DEBUG] DATA-001.nautilus_common::msgbus::typed_router: Subscribing TypedSubscription { handler_id: u!("<0x2bb5de8a00>-3b67e75a-0ee1-4fe8-9dcd-debb9c36ab49"), pattern: MStr { value: u!("events.order.*"), _marker: PhantomData<nautilus_common::msgbus::mstr::Pattern> }, priority: 10, type: "nautilus_model::events::order::any::OrderEventAny" }
2026-09-16T09:14:20.173395100Z [DEBUG] DATA-001.nautilus_common::msgbus::typed_router: Subscribing TypedSubscription { handler_id: u!("<0x2bb5de8a00>-71b7b1d4-787e-43b3-bdb3-ca7dd2892ebf"), pattern: MStr { value: u!("events.position.*"), _marker: PhantomData<nautilus_common::msgbus::mstr::Pattern> }, priority: 10, type: "nautilus_model::events::position::PositionEvent" }
2026-09-16T09:14:20.173407100Z [DEBUG] DATA-001.nautilus_common::msgbus::typed_endpoints: Registering endpoint 'ExecEngine.execute' with handler ID <0x2bb5de89d8>-74887701-7c85-435f-99ff-8097f96e23b5
2026-09-16T09:14:20.173410700Z [DEBUG] DATA-001.nautilus_common::msgbus::typed_endpoints: Registering endpoint 'ExecEngine.queue_execute' with handler ID <0x2bb5de89d7>-66a2b478-86fb-4de5-8ece-b8af466ca3bc
2026-09-16T09:14:20.173417500Z [DEBUG] DATA-001.nautilus_common::msgbus::typed_endpoints: Registering endpoint 'ExecEngine.process' with handler ID <0x2bb5de89d8>-af639a85-e2ab-4606-9f43-82af20781178
2026-09-16T09:14:20.173435500Z [DEBUG] DATA-001.nautilus_common::msgbus::typed_endpoints: Registering endpoint 'ExecEngine.reconcile_execution_report' with handler ID <0x2bb5de89d8>-4fdb3151-7fcb-4208-963b-41b1e3d2092d
2026-09-16T09:14:20.173444800Z [DEBUG] DATA-001.nautilus_common::msgbus::typed_endpoints: Registering endpoint 'OrderEmulator.execute' with handler ID <0x2bb5de89e8>-32a8cb65-faf3-493f-9224-6053b89ca0b7
2026-09-16T09:14:20.173462300Z [DEBUG] DATA-001.nautilus_common::msgbus::api: Subscribing TypedHandler { id: u!("<0x2bb5de89e8>-1bf21994-54ef-4f11-b0f8-1c6388de5b19"), type: "dyn core::any::Any" } for pattern 'commands.system.shutdown'
2026-09-16T09:14:20.173480300Z [DEBUG] DATA-001.nautilus_live::node::builder: Creating data client BINANCE_SPOT
2026-09-16T09:14:20.173559500Z [DEBUG] DATA-001.nautilus_cryptography::providers: Installing aws_lc_rs cryptographic provider
2026-09-16T09:14:20.173573000Z [DEBUG] DATA-001.nautilus_cryptography::providers: Cryptographic provider installed successfully
2026-09-16T09:14:20.173724000Z [DEBUG] DATA-001.nautilus_binance::spot::data: Configured Spot market data mode: Json
2026-09-16T09:14:20.173769400Z [DEBUG] DATA-001.nautilus_data::engine: Set client BINANCE_SPOT routing for BINANCE
2026-09-16T09:14:20.174005700Z [DEBUG] DATA-001.nautilus_data::engine: Registered client BINANCE_SPOT
2026-09-16T09:14:20.174010000Z [INFO] DATA-001.nautilus_live::node::builder: Registered DataClient-BINANCE_SPOT
2026-09-16T09:14:20.174011000Z [DEBUG] DATA-001.nautilus_live::node::builder: Creating data client BINANCE_USD_M
2026-09-16T09:14:20.174102500Z [DEBUG] DATA-001.nautilus_data::engine: Set client BINANCE_USD_M routing for BINANCE
2026-09-16T09:14:20.174107000Z [DEBUG] DATA-001.nautilus_data::engine: Registered client BINANCE_USD_M
2026-09-16T09:14:20.174107300Z [INFO] DATA-001.nautilus_live::node::builder: Registered DataClient-BINANCE_USD_M
2026-09-16T09:14:20.174125000Z [INFO] DATA-001.nautilus_live::node::builder: Built successfully
2026-09-16T09:14:20.174178000Z [DEBUG] DATA-001.nautilus_live::python::node: `add_actor` with a constructed instance
2026-09-16T09:14:20.174213700Z [DEBUG] DATA-001.nautilus_common::actor::data_actor: Registered Recorder with trader DATA-001
2026-09-16T09:14:20.174553300Z [INFO] DATA-001.Recorder: Ready
2026-09-16T09:14:20.174558100Z [DEBUG] DATA-001.nautilus_system::python::registration: Internal PyDataActor registered: true, state: Ready
2026-09-16T09:14:20.174578400Z [DEBUG] DATA-001.nautilus_system::trader: Added actor ID 'Recorder' to trader DATA-001 for lifecycle management
2026-09-16T09:14:20.174581800Z [INFO] DATA-001.nautilus_live::python::node: Registered Python actor Recorder
2026-09-16T09:14:20.178007900Z [INFO] DATA-001.nautilus_live::node: Event loop starting
2026-09-16T09:14:20.178024000Z [INFO] DATA-001.nautilus_system::kernel: Starting
2026-09-16T09:14:20.178035100Z [INFO] DATA-001.nautilus_binance::spot::data: Started: client_id=BINANCE_SPOT, product_type=Spot, environment=Live
2026-09-16T09:14:20.178798200Z [INFO] DATA-001.nautilus_binance::futures::data: Started: client_id=BINANCE_USD_M, product_type=UsdM, environment=Live
2026-09-16T09:14:20.178817200Z [INFO] DATA-001.nautilus_execution::engine: Started
2026-09-16T09:14:20.178819800Z [INFO] DATA-001.nautilus_risk::engine: Started
2026-09-16T09:14:20.178822100Z [INFO] DATA-001.nautilus_system::kernel: Initializing trader
2026-09-16T09:14:20.178823800Z [INFO] DATA-001.nautilus_system::kernel: Started
2026-09-16T09:14:20.178833600Z [INFO] DATA-001.nautilus_system::kernel: Connecting data clients...
2026-09-16T09:14:20.179170900Z [DEBUG] DATA-001.hyper_util::client::legacy::connect::http: connecting to 127.0.0.1:1080
2026-09-16T09:14:20.181096200Z [DEBUG] DATA-001.hyper_util::client::legacy::connect::http: connecting to 127.0.0.1:1080
2026-09-16T09:14:20.183268600Z [DEBUG] DATA-001.hyper_util::client::legacy::connect::http: connected to 127.0.0.1:1080
2026-09-16T09:14:20.183437500Z [DEBUG] DATA-001.hyper_util::client::legacy::connect::http: connected to 127.0.0.1:1080
2026-09-16T09:14:20.183996800Z [DEBUG] DATA-001.rustls::client::hs: No cached session for DnsName("api.binance.com")
2026-09-16T09:14:20.184445800Z [DEBUG] DATA-001.rustls::client::hs: Not resuming any session
2026-09-16T09:14:20.220565700Z [DEBUG] DATA-001.rustls::client::hs: No cached session for DnsName("fapi.binance.com")
2026-09-16T09:14:20.220577100Z [DEBUG] DATA-001.rustls::client::hs: Not resuming any session
2026-09-16T09:14:20.927272300Z [DEBUG] DATA-001.rustls::client::hs: Using ciphersuite TLS13_AES_128_GCM_SHA256
2026-09-16T09:14:20.927300400Z [DEBUG] DATA-001.rustls::client::tls13: Not resuming
2026-09-16T09:14:20.927698000Z [DEBUG] DATA-001.rustls::client::tls13: TLS1.3 encrypted extensions: ServerExtensions { server_name_ack: (), selected_protocol: SingleProtocolName(ProtocolName(6832)), unknown_extensions: {}, .. }
2026-09-16T09:14:20.927716000Z [DEBUG] DATA-001.rustls::client::hs: ALPN protocol is Some(b"h2")
2026-09-16T09:14:20.980792800Z [DEBUG] DATA-001.h2::client: binding client connection
2026-09-16T09:14:20.980852400Z [DEBUG] DATA-001.h2::client: client connection bound
2026-09-16T09:14:20.980862500Z [DEBUG] DATA-001.h2::codec::framed_write: send frame=Settings { flags: (0x0), enable_push: 0, initial_window_size: 65535, max_frame_size: 16384, max_header_list_size: 16384 }
2026-09-16T09:14:20.981971200Z [DEBUG] DATA-001.h2::proto::connection: Connection; peer=Client
2026-09-16T09:14:20.982485200Z [DEBUG] DATA-001.hyper_util::client::legacy::pool: pooling idle connection for ("https", fapi.binance.com)
2026-09-16T09:14:20.982827500Z [DEBUG] DATA-001.h2::codec::framed_write: send frame=Headers { stream_id: StreamId(1), flags: (0x5: END_HEADERS | END_STREAM) }
2026-09-16T09:14:21.061529500Z [DEBUG] DATA-001.rustls::client::hs: Using ciphersuite TLS13_AES_128_GCM_SHA256
2026-09-16T09:14:21.061556700Z [DEBUG] DATA-001.rustls::client::tls13: Not resuming
2026-09-16T09:14:21.061883800Z [DEBUG] DATA-001.rustls::client::tls13: TLS1.3 encrypted extensions: ServerExtensions { server_name_ack: (), selected_protocol: SingleProtocolName(ProtocolName(6832)), unknown_extensions: {}, .. }
2026-09-16T09:14:21.061894000Z [DEBUG] DATA-001.rustls::client::hs: ALPN protocol is Some(b"h2")
2026-09-16T09:14:21.062666900Z [DEBUG] DATA-001.h2::client: binding client connection
2026-09-16T09:14:21.062712200Z [DEBUG] DATA-001.h2::client: client connection bound
2026-09-16T09:14:21.062716900Z [DEBUG] DATA-001.h2::codec::framed_write: send frame=Settings { flags: (0x0), enable_push: 0, initial_window_size: 65535, max_frame_size: 16384, max_header_list_size: 16384 }
2026-09-16T09:14:21.062726700Z [DEBUG] DATA-001.h2::proto::connection: Connection; peer=Client
2026-09-16T09:14:21.062755900Z [DEBUG] DATA-001.hyper_util::client::legacy::pool: pooling idle connection for ("https", api.binance.com)
2026-09-16T09:14:21.062886700Z [DEBUG] DATA-001.h2::codec::framed_write: send frame=Headers { stream_id: StreamId(1), flags: (0x5: END_HEADERS | END_STREAM) }
2026-09-16T09:14:21.165164700Z [DEBUG] DATA-001.h2::codec::framed_read: received frame=Settings { flags: (0x0), max_concurrent_streams: 128, initial_window_size: 65536, max_frame_size: 16777215 }
2026-09-16T09:14:21.165208000Z [DEBUG] DATA-001.h2::codec::framed_write: send frame=Settings { flags: (0x1: ACK) }
2026-09-16T09:14:21.165216100Z [DEBUG] DATA-001.h2::codec::framed_read: received frame=WindowUpdate { stream_id: StreamId(0), size_increment: 2147418112 }
2026-09-16T09:14:21.165795600Z [DEBUG] DATA-001.h2::codec::framed_read: received frame=Settings { flags: (0x1: ACK) }
2026-09-16T09:14:21.165802800Z [DEBUG] DATA-001.h2::proto::settings: received settings ACK; applying Settings { flags: (0x0), enable_push: 0, initial_window_size: 65535, max_frame_size: 16384, max_header_list_size: 16384 }
2026-09-16T09:14:21.269252900Z [DEBUG] DATA-001.h2::codec::framed_read: received frame=Settings { flags: (0x0), max_concurrent_streams: 128, initial_window_size: 65536, max_frame_size: 16777215 }
2026-09-16T09:14:21.269277200Z [DEBUG] DATA-001.h2::codec::framed_write: send frame=Settings { flags: (0x1: ACK) }
2026-09-16T09:14:21.269282600Z [DEBUG] DATA-001.h2::codec::framed_read: received frame=WindowUpdate { stream_id: StreamId(0), size_increment: 2147418112 }
2026-09-16T09:14:21.271059000Z [DEBUG] DATA-001.h2::codec::framed_read: received frame=Settings { flags: (0x1: ACK) }
2026-09-16T09:14:21.271071900Z [DEBUG] DATA-001.h2::proto::settings: received settings ACK; applying Settings { flags: (0x0), enable_push: 0, initial_window_size: 65535, max_frame_size: 16384, max_header_list_size: 16384 }
2026-09-16T09:14:21.655250300Z [DEBUG] DATA-001.h2::codec::framed_read: received frame=Headers { stream_id: StreamId(1), flags: (0x4: END_HEADERS) }
2026-09-16T09:14:21.655306400Z [DEBUG] DATA-001.h2::codec::framed_read: received frame=Data { stream_id: StreamId(1) }
2026-09-16T09:14:21.655318800Z [DEBUG] DATA-001.h2::codec::framed_read: received frame=Data { stream_id: StreamId(1) }
2026-09-16T09:14:21.655906200Z [DEBUG] DATA-001.h2::codec::framed_write: send frame=Ping { ack: false, payload: [59, 124, 219, 122, 11, 135, 22, 180] }
2026-09-16T09:14:21.675700500Z [DEBUG] DATA-001.h2::codec::framed_read: received frame=Headers { stream_id: StreamId(1), flags: (0x4: END_HEADERS) }
2026-09-16T09:14:21.675726500Z [DEBUG] DATA-001.h2::codec::framed_read: received frame=Data { stream_id: StreamId(1) }
2026-09-16T09:14:21.676083200Z [DEBUG] DATA-001.h2::codec::framed_write: send frame=Ping { ack: false, payload: [59, 124, 219, 122, 11, 135, 22, 180] }
2026-09-16T09:14:21.759208700Z [DEBUG] DATA-001.h2::codec::framed_read: received frame=Data { stream_id: StreamId(1) }
2026-09-16T09:14:21.759249300Z [DEBUG] DATA-001.h2::codec::framed_read: received frame=Data { stream_id: StreamId(1) }
2026-09-16T09:14:21.759251400Z [DEBUG] DATA-001.h2::codec::framed_read: received frame=Data { stream_id: StreamId(1) }
2026-09-16T09:14:21.759654300Z [DEBUG] DATA-001.h2::codec::framed_write: send frame=WindowUpdate { stream_id: StreamId(0), size_increment: 26171 }
2026-09-16T09:14:21.759666200Z [DEBUG] DATA-001.h2::codec::framed_write: send frame=WindowUpdate { stream_id: StreamId(1), size_increment: 26171 }
2026-09-16T09:14:21.765284600Z [DEBUG] DATA-001.h2::codec::framed_read: received frame=Data { stream_id: StreamId(1) }
2026-09-16T09:14:21.765649100Z [DEBUG] DATA-001.h2::codec::framed_write: send frame=WindowUpdate { stream_id: StreamId(0), size_increment: 23853 }
2026-09-16T09:14:21.765664700Z [DEBUG] DATA-001.h2::codec::framed_write: send frame=WindowUpdate { stream_id: StreamId(1), size_increment: 23853 }
2026-09-16T09:14:21.857784200Z [DEBUG] DATA-001.h2::codec::framed_read: received frame=Data { stream_id: StreamId(1) }
2026-09-16T09:14:21.857821100Z [DEBUG] DATA-001.h2::codec::framed_read: received frame=Data { stream_id: StreamId(1) }
2026-09-16T09:14:21.857840300Z [DEBUG] DATA-001.h2::codec::framed_read: received frame=Data { stream_id: StreamId(1) }
2026-09-16T09:14:21.858311600Z [DEBUG] DATA-001.h2::codec::framed_write: send frame=WindowUpdate { stream_id: StreamId(0), size_increment: 24576 }
2026-09-16T09:14:21.858323000Z [DEBUG] DATA-001.h2::codec::framed_write: send frame=WindowUpdate { stream_id: StreamId(1), size_increment: 24576 }
2026-09-16T09:14:21.860161700Z [DEBUG] DATA-001.h2::codec::framed_read: received frame=Ping { ack: true, payload: [59, 124, 219, 122, 11, 135, 22, 180] }
2026-09-16T09:14:21.893815200Z [DEBUG] DATA-001.h2::codec::framed_read: received frame=Data { stream_id: StreamId(1) }
2026-09-16T09:14:21.893851400Z [DEBUG] DATA-001.h2::codec::framed_read: received frame=Data { stream_id: StreamId(1) }
2026-09-16T09:14:21.893862400Z [DEBUG] DATA-001.h2::codec::framed_read: received frame=Data { stream_id: StreamId(1) }
2026-09-16T09:14:21.893864300Z [DEBUG] DATA-001.h2::codec::framed_read: received frame=Ping { ack: true, payload: [59, 124, 219, 122, 11, 135, 22, 180] }
2026-09-16T09:14:21.893885300Z [DEBUG] DATA-001.h2::codec::framed_write: send frame=Settings { flags: (0x0), initial_window_size: 96858 }
2026-09-16T09:14:21.893890800Z [DEBUG] DATA-001.h2::codec::framed_write: send frame=WindowUpdate { stream_id: StreamId(0), size_increment: 31323 }
2026-09-16T09:14:21.970489800Z [DEBUG] DATA-001.h2::codec::framed_read: received frame=Data { stream_id: StreamId(1) }
2026-09-16T09:14:21.970523400Z [DEBUG] DATA-001.h2::codec::framed_read: received frame=Data { stream_id: StreamId(1) }
2026-09-16T09:14:21.970907200Z [DEBUG] DATA-001.h2::codec::framed_write: send frame=Ping { ack: false, payload: [59, 124, 219, 122, 11, 135, 22, 180] }
2026-09-16T09:14:22.013718600Z [DEBUG] DATA-001.h2::codec::framed_read: received frame=Data { stream_id: StreamId(1) }
2026-09-16T09:14:22.013769600Z [DEBUG] DATA-001.h2::codec::framed_read: received frame=Data { stream_id: StreamId(1) }
2026-09-16T09:14:22.013777400Z [DEBUG] DATA-001.h2::codec::framed_read: received frame=Data { stream_id: StreamId(1) }
2026-09-16T09:14:22.014153200Z [DEBUG] DATA-001.h2::codec::framed_write: send frame=Ping { ack: false, payload: [59, 124, 219, 122, 11, 135, 22, 180] }
2026-09-16T09:14:22.014176800Z [DEBUG] DATA-001.h2::codec::framed_write: send frame=WindowUpdate { stream_id: StreamId(1), size_increment: 25298 }
2026-09-16T09:14:22.014289600Z [DEBUG] DATA-001.h2::codec::framed_write: send frame=WindowUpdate { stream_id: StreamId(0), size_increment: 40959 }
2026-09-16T09:14:22.052124700Z [DEBUG] DATA-001.h2::codec::framed_read: received frame=Data { stream_id: StreamId(1) }
2026-09-16T09:14:22.052199300Z [DEBUG] DATA-001.h2::codec::framed_read: received frame=Data { stream_id: StreamId(1) }
2026-09-16T09:14:22.052207700Z [DEBUG] DATA-001.h2::codec::framed_read: received frame=Data { stream_id: StreamId(1) }
2026-09-16T09:14:22.052209600Z [DEBUG] DATA-001.h2::codec::framed_write: send frame=WindowUpdate { stream_id: StreamId(0), size_increment: 16384 }
2026-09-16T09:14:22.052511500Z [DEBUG] DATA-001.h2::codec::framed_write: send frame=WindowUpdate { stream_id: StreamId(0), size_increment: 22980 }
2026-09-16T09:14:22.052520900Z [DEBUG] DATA-001.h2::codec::framed_write: send frame=WindowUpdate { stream_id: StreamId(1), size_increment: 39364 }
2026-09-16T09:14:22.099845300Z [DEBUG] DATA-001.h2::codec::framed_read: received frame=Data { stream_id: StreamId(1) }
2026-09-16T09:14:22.099905400Z [DEBUG] DATA-001.h2::codec::framed_read: received frame=Data { stream_id: StreamId(1) }
2026-09-16T09:14:22.099910700Z [DEBUG] DATA-001.h2::codec::framed_read: received frame=Data { stream_id: StreamId(1) }
2026-09-16T09:14:22.100340800Z [DEBUG] DATA-001.h2::codec::framed_write: send frame=WindowUpdate { stream_id: StreamId(0), size_increment: 23279 }
2026-09-16T09:14:22.100348600Z [DEBUG] DATA-001.h2::codec::framed_write: send frame=WindowUpdate { stream_id: StreamId(1), size_increment: 23279 }
2026-09-16T09:14:22.110567800Z [DEBUG] DATA-001.h2::codec::framed_read: received frame=Data { stream_id: StreamId(1) }
2026-09-16T09:14:22.110749900Z [DEBUG] DATA-001.h2::codec::framed_read: received frame=Data { stream_id: StreamId(1) }
2026-09-16T09:14:22.110773200Z [DEBUG] DATA-001.h2::codec::framed_read: received frame=Data { stream_id: StreamId(1) }
2026-09-16T09:14:22.110944700Z [DEBUG] DATA-001.h2::codec::framed_write: send frame=WindowUpdate { stream_id: StreamId(1), size_increment: 40237 }
2026-09-16T09:14:22.129726000Z [DEBUG] DATA-001.h2::codec::framed_read: received frame=Data { stream_id: StreamId(1) }
2026-09-16T09:14:22.147227400Z [DEBUG] DATA-001.h2::codec::framed_read: received frame=Settings { flags: (0x1: ACK) }
2026-09-16T09:14:22.147248400Z [DEBUG] DATA-001.h2::proto::settings: received settings ACK; applying Settings { flags: (0x0), initial_window_size: 96858 }
2026-09-16T09:14:22.147256400Z [DEBUG] DATA-001.h2::codec::framed_read: received frame=Data { stream_id: StreamId(1) }
2026-09-16T09:14:22.147625100Z [DEBUG] DATA-001.h2::codec::framed_write: send frame=WindowUpdate { stream_id: StreamId(0), size_increment: 32768 }
2026-09-16T09:14:22.154535200Z [DEBUG] DATA-001.h2::codec::framed_read: received frame=Ping { ack: true, payload: [59, 124, 219, 122, 11, 135, 22, 180] }
2026-09-16T09:14:22.154562500Z [DEBUG] DATA-001.h2::codec::framed_write: send frame=Settings { flags: (0x0), initial_window_size: 131070 }
2026-09-16T09:14:22.154566800Z [DEBUG] DATA-001.h2::codec::framed_write: send frame=WindowUpdate { stream_id: StreamId(0), size_increment: 68427 }
2026-09-16T09:14:22.169046900Z [DEBUG] DATA-001.h2::codec::framed_read: received frame=Data { stream_id: StreamId(1) }
2026-09-16T09:14:22.169087800Z [DEBUG] DATA-001.h2::codec::framed_read: received frame=Data { stream_id: StreamId(1) }
2026-09-16T09:14:22.169089500Z [DEBUG] DATA-001.h2::codec::framed_read: received frame=Data { stream_id: StreamId(1) }
2026-09-16T09:14:22.269566500Z [DEBUG] DATA-001.h2::codec::framed_read: received frame=Ping { ack: true, payload: [59, 124, 219, 122, 11, 135, 22, 180] }
2026-09-16T09:14:22.269609200Z [DEBUG] DATA-001.h2::codec::framed_read: received frame=Data { stream_id: StreamId(1) }
2026-09-16T09:14:22.269632400Z [DEBUG] DATA-001.h2::codec::framed_read: received frame=Data { stream_id: StreamId(1) }
2026-09-16T09:14:22.269638000Z [DEBUG] DATA-001.h2::codec::framed_read: received frame=Data { stream_id: StreamId(1) }
2026-09-16T09:14:22.269638800Z [DEBUG] DATA-001.h2::codec::framed_read: received frame=Data { stream_id: StreamId(1) }
2026-09-16T09:14:22.269652500Z [DEBUG] DATA-001.h2::codec::framed_write: send frame=Settings { flags: (0x0), initial_window_size: 159504 }
2026-09-16T09:14:22.269658500Z [DEBUG] DATA-001.h2::codec::framed_write: send frame=WindowUpdate { stream_id: StreamId(0), size_increment: 85777 }
2026-09-16T09:14:22.269957500Z [DEBUG] DATA-001.h2::codec::framed_write: send frame=WindowUpdate { stream_id: StreamId(1), size_increment: 56621 }
2026-09-16T09:14:22.285815900Z [DEBUG] DATA-001.h2::codec::framed_read: received frame=Data { stream_id: StreamId(1) }
2026-09-16T09:14:22.286205400Z [DEBUG] DATA-001.h2::codec::framed_write: send frame=Ping { ack: false, payload: [59, 124, 219, 122, 11, 135, 22, 180] }
2026-09-16T09:14:22.310460100Z [DEBUG] DATA-001.h2::codec::framed_read: received frame=Data { stream_id: StreamId(1) }
2026-09-16T09:14:22.310493200Z [DEBUG] DATA-001.h2::codec::framed_read: received frame=Data { stream_id: StreamId(1) }
2026-09-16T09:14:22.310496000Z [DEBUG] DATA-001.h2::codec::framed_read: received frame=Data { stream_id: StreamId(1) }
2026-09-16T09:14:22.310500500Z [DEBUG] DATA-001.h2::codec::framed_read: received frame=Data { stream_id: StreamId(1) }
2026-09-16T09:14:22.310626500Z [DEBUG] DATA-001.h2::codec::framed_read: received frame=Data { stream_id: StreamId(1) }
2026-09-16T09:14:22.310946300Z [DEBUG] DATA-001.h2::codec::framed_write: send frame=WindowUpdate { stream_id: StreamId(0), size_increment: 47556 }
2026-09-16T09:14:22.310976300Z [DEBUG] DATA-001.h2::codec::framed_write: send frame=WindowUpdate { stream_id: StreamId(1), size_increment: 50448 }
2026-09-16T09:14:22.319228900Z [DEBUG] DATA-001.h2::codec::framed_read: received frame=Data { stream_id: StreamId(1) }
2026-09-16T09:14:22.319247600Z [DEBUG] DATA-001.h2::codec::framed_read: received frame=Data { stream_id: StreamId(1) }
2026-09-16T09:14:22.334252400Z [DEBUG] DATA-001.h2::codec::framed_read: received frame=Data { stream_id: StreamId(1) }
2026-09-16T09:14:22.334277100Z [DEBUG] DATA-001.h2::codec::framed_read: received frame=Data { stream_id: StreamId(1) }
2026-09-16T09:14:22.334690500Z [DEBUG] DATA-001.h2::codec::framed_write: send frame=Ping { ack: false, payload: [59, 124, 219, 122, 11, 135, 22, 180] }
2026-09-16T09:14:22.381894700Z [DEBUG] DATA-001.h2::codec::framed_read: received frame=Data { stream_id: StreamId(1) }
2026-09-16T09:14:22.381970800Z [DEBUG] DATA-001.h2::codec::framed_read: received frame=Data { stream_id: StreamId(1) }
2026-09-16T09:14:22.381980200Z [DEBUG] DATA-001.h2::codec::framed_read: received frame=Data { stream_id: StreamId(1) }
2026-09-16T09:14:22.382261800Z [DEBUG] DATA-001.h2::codec::framed_write: send frame=WindowUpdate { stream_id: StreamId(0), size_increment: 57343 }
2026-09-16T09:14:22.382268900Z [DEBUG] DATA-001.h2::codec::framed_write: send frame=WindowUpdate { stream_id: StreamId(1), size_increment: 32045 }
2026-09-16T09:14:22.385509400Z [DEBUG] DATA-001.h2::codec::framed_read: received frame=Settings { flags: (0x1: ACK) }
2026-09-16T09:14:22.385523800Z [DEBUG] DATA-001.h2::proto::settings: received settings ACK; applying Settings { flags: (0x0), initial_window_size: 131070 }
2026-09-16T09:14:22.385539400Z [DEBUG] DATA-001.h2::codec::framed_read: received frame=Data { stream_id: StreamId(1) }
2026-09-16T09:14:22.385569600Z [DEBUG] DATA-001.h2::codec::framed_read: received frame=Data { stream_id: StreamId(1) }
2026-09-16T09:14:22.385576600Z [DEBUG] DATA-001.h2::codec::framed_read: received frame=Data { stream_id: StreamId(1) }
2026-09-16T09:14:22.432101200Z [DEBUG] DATA-001.h2::codec::framed_read: received frame=Data { stream_id: StreamId(1) }
2026-09-16T09:14:22.432129300Z [DEBUG] DATA-001.h2::codec::framed_read: received frame=Data { stream_id: StreamId(1) }
2026-09-16T09:14:22.432131700Z [DEBUG] DATA-001.h2::codec::framed_read: received frame=Data { stream_id: StreamId(1) }
2026-09-16T09:14:22.432147500Z [DEBUG] DATA-001.h2::codec::framed_read: received frame=Data { stream_id: StreamId(1) }
2026-09-16T09:14:22.432153300Z [DEBUG] DATA-001.h2::codec::framed_read: received frame=Data { stream_id: StreamId(1) }
2026-09-16T09:14:22.432158300Z [DEBUG] DATA-001.h2::codec::framed_read: received frame=Data { stream_id: StreamId(1) }
2026-09-16T09:14:22.432159800Z [DEBUG] DATA-001.h2::codec::framed_write: send frame=WindowUpdate { stream_id: StreamId(0), size_increment: 39663 }
2026-09-16T09:14:22.432443600Z [DEBUG] DATA-001.h2::codec::framed_write: send frame=WindowUpdate { stream_id: StreamId(1), size_increment: 80622 }
2026-09-16T09:14:22.470512900Z [DEBUG] DATA-001.h2::codec::framed_read: received frame=Ping { ack: true, payload: [59, 124, 219, 122, 11, 135, 22, 180] }
2026-09-16T09:14:22.470551700Z [DEBUG] DATA-001.h2::codec::framed_write: send frame=Settings { flags: (0x0), initial_window_size: 256356 }
2026-09-16T09:14:22.470556900Z [DEBUG] DATA-001.h2::codec::framed_write: send frame=WindowUpdate { stream_id: StreamId(0), size_increment: 166245 }
2026-09-16T09:14:22.497661800Z [DEBUG] DATA-001.h2::codec::framed_read: received frame=Settings { flags: (0x1: ACK) }
2026-09-16T09:14:22.497684800Z [DEBUG] DATA-001.h2::proto::settings: received settings ACK; applying Settings { flags: (0x0), initial_window_size: 159504 }
2026-09-16T09:14:22.497713400Z [DEBUG] DATA-001.h2::codec::framed_read: received frame=Data { stream_id: StreamId(1) }
2026-09-16T09:14:22.497732200Z [DEBUG] DATA-001.h2::codec::framed_read: received frame=Data { stream_id: StreamId(1) }
2026-09-16T09:14:22.521538200Z [DEBUG] DATA-001.h2::codec::framed_read: received frame=Data { stream_id: StreamId(1) }
2026-09-16T09:14:22.521562700Z [DEBUG] DATA-001.h2::codec::framed_read: received frame=Data { stream_id: StreamId(1) }
2026-09-16T09:14:22.532738300Z [DEBUG] DATA-001.h2::codec::framed_read: received frame=Data { stream_id: StreamId(1) }
2026-09-16T09:14:22.532809300Z [DEBUG] DATA-001.h2::codec::framed_read: received frame=Data { stream_id: StreamId(1) }
2026-09-16T09:14:22.532841000Z [DEBUG] DATA-001.h2::codec::framed_read: received frame=Data { stream_id: StreamId(1) }
2026-09-16T09:14:22.533092500Z [DEBUG] DATA-001.h2::codec::framed_write: send frame=Ping { ack: false, payload: [59, 124, 219, 122, 11, 135, 22, 180] }
2026-09-16T09:14:22.539901200Z [DEBUG] DATA-001.h2::codec::framed_read: received frame=Data { stream_id: StreamId(1) }
2026-09-16T09:14:22.539927000Z [DEBUG] DATA-001.h2::codec::framed_read: received frame=Data { stream_id: StreamId(1) }
2026-09-16T09:14:22.539929600Z [DEBUG] DATA-001.h2::codec::framed_read: received frame=Data { stream_id: StreamId(1) }
2026-09-16T09:14:22.539932900Z [DEBUG] DATA-001.h2::codec::framed_read: received frame=Data { stream_id: StreamId(1) }
2026-09-16T09:14:22.540272000Z [DEBUG] DATA-001.h2::codec::framed_write: send frame=WindowUpdate { stream_id: StreamId(1), size_increment: 50448 }
2026-09-16T09:14:22.562739400Z [DEBUG] DATA-001.h2::codec::framed_read: received frame=Data { stream_id: StreamId(1) }
2026-09-16T09:14:22.562758200Z [DEBUG] DATA-001.h2::codec::framed_read: received frame=Data { stream_id: StreamId(1) }
2026-09-16T09:14:22.562805900Z [DEBUG] DATA-001.h2::codec::framed_read: received frame=Data { stream_id: StreamId(1) }
2026-09-16T09:14:22.562808100Z [DEBUG] DATA-001.h2::codec::framed_read: received frame=Data { stream_id: StreamId(1) }
2026-09-16T09:14:22.562809800Z [DEBUG] DATA-001.h2::codec::framed_read: received frame=Data { stream_id: StreamId(1) }
2026-09-16T09:14:22.562820400Z [DEBUG] DATA-001.h2::codec::framed_write: send frame=WindowUpdate { stream_id: StreamId(0), size_increment: 40960 }
2026-09-16T09:14:22.563101000Z [DEBUG] DATA-001.h2::codec::framed_write: send frame=WindowUpdate { stream_id: StreamId(1), size_increment: 79030 }
2026-09-16T09:14:22.572037500Z [DEBUG] DATA-001.h2::codec::framed_read: received frame=Data { stream_id: StreamId(1) }
2026-09-16T09:14:22.572057800Z [DEBUG] DATA-001.h2::codec::framed_read: received frame=Data { stream_id: StreamId(1) }
2026-09-16T09:14:22.572066100Z [DEBUG] DATA-001.h2::codec::framed_read: received frame=Data { stream_id: StreamId(1) }
2026-09-16T09:14:22.572067500Z [DEBUG] DATA-001.h2::codec::framed_read: received frame=Ping { ack: true, payload: [59, 124, 219, 122, 11, 135, 22, 180] }
2026-09-16T09:14:22.572081400Z [DEBUG] DATA-001.h2::codec::framed_write: send frame=Settings { flags: (0x0), initial_window_size: 222150 }
2026-09-16T09:14:22.572085800Z [DEBUG] DATA-001.h2::codec::framed_write: send frame=WindowUpdate { stream_id: StreamId(0), size_increment: 100716 }
2026-09-16T09:14:22.636698600Z [DEBUG] DATA-001.h2::codec::framed_read: received frame=Data { stream_id: StreamId(1) }
2026-09-16T09:14:22.636745100Z [DEBUG] DATA-001.h2::codec::framed_read: received frame=Data { stream_id: StreamId(1) }
2026-09-16T09:14:22.636756600Z [DEBUG] DATA-001.h2::codec::framed_read: received frame=Data { stream_id: StreamId(1) }
2026-09-16T09:14:22.636758800Z [DEBUG] DATA-001.h2::codec::framed_read: received frame=Data { stream_id: StreamId(1) }
2026-09-16T09:14:22.636765100Z [DEBUG] DATA-001.h2::codec::framed_read: received frame=Data { stream_id: StreamId(1) }
2026-09-16T09:14:22.637192400Z [DEBUG] DATA-001.h2::codec::framed_write: send frame=WindowUpdate { stream_id: StreamId(0), size_increment: 90111 }
2026-09-16T09:14:22.679803800Z [DEBUG] DATA-001.h2::codec::framed_read: received frame=Settings { flags: (0x1: ACK) }
2026-09-16T09:14:22.679826700Z [DEBUG] DATA-001.h2::proto::settings: received settings ACK; applying Settings { flags: (0x0), initial_window_size: 256356 }
2026-09-16T09:14:22.679834900Z [DEBUG] DATA-001.h2::codec::framed_read: received frame=Data { stream_id: StreamId(1) }
2026-09-16T09:14:22.679874000Z [DEBUG] DATA-001.h2::codec::framed_read: received frame=Data { stream_id: StreamId(1) }
2026-09-16T09:14:22.679881900Z [DEBUG] DATA-001.h2::codec::framed_read: received frame=Data { stream_id: StreamId(1) }
2026-09-16T09:14:22.684279100Z [DEBUG] DATA-001.h2::codec::framed_read: received frame=Data { stream_id: StreamId(1) }
2026-09-16T09:14:22.684366500Z [DEBUG] DATA-001.h2::codec::framed_read: received frame=Data { stream_id: StreamId(1) }
2026-09-16T09:14:22.684408400Z [DEBUG] DATA-001.h2::codec::framed_read: received frame=Data { stream_id: StreamId(1) }
2026-09-16T09:14:22.684419200Z [DEBUG] DATA-001.h2::codec::framed_read: received frame=Data { stream_id: StreamId(1) }
2026-09-16T09:14:22.684785500Z [DEBUG] DATA-001.h2::codec::framed_write: send frame=Ping { ack: false, payload: [59, 124, 219, 122, 11, 135, 22, 180] }
2026-09-16T09:14:22.684800100Z [DEBUG] DATA-001.h2::codec::framed_write: send frame=WindowUpdate { stream_id: StreamId(1), size_increment: 53489 }
2026-09-16T09:14:22.694258800Z [DEBUG] DATA-001.h2::codec::framed_read: received frame=Data { stream_id: StreamId(1) }
2026-09-16T09:14:22.694301600Z [DEBUG] DATA-001.h2::codec::framed_read: received frame=Data { stream_id: StreamId(1) }
2026-09-16T09:14:22.705457300Z [DEBUG] DATA-001.h2::codec::framed_read: received frame=Data { stream_id: StreamId(1) }
2026-09-16T09:14:22.705498700Z [DEBUG] DATA-001.h2::codec::framed_read: received frame=Data { stream_id: StreamId(1) }
2026-09-16T09:14:22.705517600Z [DEBUG] DATA-001.h2::codec::framed_read: received frame=Data { stream_id: StreamId(1) }
2026-09-16T09:14:22.705519700Z [DEBUG] DATA-001.h2::codec::framed_read: received frame=Data { stream_id: StreamId(1) }
2026-09-16T09:14:22.705938900Z [DEBUG] DATA-001.h2::codec::framed_write: send frame=WindowUpdate { stream_id: StreamId(0), size_increment: 80474 }
2026-09-16T09:14:22.712052600Z [DEBUG] DATA-001.h2::codec::framed_read: received frame=Data { stream_id: StreamId(1) }
2026-09-16T09:14:22.712085100Z [DEBUG] DATA-001.h2::codec::framed_read: received frame=Data { stream_id: StreamId(1) }
2026-09-16T09:14:22.712113700Z [DEBUG] DATA-001.h2::codec::framed_read: received frame=Data { stream_id: StreamId(1) }
2026-09-16T09:14:22.712126200Z [DEBUG] DATA-001.h2::codec::framed_read: received frame=Data { stream_id: StreamId(1) }
2026-09-16T09:14:22.712201400Z [DEBUG] DATA-001.h2::codec::framed_read: received frame=Data { stream_id: StreamId(1) }
2026-09-16T09:14:22.712221900Z [DEBUG] DATA-001.h2::codec::framed_read: received frame=Data { stream_id: StreamId(1) }
2026-09-16T09:14:22.712423500Z [DEBUG] DATA-001.h2::codec::framed_write: send frame=WindowUpdate { stream_id: StreamId(0), size_increment: 90112 }
2026-09-16T09:14:22.712433000Z [DEBUG] DATA-001.h2::codec::framed_write: send frame=WindowUpdate { stream_id: StreamId(1), size_increment: 129775 }
2026-09-16T09:14:22.735248800Z [DEBUG] DATA-001.h2::codec::framed_read: received frame=Data { stream_id: StreamId(1) }
2026-09-16T09:14:22.735284700Z [DEBUG] DATA-001.h2::codec::framed_read: received frame=Data { stream_id: StreamId(1) }
2026-09-16T09:14:22.735330400Z [DEBUG] DATA-001.h2::codec::framed_read: received frame=Data { stream_id: StreamId(1) }
2026-09-16T09:14:22.735338100Z [DEBUG] DATA-001.h2::codec::framed_read: received frame=Data { stream_id: StreamId(1) }
2026-09-16T09:14:22.745415300Z [DEBUG] DATA-001.h2::codec::framed_read: received frame=Data { stream_id: StreamId(1) }
2026-09-16T09:14:22.745450600Z [DEBUG] DATA-001.h2::codec::framed_read: received frame=Data { stream_id: StreamId(1) }
2026-09-16T09:14:22.745453100Z [DEBUG] DATA-001.h2::codec::framed_read: received frame=Data { stream_id: StreamId(1) }
2026-09-16T09:14:22.745485000Z [DEBUG] DATA-001.h2::codec::framed_read: received frame=Data { stream_id: StreamId(1) }
2026-09-16T09:14:22.745489200Z [DEBUG] DATA-001.h2::codec::framed_read: received frame=Data { stream_id: StreamId(1) }
2026-09-16T09:14:22.745490700Z [DEBUG] DATA-001.h2::codec::framed_read: received frame=Data { stream_id: StreamId(1) }
2026-09-16T09:14:22.745495000Z [DEBUG] DATA-001.h2::codec::framed_read: received frame=Data { stream_id: StreamId(1) }
2026-09-16T09:14:22.745496300Z [DEBUG] DATA-001.h2::codec::framed_read: received frame=Ping { ack: true, payload: [59, 124, 219, 122, 11, 135, 22, 180] }
2026-09-16T09:14:22.745510600Z [DEBUG] DATA-001.h2::codec::framed_write: send frame=Settings { flags: (0x0), initial_window_size: 425982 }
2026-09-16T09:14:22.745514600Z [DEBUG] DATA-001.h2::codec::framed_write: send frame=WindowUpdate { stream_id: StreamId(0), size_increment: 202394 }
2026-09-16T09:14:22.795910200Z [DEBUG] DATA-001.h2::codec::framed_read: received frame=Data { stream_id: StreamId(1) }
2026-09-16T09:14:22.795954200Z [DEBUG] DATA-001.h2::codec::framed_read: received frame=Data { stream_id: StreamId(1) }
2026-09-16T09:14:22.795962600Z [DEBUG] DATA-001.h2::codec::framed_read: received frame=Data { stream_id: StreamId(1) }
2026-09-16T09:14:22.796065900Z [DEBUG] DATA-001.h2::codec::framed_read: received frame=Data { stream_id: StreamId(1) }
2026-09-16T09:14:22.796086600Z [DEBUG] DATA-001.h2::codec::framed_read: received frame=Data { stream_id: StreamId(1) }
2026-09-16T09:14:22.796305500Z [DEBUG] DATA-001.h2::codec::framed_write: send frame=WindowUpdate { stream_id: StreamId(1), size_increment: 67945 }
2026-09-16T09:14:22.818566400Z [DEBUG] DATA-001.h2::codec::framed_read: received frame=Settings { flags: (0x1: ACK) }
2026-09-16T09:14:22.818588600Z [DEBUG] DATA-001.h2::proto::settings: received settings ACK; applying Settings { flags: (0x0), initial_window_size: 222150 }
2026-09-16T09:14:22.818605300Z [DEBUG] DATA-001.h2::codec::framed_read: received frame=Data { stream_id: StreamId(1) }
2026-09-16T09:14:22.818674200Z [DEBUG] DATA-001.h2::codec::framed_read: received frame=Data { stream_id: StreamId(1) }
2026-09-16T09:14:22.818682600Z [DEBUG] DATA-001.h2::codec::framed_read: received frame=Data { stream_id: StreamId(1) }
2026-09-16T09:14:22.839153700Z [DEBUG] DATA-001.h2::codec::framed_read: received frame=Data { stream_id: StreamId(1) }
2026-09-16T09:14:22.839191900Z [DEBUG] DATA-001.h2::codec::framed_read: received frame=Data { stream_id: StreamId(1) }
2026-09-16T09:14:22.839194200Z [DEBUG] DATA-001.h2::codec::framed_read: received frame=Data { stream_id: StreamId(1) }
2026-09-16T09:14:22.839197100Z [DEBUG] DATA-001.h2::codec::framed_read: received frame=Data { stream_id: StreamId(1) }
2026-09-16T09:14:22.839199500Z [DEBUG] DATA-001.h2::codec::framed_write: send frame=WindowUpdate { stream_id: StreamId(0), size_increment: 65536 }
2026-09-16T09:14:22.841295500Z [DEBUG] DATA-001.h2::codec::framed_read: received frame=Data { stream_id: StreamId(1) }
2026-09-16T09:14:22.841410500Z [DEBUG] DATA-001.h2::codec::framed_read: received frame=Data { stream_id: StreamId(1) }
2026-09-16T09:14:22.841426200Z [DEBUG] DATA-001.h2::codec::framed_read: received frame=Data { stream_id: StreamId(1) }
2026-09-16T09:14:22.841682100Z [DEBUG] DATA-001.h2::codec::framed_write: send frame=Ping { ack: false, payload: [59, 124, 219, 122, 11, 135, 22, 180] }
2026-09-16T09:14:22.841695300Z [DEBUG] DATA-001.h2::codec::framed_write: send frame=WindowUpdate { stream_id: StreamId(1), size_increment: 100709 }
2026-09-16T09:14:22.847893300Z [DEBUG] DATA-001.h2::codec::framed_read: received frame=Data { stream_id: StreamId(1) }
2026-09-16T09:14:22.847914400Z [DEBUG] DATA-001.h2::codec::framed_read: received frame=Data { stream_id: StreamId(1) }
2026-09-16T09:14:22.847917200Z [DEBUG] DATA-001.h2::codec::framed_read: received frame=Data { stream_id: StreamId(1) }
2026-09-16T09:14:22.847920600Z [DEBUG] DATA-001.h2::codec::framed_read: received frame=Data { stream_id: StreamId(1) }
2026-09-16T09:14:22.859383700Z [DEBUG] DATA-001.h2::codec::framed_read: received frame=Data { stream_id: StreamId(1) }
2026-09-16T09:14:22.859417000Z [DEBUG] DATA-001.h2::codec::framed_read: received frame=Data { stream_id: StreamId(1) }
2026-09-16T09:14:22.859419700Z [DEBUG] DATA-001.h2::codec::framed_read: received frame=Data { stream_id: StreamId(1) }
2026-09-16T09:14:22.859425100Z [DEBUG] DATA-001.h2::codec::framed_read: received frame=Data { stream_id: StreamId(1) }
2026-09-16T09:14:22.859513100Z [DEBUG] DATA-001.h2::codec::framed_read: received frame=Data { stream_id: StreamId(1) }
2026-09-16T09:14:22.859553400Z [DEBUG] DATA-001.h2::codec::framed_read: received frame=Data { stream_id: StreamId(1) }
2026-09-16T09:14:22.859787400Z [DEBUG] DATA-001.h2::codec::framed_write: send frame=WindowUpdate { stream_id: StreamId(0), size_increment: 76140 }
2026-09-16T09:14:22.859805700Z [DEBUG] DATA-001.h2::codec::framed_write: send frame=WindowUpdate { stream_id: StreamId(1), size_increment: 100716 }
2026-09-16T09:14:22.893004300Z [DEBUG] DATA-001.h2::codec::framed_read: received frame=Ping { ack: true, payload: [59, 124, 219, 122, 11, 135, 22, 180] }
2026-09-16T09:14:22.893047900Z [DEBUG] DATA-001.h2::codec::framed_write: send frame=Settings { flags: (0x0), initial_window_size: 398038 }
2026-09-16T09:14:22.893054500Z [DEBUG] DATA-001.h2::codec::framed_write: send frame=WindowUpdate { stream_id: StreamId(0), size_increment: 175888 }
2026-09-16T09:14:22.909881000Z [DEBUG] DATA-001.h2::codec::framed_read: received frame=Data { stream_id: StreamId(1) }
2026-09-16T09:14:22.909929000Z [DEBUG] DATA-001.h2::codec::framed_read: received frame=Data { stream_id: StreamId(1) }
2026-09-16T09:14:22.909938700Z [DEBUG] DATA-001.h2::codec::framed_read: received frame=Data { stream_id: StreamId(1) }
2026-09-16T09:14:22.924741300Z [DEBUG] DATA-001.h2::codec::framed_read: received frame=Data { stream_id: StreamId(1) }
2026-09-16T09:14:22.924777800Z [DEBUG] DATA-001.h2::codec::framed_read: received frame=Data { stream_id: StreamId(1) }
2026-09-16T09:14:22.924913900Z [DEBUG] DATA-001.h2::codec::framed_read: received frame=Data { stream_id: StreamId(1) }
2026-09-16T09:14:22.924946300Z [DEBUG] DATA-001.h2::codec::framed_read: received frame=Data { stream_id: StreamId(1) }
2026-09-16T09:14:22.925254400Z [DEBUG] DATA-001.h2::codec::framed_write: send frame=WindowUpdate { stream_id: StreamId(0), size_increment: 151157 }
2026-09-16T09:14:22.933105300Z [DEBUG] DATA-001.h2::codec::framed_read: received frame=Data { stream_id: StreamId(1) }
2026-09-16T09:14:22.933145900Z [DEBUG] DATA-001.h2::codec::framed_read: received frame=Data { stream_id: StreamId(1) }
2026-09-16T09:14:22.933203700Z [DEBUG] DATA-001.h2::codec::framed_read: received frame=Data { stream_id: StreamId(1) }
2026-09-16T09:14:22.933216400Z [DEBUG] DATA-001.h2::codec::framed_read: received frame=Data { stream_id: StreamId(1) }
2026-09-16T09:14:22.933489300Z [DEBUG] DATA-001.h2::codec::framed_write: send frame=WindowUpdate { stream_id: StreamId(1), size_increment: 115984 }
2026-09-16T09:14:22.936175000Z [DEBUG] DATA-001.h2::codec::framed_read: received frame=Data { stream_id: StreamId(1) }
2026-09-16T09:14:22.936242100Z [DEBUG] DATA-001.h2::codec::framed_read: received frame=Data { stream_id: StreamId(1) }
2026-09-16T09:14:22.936251200Z [DEBUG] DATA-001.h2::codec::framed_read: received frame=Data { stream_id: StreamId(1) }
2026-09-16T09:14:22.936490600Z [DEBUG] DATA-001.h2::codec::framed_write: send frame=Ping { ack: false, payload: [59, 124, 219, 122, 11, 135, 22, 180] }
2026-09-16T09:14:22.942903800Z [DEBUG] DATA-001.h2::codec::framed_read: received frame=Data { stream_id: StreamId(1) }
2026-09-16T09:14:22.942957100Z [DEBUG] DATA-001.h2::codec::framed_read: received frame=Data { stream_id: StreamId(1) }
2026-09-16T09:14:22.942959700Z [DEBUG] DATA-001.h2::codec::framed_read: received frame=Data { stream_id: StreamId(1) }
2026-09-16T09:14:22.942965400Z [DEBUG] DATA-001.h2::codec::framed_read: received frame=Data { stream_id: StreamId(1) }
2026-09-16T09:14:22.942966500Z [DEBUG] DATA-001.h2::codec::framed_read: received frame=Data { stream_id: StreamId(1) }
2026-09-16T09:14:22.943328600Z [DEBUG] DATA-001.h2::codec::framed_read: received frame=Data { stream_id: StreamId(1) }
2026-09-16T09:14:22.943401300Z [DEBUG] DATA-001.h2::codec::framed_read: received frame=Data { stream_id: StreamId(1) }
2026-09-16T09:14:22.943407300Z [DEBUG] DATA-001.h2::codec::framed_read: received frame=Data { stream_id: StreamId(1) }
2026-09-16T09:14:22.943410600Z [DEBUG] DATA-001.h2::codec::framed_read: received frame=Data { stream_id: StreamId(1) }
2026-09-16T09:14:22.956660400Z [DEBUG] DATA-001.h2::codec::framed_read: received frame=Settings { flags: (0x1: ACK) }
2026-09-16T09:14:22.956673500Z [DEBUG] DATA-001.h2::proto::settings: received settings ACK; applying Settings { flags: (0x0), initial_window_size: 425982 }
2026-09-16T09:14:22.956689400Z [DEBUG] DATA-001.h2::codec::framed_read: received frame=Data { stream_id: StreamId(1) }
2026-09-16T09:14:22.956736200Z [DEBUG] DATA-001.h2::codec::framed_read: received frame=Data { stream_id: StreamId(1) }
2026-09-16T09:14:22.956740500Z [DEBUG] DATA-001.h2::codec::framed_read: received frame=Data { stream_id: StreamId(1) }
2026-09-16T09:14:22.967691100Z [DEBUG] DATA-001.h2::codec::framed_read: received frame=Data { stream_id: StreamId(1) }
2026-09-16T09:14:22.967719300Z [DEBUG] DATA-001.h2::codec::framed_read: received frame=Data { stream_id: StreamId(1) }
2026-09-16T09:14:22.967722000Z [DEBUG] DATA-001.h2::codec::framed_read: received frame=Data { stream_id: StreamId(1) }
2026-09-16T09:14:22.967730100Z [DEBUG] DATA-001.h2::codec::framed_read: received frame=Data { stream_id: StreamId(1) }
2026-09-16T09:14:22.967732800Z [DEBUG] DATA-001.h2::codec::framed_read: received frame=Data { stream_id: StreamId(1) }
2026-09-16T09:14:22.967736000Z [DEBUG] DATA-001.h2::codec::framed_read: received frame=Data { stream_id: StreamId(1) }
2026-09-16T09:14:22.968304900Z [DEBUG] DATA-001.h2::codec::framed_write: send frame=WindowUpdate { stream_id: StreamId(0), size_increment: 143758 }
2026-09-16T09:14:22.981261600Z [DEBUG] DATA-001.h2::codec::framed_read: received frame=Data { stream_id: StreamId(1) }
2026-09-16T09:14:22.992893800Z [DEBUG] DATA-001.h2::codec::framed_read: received frame=Data { stream_id: StreamId(1) }
2026-09-16T09:14:22.992931000Z [DEBUG] DATA-001.h2::codec::framed_read: received frame=Data { stream_id: StreamId(1) }
2026-09-16T09:14:22.992934300Z [DEBUG] DATA-001.h2::codec::framed_read: received frame=Data { stream_id: StreamId(1) }
2026-09-16T09:14:22.992940200Z [DEBUG] DATA-001.h2::codec::framed_read: received frame=Data { stream_id: StreamId(1) }
2026-09-16T09:14:22.992990400Z [DEBUG] DATA-001.h2::codec::framed_read: received frame=Data { stream_id: StreamId(1) }
2026-09-16T09:14:22.992997200Z [DEBUG] DATA-001.h2::codec::framed_read: received frame=Data { stream_id: StreamId(1) }
2026-09-16T09:14:22.993236400Z [DEBUG] DATA-001.h2::codec::framed_write: send frame=WindowUpdate { stream_id: StreamId(1), size_increment: 168334 }
2026-09-16T09:14:22.999623900Z [DEBUG] DATA-001.h2::codec::framed_read: received frame=Data { stream_id: StreamId(1) }
2026-09-16T09:14:22.999698400Z [DEBUG] DATA-001.h2::codec::framed_read: received frame=Data { stream_id: StreamId(1) }
2026-09-16T09:14:22.999706800Z [DEBUG] DATA-001.h2::codec::framed_read: received frame=Data { stream_id: StreamId(1) }
2026-09-16T09:14:22.999710900Z [DEBUG] DATA-001.h2::codec::framed_read: received frame=Data { stream_id: StreamId(1) }
2026-09-16T09:14:22.999712800Z [DEBUG] DATA-001.h2::codec::framed_read: received frame=Data { stream_id: StreamId(1) }
2026-09-16T09:14:23.021078200Z [DEBUG] DATA-001.h2::codec::framed_read: received frame=Data { stream_id: StreamId(1) }
2026-09-16T09:14:23.021119600Z [DEBUG] DATA-001.h2::codec::framed_read: received frame=Data { stream_id: StreamId(1) }
2026-09-16T09:14:23.021128800Z [DEBUG] DATA-001.h2::codec::framed_read: received frame=Data { stream_id: StreamId(1) }
2026-09-16T09:14:23.021130000Z [DEBUG] DATA-001.h2::codec::framed_read: received frame=Data { stream_id: StreamId(1) }
2026-09-16T09:14:23.021404000Z [DEBUG] DATA-001.h2::codec::framed_write: send frame=WindowUpdate { stream_id: StreamId(1), size_increment: 80474 }
2026-09-16T09:14:23.034289200Z [DEBUG] DATA-001.h2::codec::framed_read: received frame=Ping { ack: true, payload: [59, 124, 219, 122, 11, 135, 22, 180] }
2026-09-16T09:14:23.034310800Z [DEBUG] DATA-001.h2::codec::framed_read: received frame=Data { stream_id: StreamId(1) }
2026-09-16T09:14:23.034342600Z [DEBUG] DATA-001.h2::codec::framed_write: send frame=Settings { flags: (0x0), initial_window_size: 699698 }
2026-09-16T09:14:23.034348200Z [DEBUG] DATA-001.h2::codec::framed_write: send frame=WindowUpdate { stream_id: StreamId(0), size_increment: 372015 }
2026-09-16T09:14:23.034461900Z [DEBUG] DATA-001.h2::codec::framed_read: received frame=Data { stream_id: StreamId(1) }
2026-09-16T09:14:23.034469600Z [DEBUG] DATA-001.h2::codec::framed_read: received frame=Data { stream_id: StreamId(1) }
2026-09-16T09:14:23.034471200Z [DEBUG] DATA-001.h2::codec::framed_read: received frame=Data { stream_id: StreamId(1) }
2026-09-16T09:14:23.047480100Z [DEBUG] DATA-001.h2::codec::framed_read: received frame=Data { stream_id: StreamId(1) }
2026-09-16T09:14:23.067617400Z [DEBUG] DATA-001.h2::codec::framed_read: received frame=Data { stream_id: StreamId(1) }
2026-09-16T09:14:23.067677600Z [DEBUG] DATA-001.h2::codec::framed_read: received frame=Data { stream_id: StreamId(1) }
2026-09-16T09:14:23.067705000Z [DEBUG] DATA-001.h2::codec::framed_read: received frame=Data { stream_id: StreamId(1) }
2026-09-16T09:14:23.067711400Z [DEBUG] DATA-001.h2::codec::framed_read: received frame=Data { stream_id: StreamId(1) }
2026-09-16T09:14:23.067716000Z [DEBUG] DATA-001.h2::codec::framed_read: received frame=Data { stream_id: StreamId(1) }
2026-09-16T09:14:23.095502900Z [DEBUG] DATA-001.h2::codec::framed_read: received frame=Data { stream_id: StreamId(1) }
2026-09-16T09:14:23.095562900Z [DEBUG] DATA-001.h2::codec::framed_read: received frame=Data { stream_id: StreamId(1) }
2026-09-16T09:14:23.095567300Z [DEBUG] DATA-001.h2::codec::framed_read: received frame=Data { stream_id: StreamId(1) }
2026-09-16T09:14:23.096062400Z [DEBUG] DATA-001.h2::codec::framed_write: send frame=WindowUpdate { stream_id: StreamId(0), size_increment: 146010 }
2026-09-16T09:14:23.107279900Z [DEBUG] DATA-001.h2::codec::framed_read: received frame=Data { stream_id: StreamId(1) }
2026-09-16T09:14:23.107363300Z [DEBUG] DATA-001.h2::codec::framed_read: received frame=Data { stream_id: StreamId(1) }
2026-09-16T09:14:23.107372700Z [DEBUG] DATA-001.h2::codec::framed_read: received frame=Data { stream_id: StreamId(1) }
2026-09-16T09:14:23.107395200Z [DEBUG] DATA-001.h2::codec::framed_read: received frame=Data { stream_id: StreamId(1) }
2026-09-16T09:14:23.107811400Z [DEBUG] DATA-001.h2::codec::framed_write: send frame=WindowUpdate { stream_id: StreamId(1), size_increment: 98304 }
2026-09-16T09:14:23.121768400Z [DEBUG] DATA-001.h2::codec::framed_read: received frame=Data { stream_id: StreamId(1) }
2026-09-16T09:14:23.121829500Z [DEBUG] DATA-001.h2::codec::framed_read: received frame=Data { stream_id: StreamId(1) }
2026-09-16T09:14:23.121837200Z [DEBUG] DATA-001.h2::codec::framed_read: received frame=Data { stream_id: StreamId(1) }
2026-09-16T09:14:23.122272300Z [DEBUG] DATA-001.h2::codec::framed_write: send frame=Ping { ack: false, payload: [59, 124, 219, 122, 11, 135, 22, 180] }
2026-09-16T09:14:23.123922700Z [DEBUG] DATA-001.h2::codec::framed_read: received frame=Data { stream_id: StreamId(1) }
2026-09-16T09:14:23.123970000Z [DEBUG] DATA-001.h2::codec::framed_read: received frame=Data { stream_id: StreamId(1) }
2026-09-16T09:14:23.123973300Z [DEBUG] DATA-001.h2::codec::framed_read: received frame=Data { stream_id: StreamId(1) }
2026-09-16T09:14:23.123987300Z [DEBUG] DATA-001.h2::codec::framed_read: received frame=Data { stream_id: StreamId(1) }
2026-09-16T09:14:23.123992000Z [DEBUG] DATA-001.h2::codec::framed_read: received frame=Data { stream_id: StreamId(1) }
2026-09-16T09:14:23.123996600Z [DEBUG] DATA-001.h2::codec::framed_read: received frame=Data { stream_id: StreamId(1) }
2026-09-16T09:14:23.132950200Z [DEBUG] DATA-001.h2::codec::framed_read: received frame=Data { stream_id: StreamId(1) }
2026-09-16T09:14:23.132994600Z [DEBUG] DATA-001.h2::codec::framed_read: received frame=Data { stream_id: StreamId(1) }
2026-09-16T09:14:23.133133100Z [DEBUG] DATA-001.h2::codec::framed_read: received frame=Data { stream_id: StreamId(1) }
2026-09-16T09:14:23.133198500Z [DEBUG] DATA-001.h2::codec::framed_read: received frame=Data { stream_id: StreamId(1) }
2026-09-16T09:14:23.133211000Z [DEBUG] DATA-001.h2::codec::framed_read: received frame=Data { stream_id: StreamId(1) }
2026-09-16T09:14:23.133219200Z [DEBUG] DATA-001.h2::codec::framed_read: received frame=Data { stream_id: StreamId(1) }
2026-09-16T09:14:23.143859100Z [DEBUG] DATA-001.h2::codec::framed_read: received frame=Data { stream_id: StreamId(1) }
2026-09-16T09:14:23.143941400Z [DEBUG] DATA-001.h2::codec::framed_read: received frame=Data { stream_id: StreamId(1) }
2026-09-16T09:14:23.143954600Z [DEBUG] DATA-001.h2::codec::framed_read: received frame=Data { stream_id: StreamId(1) }
2026-09-16T09:14:23.144026000Z [DEBUG] DATA-001.h2::codec::framed_read: received frame=Settings { flags: (0x1: ACK) }
2026-09-16T09:14:23.144037900Z [DEBUG] DATA-001.h2::proto::settings: received settings ACK; applying Settings { flags: (0x0), initial_window_size: 398038 }
2026-09-16T09:14:23.144044000Z [DEBUG] DATA-001.h2::codec::framed_read: received frame=Data { stream_id: StreamId(1) }
2026-09-16T09:14:23.144082300Z [DEBUG] DATA-001.h2::codec::framed_read: received frame=Data { stream_id: StreamId(1) }
2026-09-16T09:14:23.144109500Z [DEBUG] DATA-001.h2::codec::framed_read: received frame=Data { stream_id: StreamId(1) }
2026-09-16T09:14:23.144281400Z [DEBUG] DATA-001.h2::codec::framed_write: send frame=WindowUpdate { stream_id: StreamId(1), size_increment: 166240 }
2026-09-16T09:14:23.152409100Z [DEBUG] DATA-001.h2::codec::framed_read: received frame=Data { stream_id: StreamId(1) }
2026-09-16T09:14:23.152461800Z [DEBUG] DATA-001.h2::codec::framed_read: received frame=Data { stream_id: StreamId(1) }
2026-09-16T09:14:23.152464700Z [DEBUG] DATA-001.h2::codec::framed_read: received frame=Data { stream_id: StreamId(1) }
2026-09-16T09:14:23.152472100Z [DEBUG] DATA-001.h2::codec::framed_read: received frame=Data { stream_id: StreamId(1) }
2026-09-16T09:14:23.152799000Z [DEBUG] DATA-001.h2::codec::framed_write: send frame=WindowUpdate { stream_id: StreamId(0), size_increment: 133484 }
2026-09-16T09:14:23.154157400Z [DEBUG] DATA-001.h2::codec::framed_read: received frame=Data { stream_id: StreamId(1) }
2026-09-16T09:14:23.154182400Z [DEBUG] DATA-001.h2::codec::framed_read: received frame=Data { stream_id: StreamId(1) }
2026-09-16T09:14:23.154246100Z [DEBUG] DATA-001.h2::codec::framed_read: received frame=Data { stream_id: StreamId(1) }
2026-09-16T09:14:23.154263200Z [DEBUG] DATA-001.h2::codec::framed_read: received frame=Data { stream_id: StreamId(1) }
2026-09-16T09:14:23.154264700Z [DEBUG] DATA-001.h2::codec::framed_read: received frame=Data { stream_id: StreamId(1) }
2026-09-16T09:14:23.154351200Z [DEBUG] DATA-001.h2::codec::framed_read: received frame=Data { stream_id: StreamId(1) }
2026-09-16T09:14:23.154372400Z [DEBUG] DATA-001.h2::codec::framed_read: received frame=Data { stream_id: StreamId(1) }
2026-09-16T09:14:23.154374400Z [DEBUG] DATA-001.h2::codec::framed_read: received frame=Data { stream_id: StreamId(1) }
2026-09-16T09:14:23.166239900Z [DEBUG] DATA-001.h2::codec::framed_read: received frame=Data { stream_id: StreamId(1) }
2026-09-16T09:14:23.166319300Z [DEBUG] DATA-001.h2::codec::framed_read: received frame=Data { stream_id: StreamId(1) }
2026-09-16T09:14:23.166326000Z [DEBUG] DATA-001.h2::codec::framed_read: received frame=Data { stream_id: StreamId(1) }
2026-09-16T09:14:23.166328200Z [DEBUG] DATA-001.h2::codec::framed_read: received frame=Data { stream_id: StreamId(1) }
2026-09-16T09:14:23.166505800Z [DEBUG] DATA-001.h2::codec::framed_read: received frame=Data { stream_id: StreamId(1) }
2026-09-16T09:14:23.166531100Z [DEBUG] DATA-001.h2::codec::framed_read: received frame=Data { stream_id: StreamId(1) }
2026-09-16T09:14:23.166533400Z [DEBUG] DATA-001.h2::codec::framed_read: received frame=Data { stream_id: StreamId(1) }
2026-09-16T09:14:23.166538400Z [DEBUG] DATA-001.h2::codec::framed_read: received frame=Data { stream_id: StreamId(1) }
2026-09-16T09:14:23.166752500Z [DEBUG] DATA-001.h2::codec::framed_write: send frame=WindowUpdate { stream_id: StreamId(1), size_increment: 133484 }
2026-09-16T09:14:23.181660500Z [DEBUG] DATA-001.h2::codec::framed_read: received frame=Data { stream_id: StreamId(1) }
2026-09-16T09:14:23.181697800Z [DEBUG] DATA-001.h2::codec::framed_read: received frame=Data { stream_id: StreamId(1) }
2026-09-16T09:14:23.181700400Z [DEBUG] DATA-001.h2::codec::framed_read: received frame=Data { stream_id: StreamId(1) }
2026-09-16T09:14:23.181706600Z [DEBUG] DATA-001.h2::codec::framed_read: received frame=Data { stream_id: StreamId(1) }
2026-09-16T09:14:23.181707800Z [DEBUG] DATA-001.h2::codec::framed_read: received frame=Data { stream_id: StreamId(1) }
2026-09-16T09:14:23.181791300Z [DEBUG] DATA-001.h2::codec::framed_read: received frame=Data { stream_id: StreamId(1) }
2026-09-16T09:14:23.189070200Z [DEBUG] DATA-001.h2::codec::framed_read: received frame=Data { stream_id: StreamId(1) }
2026-09-16T09:14:23.189192700Z [DEBUG] DATA-001.h2::codec::framed_read: received frame=Data { stream_id: StreamId(1) }
2026-09-16T09:14:23.189208000Z [DEBUG] DATA-001.h2::codec::framed_read: received frame=Data { stream_id: StreamId(1) }
2026-09-16T09:14:23.189346800Z [DEBUG] DATA-001.h2::codec::framed_write: send frame=WindowUpdate { stream_id: StreamId(0), size_increment: 241269 }
2026-09-16T09:14:23.193026000Z [DEBUG] DATA-001.h2::codec::framed_read: received frame=Data { stream_id: StreamId(1) }
2026-09-16T09:14:23.193047600Z [DEBUG] DATA-001.h2::codec::framed_read: received frame=Data { stream_id: StreamId(1) }
2026-09-16T09:14:23.193065100Z [DEBUG] DATA-001.h2::codec::framed_read: received frame=Data { stream_id: StreamId(1) }
2026-09-16T09:14:23.193066800Z [DEBUG] DATA-001.h2::codec::framed_read: received frame=Data { stream_id: StreamId(1) }
2026-09-16T09:14:23.193073400Z [DEBUG] DATA-001.h2::codec::framed_read: received frame=Data { stream_id: StreamId(1) }
2026-09-16T09:14:23.193074600Z [DEBUG] DATA-001.h2::codec::framed_read: received frame=Data { stream_id: StreamId(1) }
2026-09-16T09:14:23.193075800Z [DEBUG] DATA-001.h2::codec::framed_read: received frame=Ping { ack: true, payload: [59, 124, 219, 122, 11, 135, 22, 180] }
2026-09-16T09:14:23.193087800Z [DEBUG] DATA-001.h2::codec::framed_write: send frame=Settings { flags: (0x0), initial_window_size: 711254 }
2026-09-16T09:14:23.193091900Z [DEBUG] DATA-001.h2::codec::framed_write: send frame=WindowUpdate { stream_id: StreamId(0), size_increment: 389349 }
2026-09-16T09:14:23.199591200Z [DEBUG] DATA-001.h2::codec::framed_read: received frame=Data { stream_id: StreamId(1) }
2026-09-16T09:14:23.199614900Z [DEBUG] DATA-001.h2::codec::framed_read: received frame=Data { stream_id: StreamId(1) }
2026-09-16T09:14:23.199727500Z [DEBUG] DATA-001.h2::codec::framed_read: received frame=Data { stream_id: StreamId(1) }
2026-09-16T09:14:23.199774500Z [DEBUG] DATA-001.h2::codec::framed_read: received frame=Data { stream_id: StreamId(1) }
2026-09-16T09:14:23.199779700Z [DEBUG] DATA-001.h2::codec::framed_read: received frame=Data { stream_id: StreamId(1) }
2026-09-16T09:14:23.199788400Z [DEBUG] DATA-001.h2::codec::framed_read: received frame=Data { stream_id: StreamId(1) }
2026-09-16T09:14:23.199790900Z [DEBUG] DATA-001.h2::codec::framed_read: received frame=Data { stream_id: StreamId(1), flags: (0x1: END_STREAM) }
2026-09-16T09:14:23.214479700Z [DEBUG] DATA-001.nautilus_binance::futures::http::client: Loaded USD-M Futures instruments: count=1
2026-09-16T09:14:23.215973200Z [DEBUG] DATA-001.hyper_util::client::legacy::pool: reuse idle connection for ("https", fapi.binance.com)
2026-09-16T09:14:23.216060800Z [DEBUG] DATA-001.h2::codec::framed_write: send frame=Headers { stream_id: StreamId(3), flags: (0x5: END_HEADERS | END_STREAM) }
2026-09-16T09:14:23.216437000Z [DEBUG] DATA-001.h2::codec::framed_read: received frame=Settings { flags: (0x1: ACK) }
2026-09-16T09:14:23.216447400Z [DEBUG] DATA-001.h2::proto::settings: received settings ACK; applying Settings { flags: (0x0), initial_window_size: 699698 }
2026-09-16T09:14:23.307139100Z [DEBUG] DATA-001.h2::codec::framed_read: received frame=Ping { ack: true, payload: [59, 124, 219, 122, 11, 135, 22, 180] }
2026-09-16T09:14:23.318468500Z [DEBUG] DATA-001.h2::codec::framed_read: received frame=Data { stream_id: StreamId(1) }
2026-09-16T09:14:23.318508100Z [DEBUG] DATA-001.h2::codec::framed_read: received frame=Data { stream_id: StreamId(1) }
2026-09-16T09:14:23.318521900Z [DEBUG] DATA-001.h2::codec::framed_read: received frame=Data { stream_id: StreamId(1) }
2026-09-16T09:14:23.318882900Z [DEBUG] DATA-001.h2::codec::framed_write: send frame=Ping { ack: false, payload: [59, 124, 219, 122, 11, 135, 22, 180] }
2026-09-16T09:14:23.330968500Z [DEBUG] DATA-001.h2::codec::framed_read: received frame=Data { stream_id: StreamId(1) }
2026-09-16T09:14:23.331043500Z [DEBUG] DATA-001.h2::codec::framed_read: received frame=Data { stream_id: StreamId(1) }
2026-09-16T09:14:23.331054000Z [DEBUG] DATA-001.h2::codec::framed_read: received frame=Data { stream_id: StreamId(1) }
2026-09-16T09:14:23.331065700Z [DEBUG] DATA-001.h2::codec::framed_read: received frame=Data { stream_id: StreamId(1) }
2026-09-16T09:14:23.331340300Z [DEBUG] DATA-001.h2::codec::framed_write: send frame=WindowUpdate { stream_id: StreamId(1), size_increment: 143120 }
2026-09-16T09:14:23.342973400Z [DEBUG] DATA-001.h2::codec::framed_read: received frame=Data { stream_id: StreamId(1) }
2026-09-16T09:14:23.343004600Z [DEBUG] DATA-001.h2::codec::framed_read: received frame=Data { stream_id: StreamId(1) }
2026-09-16T09:14:23.343006500Z [DEBUG] DATA-001.h2::codec::framed_read: received frame=Data { stream_id: StreamId(1) }
2026-09-16T09:14:23.343117100Z [DEBUG] DATA-001.h2::codec::framed_read: received frame=Data { stream_id: StreamId(1) }
2026-09-16T09:14:23.343146900Z [DEBUG] DATA-001.h2::codec::framed_read: received frame=Data { stream_id: StreamId(1) }
2026-09-16T09:14:23.343149700Z [DEBUG] DATA-001.h2::codec::framed_read: received frame=Data { stream_id: StreamId(1) }
2026-09-16T09:14:23.350595300Z [DEBUG] DATA-001.h2::codec::framed_read: received frame=Data { stream_id: StreamId(1) }
2026-09-16T09:14:23.350619100Z [DEBUG] DATA-001.h2::codec::framed_read: received frame=Data { stream_id: StreamId(1) }
2026-09-16T09:14:23.350632400Z [DEBUG] DATA-001.h2::codec::framed_read: received frame=Data { stream_id: StreamId(1) }
2026-09-16T09:14:23.350634300Z [DEBUG] DATA-001.h2::codec::framed_read: received frame=Data { stream_id: StreamId(1) }
2026-09-16T09:14:23.350637300Z [DEBUG] DATA-001.h2::codec::framed_read: received frame=Data { stream_id: StreamId(1) }
2026-09-16T09:14:23.369544500Z [DEBUG] DATA-001.h2::codec::framed_read: received frame=Data { stream_id: StreamId(1) }
2026-09-16T09:14:23.369675000Z [DEBUG] DATA-001.h2::codec::framed_read: received frame=Data { stream_id: StreamId(1) }
2026-09-16T09:14:23.369688100Z [DEBUG] DATA-001.h2::codec::framed_read: received frame=Data { stream_id: StreamId(1) }
2026-09-16T09:14:23.369690300Z [DEBUG] DATA-001.h2::codec::framed_read: received frame=Data { stream_id: StreamId(1) }
2026-09-16T09:14:23.385238800Z [DEBUG] DATA-001.h2::codec::framed_read: received frame=Data { stream_id: StreamId(1) }
2026-09-16T09:14:23.385302600Z [DEBUG] DATA-001.h2::codec::framed_read: received frame=Data { stream_id: StreamId(1) }
2026-09-16T09:14:23.385308800Z [DEBUG] DATA-001.h2::codec::framed_read: received frame=Data { stream_id: StreamId(1) }
2026-09-16T09:14:23.385310400Z [DEBUG] DATA-001.h2::codec::framed_read: received frame=Data { stream_id: StreamId(1) }
2026-09-16T09:14:23.385507300Z [DEBUG] DATA-001.h2::codec::framed_write: send frame=WindowUpdate { stream_id: StreamId(0), size_increment: 253952 }
2026-09-16T09:14:23.385514000Z [DEBUG] DATA-001.h2::codec::framed_write: send frame=WindowUpdate { stream_id: StreamId(1), size_increment: 154197 }
2026-09-16T09:14:23.392131200Z [DEBUG] DATA-001.h2::codec::framed_read: received frame=Data { stream_id: StreamId(1) }
2026-09-16T09:14:23.392236600Z [DEBUG] DATA-001.h2::codec::framed_read: received frame=Data { stream_id: StreamId(1) }
2026-09-16T09:14:23.392240800Z [DEBUG] DATA-001.h2::codec::framed_read: received frame=Data { stream_id: StreamId(1) }
2026-09-16T09:14:23.404821100Z [DEBUG] DATA-001.h2::codec::framed_read: received frame=Data { stream_id: StreamId(1) }
2026-09-16T09:14:23.404856400Z [DEBUG] DATA-001.h2::codec::framed_read: received frame=Data { stream_id: StreamId(1) }
2026-09-16T09:14:23.404859000Z [DEBUG] DATA-001.h2::codec::framed_read: received frame=Data { stream_id: StreamId(1) }
2026-09-16T09:14:23.404882400Z [DEBUG] DATA-001.h2::codec::framed_read: received frame=Data { stream_id: StreamId(1) }
2026-09-16T09:14:23.404889300Z [DEBUG] DATA-001.h2::codec::framed_read: received frame=Data { stream_id: StreamId(1) }
2026-09-16T09:14:23.404898500Z [DEBUG] DATA-001.h2::codec::framed_read: received frame=Data { stream_id: StreamId(1) }
2026-09-16T09:14:23.404900900Z [DEBUG] DATA-001.h2::codec::framed_read: received frame=Settings { flags: (0x1: ACK) }
2026-09-16T09:14:23.404903500Z [DEBUG] DATA-001.h2::proto::settings: received settings ACK; applying Settings { flags: (0x0), initial_window_size: 711254 }
2026-09-16T09:14:23.404911200Z [DEBUG] DATA-001.h2::codec::framed_read: received frame=Data { stream_id: StreamId(1) }
2026-09-16T09:14:23.411371900Z [DEBUG] DATA-001.h2::codec::framed_read: received frame=Data { stream_id: StreamId(1) }
2026-09-16T09:14:23.411395400Z [DEBUG] DATA-001.h2::codec::framed_read: received frame=Data { stream_id: StreamId(1) }
2026-09-16T09:14:23.419986500Z [DEBUG] DATA-001.h2::codec::framed_read: received frame=Data { stream_id: StreamId(1) }
2026-09-16T09:14:23.420011300Z [DEBUG] DATA-001.h2::codec::framed_read: received frame=Data { stream_id: StreamId(1) }
2026-09-16T09:14:23.420029100Z [DEBUG] DATA-001.h2::codec::framed_read: received frame=Data { stream_id: StreamId(1) }
2026-09-16T09:14:23.420030900Z [DEBUG] DATA-001.h2::codec::framed_read: received frame=Data { stream_id: StreamId(1) }
2026-09-16T09:14:23.427144400Z [DEBUG] DATA-001.h2::codec::framed_read: received frame=Data { stream_id: StreamId(1) }
2026-09-16T09:14:23.427166500Z [DEBUG] DATA-001.h2::codec::framed_read: received frame=Data { stream_id: StreamId(1) }
2026-09-16T09:14:23.435566100Z [DEBUG] DATA-001.h2::codec::framed_read: received frame=Data { stream_id: StreamId(1) }
2026-09-16T09:14:23.435583900Z [DEBUG] DATA-001.h2::codec::framed_read: received frame=Data { stream_id: StreamId(1) }
2026-09-16T09:14:23.435598700Z [DEBUG] DATA-001.h2::codec::framed_read: received frame=Data { stream_id: StreamId(1) }
2026-09-16T09:14:23.435600500Z [DEBUG] DATA-001.h2::codec::framed_read: received frame=Data { stream_id: StreamId(1) }
2026-09-16T09:14:23.435690700Z [DEBUG] DATA-001.h2::codec::framed_read: received frame=Data { stream_id: StreamId(1) }
2026-09-16T09:14:23.435696300Z [DEBUG] DATA-001.h2::codec::framed_read: received frame=Data { stream_id: StreamId(1) }
2026-09-16T09:14:23.446759200Z [DEBUG] DATA-001.h2::codec::framed_read: received frame=Data { stream_id: StreamId(1) }
2026-09-16T09:14:23.446780600Z [DEBUG] DATA-001.h2::codec::framed_read: received frame=Data { stream_id: StreamId(1) }
2026-09-16T09:14:23.446799000Z [DEBUG] DATA-001.h2::codec::framed_read: received frame=Data { stream_id: StreamId(1) }
2026-09-16T09:14:23.446800800Z [DEBUG] DATA-001.h2::codec::framed_read: received frame=Data { stream_id: StreamId(1) }
2026-09-16T09:14:23.452830500Z [DEBUG] DATA-001.h2::codec::framed_read: received frame=Data { stream_id: StreamId(1) }
2026-09-16T09:14:23.452851900Z [DEBUG] DATA-001.h2::codec::framed_read: received frame=Data { stream_id: StreamId(1) }
2026-09-16T09:14:23.452884700Z [DEBUG] DATA-001.h2::codec::framed_read: received frame=Data { stream_id: StreamId(1) }
2026-09-16T09:14:23.452886900Z [DEBUG] DATA-001.h2::codec::framed_read: received frame=Data { stream_id: StreamId(1) }
2026-09-16T09:14:23.452893700Z [DEBUG] DATA-001.h2::codec::framed_read: received frame=Data { stream_id: StreamId(1) }
2026-09-16T09:14:23.453171800Z [DEBUG] DATA-001.h2::codec::framed_write: send frame=WindowUpdate { stream_id: StreamId(0), size_increment: 262144 }
2026-09-16T09:14:23.453178700Z [DEBUG] DATA-001.h2::codec::framed_write: send frame=WindowUpdate { stream_id: StreamId(1), size_increment: 262144 }
2026-09-16T09:14:23.460186600Z [DEBUG] DATA-001.h2::codec::framed_read: received frame=Data { stream_id: StreamId(1) }
2026-09-16T09:14:23.460248700Z [DEBUG] DATA-001.h2::codec::framed_read: received frame=Data { stream_id: StreamId(1) }
2026-09-16T09:14:23.460258500Z [DEBUG] DATA-001.h2::codec::framed_read: received frame=Data { stream_id: StreamId(1) }
2026-09-16T09:14:23.518809200Z [DEBUG] DATA-001.h2::codec::framed_read: received frame=Data { stream_id: StreamId(1) }
2026-09-16T09:14:23.518859600Z [DEBUG] DATA-001.h2::codec::framed_read: received frame=Data { stream_id: StreamId(1) }
2026-09-16T09:14:23.531198400Z [DEBUG] DATA-001.h2::codec::framed_read: received frame=Data { stream_id: StreamId(1) }
2026-09-16T09:14:23.531242900Z [DEBUG] DATA-001.h2::codec::framed_read: received frame=Data { stream_id: StreamId(1) }
2026-09-16T09:14:23.531245500Z [DEBUG] DATA-001.h2::codec::framed_read: received frame=Data { stream_id: StreamId(1) }
2026-09-16T09:14:23.531255700Z [DEBUG] DATA-001.h2::codec::framed_read: received frame=Data { stream_id: StreamId(1) }
2026-09-16T09:14:23.539999000Z [DEBUG] DATA-001.h2::codec::framed_read: received frame=Data { stream_id: StreamId(1) }
2026-09-16T09:14:23.540041400Z [DEBUG] DATA-001.h2::codec::framed_read: received frame=Data { stream_id: StreamId(1) }
2026-09-16T09:14:23.540043900Z [DEBUG] DATA-001.h2::codec::framed_read: received frame=Data { stream_id: StreamId(1) }
2026-09-16T09:14:23.540054400Z [DEBUG] DATA-001.h2::codec::framed_read: received frame=Data { stream_id: StreamId(1) }
2026-09-16T09:14:23.540057000Z [DEBUG] DATA-001.h2::codec::framed_read: received frame=Data { stream_id: StreamId(1) }
2026-09-16T09:14:23.540061400Z [DEBUG] DATA-001.h2::codec::framed_read: received frame=Data { stream_id: StreamId(1) }
2026-09-16T09:14:23.554490100Z [DEBUG] DATA-001.h2::codec::framed_read: received frame=Data { stream_id: StreamId(1) }
2026-09-16T09:14:23.554541000Z [DEBUG] DATA-001.h2::codec::framed_read: received frame=Data { stream_id: StreamId(1) }
2026-09-16T09:14:23.554543900Z [DEBUG] DATA-001.h2::codec::framed_read: received frame=Data { stream_id: StreamId(1) }
2026-09-16T09:14:23.554549400Z [DEBUG] DATA-001.h2::codec::framed_read: received frame=Data { stream_id: StreamId(1) }
2026-09-16T09:14:23.554551000Z [DEBUG] DATA-001.h2::codec::framed_read: received frame=Ping { ack: true, payload: [59, 124, 219, 122, 11, 135, 22, 180] }
2026-09-16T09:14:23.554568200Z [DEBUG] DATA-001.h2::codec::framed_write: send frame=Settings { flags: (0x0), initial_window_size: 1193130 }
2026-09-16T09:14:23.554577100Z [DEBUG] DATA-001.h2::codec::framed_write: send frame=WindowUpdate { stream_id: StreamId(0), size_increment: 604756 }
2026-09-16T09:14:23.554726000Z [DEBUG] DATA-001.h2::codec::framed_read: received frame=Data { stream_id: StreamId(1) }
2026-09-16T09:14:23.562162800Z [DEBUG] DATA-001.h2::codec::framed_read: received frame=Data { stream_id: StreamId(1) }
2026-09-16T09:14:23.562196900Z [DEBUG] DATA-001.h2::codec::framed_read: received frame=Data { stream_id: StreamId(1) }
2026-09-16T09:14:23.562238800Z [DEBUG] DATA-001.h2::codec::framed_read: received frame=Data { stream_id: StreamId(1) }
2026-09-16T09:14:23.562246900Z [DEBUG] DATA-001.h2::codec::framed_read: received frame=Data { stream_id: StreamId(1) }
2026-09-16T09:14:23.562252400Z [DEBUG] DATA-001.h2::codec::framed_read: received frame=Data { stream_id: StreamId(1) }
2026-09-16T09:14:23.562520100Z [DEBUG] DATA-001.h2::codec::framed_write: send frame=Ping { ack: false, payload: [59, 124, 219, 122, 11, 135, 22, 180] }
2026-09-16T09:14:23.602820600Z [DEBUG] DATA-001.h2::codec::framed_read: received frame=Data { stream_id: StreamId(1) }
2026-09-16T09:14:23.602868200Z [DEBUG] DATA-001.h2::codec::framed_read: received frame=Data { stream_id: StreamId(1) }
2026-09-16T09:14:23.602872800Z [DEBUG] DATA-001.h2::codec::framed_read: received frame=Data { stream_id: StreamId(1) }
2026-09-16T09:14:23.610232700Z [DEBUG] DATA-001.h2::codec::framed_read: received frame=Data { stream_id: StreamId(1) }
2026-09-16T09:14:23.610270900Z [DEBUG] DATA-001.h2::codec::framed_read: received frame=Data { stream_id: StreamId(1) }
2026-09-16T09:14:23.610273300Z [DEBUG] DATA-001.h2::codec::framed_read: received frame=Data { stream_id: StreamId(1) }
2026-09-16T09:14:23.610277700Z [DEBUG] DATA-001.h2::codec::framed_read: received frame=Data { stream_id: StreamId(1) }
2026-09-16T09:14:23.610279300Z [DEBUG] DATA-001.h2::codec::framed_read: received frame=Data { stream_id: StreamId(1) }
2026-09-16T09:14:23.610282300Z [DEBUG] DATA-001.h2::codec::framed_read: received frame=Data { stream_id: StreamId(1) }
2026-09-16T09:14:23.610529900Z [DEBUG] DATA-001.h2::codec::framed_write: send frame=WindowUpdate { stream_id: StreamId(1), size_increment: 262144 }
2026-09-16T09:14:23.619622500Z [DEBUG] DATA-001.h2::codec::framed_read: received frame=Data { stream_id: StreamId(1) }
2026-09-16T09:14:23.619881800Z [DEBUG] DATA-001.h2::codec::framed_read: received frame=Data { stream_id: StreamId(1) }
2026-09-16T09:14:23.619939400Z [DEBUG] DATA-001.h2::codec::framed_read: received frame=Data { stream_id: StreamId(1) }
2026-09-16T09:14:23.625063700Z [DEBUG] DATA-001.h2::codec::framed_read: received frame=Data { stream_id: StreamId(1) }
2026-09-16T09:14:23.625087300Z [DEBUG] DATA-001.h2::codec::framed_read: received frame=Data { stream_id: StreamId(1) }
2026-09-16T09:14:23.633327300Z [DEBUG] DATA-001.h2::codec::framed_read: received frame=Data { stream_id: StreamId(1) }
2026-09-16T09:14:23.633360800Z [DEBUG] DATA-001.h2::codec::framed_read: received frame=Data { stream_id: StreamId(1) }
2026-09-16T09:14:23.633459800Z [DEBUG] DATA-001.h2::codec::framed_read: received frame=Data { stream_id: StreamId(1) }
2026-09-16T09:14:23.633493900Z [DEBUG] DATA-001.h2::codec::framed_read: received frame=Data { stream_id: StreamId(1) }
2026-09-16T09:14:23.633500300Z [DEBUG] DATA-001.h2::codec::framed_read: received frame=Data { stream_id: StreamId(1) }
2026-09-16T09:14:23.633505700Z [DEBUG] DATA-001.h2::codec::framed_read: received frame=Data { stream_id: StreamId(1) }
2026-09-16T09:14:23.641353600Z [DEBUG] DATA-001.h2::codec::framed_read: received frame=Data { stream_id: StreamId(1) }
2026-09-16T09:14:23.641381000Z [DEBUG] DATA-001.h2::codec::framed_read: received frame=Data { stream_id: StreamId(1) }
2026-09-16T09:14:23.641404200Z [DEBUG] DATA-001.h2::codec::framed_read: received frame=Data { stream_id: StreamId(1) }
2026-09-16T09:14:23.641414500Z [DEBUG] DATA-001.h2::codec::framed_read: received frame=Data { stream_id: StreamId(1) }
2026-09-16T09:14:23.641479400Z [DEBUG] DATA-001.h2::codec::framed_read: received frame=Data { stream_id: StreamId(1) }
2026-09-16T09:14:23.641495100Z [DEBUG] DATA-001.h2::codec::framed_read: received frame=Data { stream_id: StreamId(1) }
2026-09-16T09:14:23.647969500Z [DEBUG] DATA-001.h2::codec::framed_read: received frame=Data { stream_id: StreamId(1) }
2026-09-16T09:14:23.648009000Z [DEBUG] DATA-001.h2::codec::framed_read: received frame=Data { stream_id: StreamId(1) }
2026-09-16T09:14:23.648011900Z [DEBUG] DATA-001.h2::codec::framed_read: received frame=Data { stream_id: StreamId(1) }
2026-09-16T09:14:23.648015800Z [DEBUG] DATA-001.h2::codec::framed_read: received frame=Data { stream_id: StreamId(1) }
2026-09-16T09:14:23.652122200Z [DEBUG] DATA-001.h2::codec::framed_read: received frame=Data { stream_id: StreamId(1) }
2026-09-16T09:14:23.652147700Z [DEBUG] DATA-001.h2::codec::framed_read: received frame=Data { stream_id: StreamId(1) }
2026-09-16T09:14:23.668747900Z [DEBUG] DATA-001.h2::codec::framed_read: received frame=Data { stream_id: StreamId(1) }
2026-09-16T09:14:23.668927000Z [DEBUG] DATA-001.h2::codec::framed_read: received frame=Data { stream_id: StreamId(1) }
2026-09-16T09:14:23.668941600Z [DEBUG] DATA-001.h2::codec::framed_read: received frame=Data { stream_id: StreamId(1) }
2026-09-16T09:14:23.669060100Z [DEBUG] DATA-001.h2::codec::framed_read: received frame=Data { stream_id: StreamId(1) }
2026-09-16T09:14:23.669106200Z [DEBUG] DATA-001.h2::codec::framed_read: received frame=Data { stream_id: StreamId(1) }
2026-09-16T09:14:23.682039600Z [DEBUG] DATA-001.h2::codec::framed_read: received frame=Data { stream_id: StreamId(1) }
2026-09-16T09:14:23.682076500Z [DEBUG] DATA-001.h2::codec::framed_read: received frame=Data { stream_id: StreamId(1) }
2026-09-16T09:14:23.682078700Z [DEBUG] DATA-001.h2::codec::framed_read: received frame=Data { stream_id: StreamId(1) }
2026-09-16T09:14:23.682086900Z [DEBUG] DATA-001.h2::codec::framed_read: received frame=Data { stream_id: StreamId(1) }
2026-09-16T09:14:23.682088300Z [DEBUG] DATA-001.h2::codec::framed_read: received frame=Data { stream_id: StreamId(1) }
2026-09-16T09:14:23.682116900Z [DEBUG] DATA-001.h2::codec::framed_read: received frame=Data { stream_id: StreamId(1) }
2026-09-16T09:14:23.682510500Z [DEBUG] DATA-001.h2::codec::framed_write: send frame=WindowUpdate { stream_id: StreamId(0), size_increment: 409600 }
2026-09-16T09:14:23.682522700Z [DEBUG] DATA-001.h2::codec::framed_write: send frame=WindowUpdate { stream_id: StreamId(1), size_increment: 270336 }
2026-09-16T09:14:23.683196600Z [DEBUG] DATA-001.h2::codec::framed_read: received frame=Data { stream_id: StreamId(1) }
2026-09-16T09:14:23.683219000Z [DEBUG] DATA-001.h2::codec::framed_read: received frame=Data { stream_id: StreamId(1) }
2026-09-16T09:14:23.683236800Z [DEBUG] DATA-001.h2::codec::framed_read: received frame=Data { stream_id: StreamId(1) }
2026-09-16T09:14:23.683238500Z [DEBUG] DATA-001.h2::codec::framed_read: received frame=Data { stream_id: StreamId(1) }
2026-09-16T09:14:23.690438100Z [DEBUG] DATA-001.h2::codec::framed_read: received frame=Data { stream_id: StreamId(1) }
2026-09-16T09:14:23.690462600Z [DEBUG] DATA-001.h2::codec::framed_read: received frame=Data { stream_id: StreamId(1) }
2026-09-16T09:14:23.690582400Z [DEBUG] DATA-001.h2::codec::framed_read: received frame=Data { stream_id: StreamId(1) }
2026-09-16T09:14:23.690613300Z [DEBUG] DATA-001.h2::codec::framed_read: received frame=Data { stream_id: StreamId(1) }
2026-09-16T09:14:23.696677900Z [DEBUG] DATA-001.h2::codec::framed_read: received frame=Data { stream_id: StreamId(1) }
2026-09-16T09:14:23.696701300Z [DEBUG] DATA-001.h2::codec::framed_read: received frame=Data { stream_id: StreamId(1) }
2026-09-16T09:14:23.696921500Z [DEBUG] DATA-001.h2::codec::framed_read: received frame=Data { stream_id: StreamId(1) }
2026-09-16T09:14:23.696937500Z [DEBUG] DATA-001.h2::codec::framed_read: received frame=Data { stream_id: StreamId(1) }
2026-09-16T09:14:23.696982000Z [DEBUG] DATA-001.h2::codec::framed_read: received frame=Data { stream_id: StreamId(1) }
2026-09-16T09:14:23.696983900Z [DEBUG] DATA-001.h2::codec::framed_read: received frame=Data { stream_id: StreamId(1) }
2026-09-16T09:14:23.709891900Z [DEBUG] DATA-001.h2::codec::framed_read: received frame=Data { stream_id: StreamId(1) }
2026-09-16T09:14:23.709915100Z [DEBUG] DATA-001.h2::codec::framed_read: received frame=Data { stream_id: StreamId(1) }
2026-09-16T09:14:23.710114500Z [DEBUG] DATA-001.h2::codec::framed_read: received frame=Data { stream_id: StreamId(1) }
2026-09-16T09:14:23.710145000Z [DEBUG] DATA-001.h2::codec::framed_read: received frame=Data { stream_id: StreamId(1) }
2026-09-16T09:14:23.710370000Z [DEBUG] DATA-001.h2::codec::framed_read: received frame=Data { stream_id: StreamId(1) }
2026-09-16T09:14:23.710386700Z [DEBUG] DATA-001.h2::codec::framed_read: received frame=Data { stream_id: StreamId(1) }
2026-09-16T09:14:23.710424000Z [DEBUG] DATA-001.h2::codec::framed_read: received frame=Data { stream_id: StreamId(1) }
2026-09-16T09:14:23.710429300Z [DEBUG] DATA-001.h2::codec::framed_read: received frame=Data { stream_id: StreamId(1) }
2026-09-16T09:14:23.764061100Z [DEBUG] DATA-001.h2::codec::framed_read: received frame=Settings { flags: (0x1: ACK) }
2026-09-16T09:14:23.764095600Z [DEBUG] DATA-001.h2::proto::settings: received settings ACK; applying Settings { flags: (0x0), initial_window_size: 1193130 }
2026-09-16T09:14:23.764116800Z [DEBUG] DATA-001.h2::codec::framed_read: received frame=Data { stream_id: StreamId(1) }
2026-09-16T09:14:23.774887900Z [DEBUG] DATA-001.h2::codec::framed_read: received frame=Data { stream_id: StreamId(1) }
2026-09-16T09:14:23.774936400Z [DEBUG] DATA-001.h2::codec::framed_read: received frame=Data { stream_id: StreamId(1) }
2026-09-16T09:14:23.774939700Z [DEBUG] DATA-001.h2::codec::framed_read: received frame=Data { stream_id: StreamId(1) }
2026-09-16T09:14:23.774945000Z [DEBUG] DATA-001.h2::codec::framed_read: received frame=Data { stream_id: StreamId(1) }
2026-09-16T09:14:23.775034200Z [DEBUG] DATA-001.h2::codec::framed_read: received frame=Data { stream_id: StreamId(1) }
2026-09-16T09:14:23.775051100Z [DEBUG] DATA-001.h2::codec::framed_read: received frame=Data { stream_id: StreamId(1) }
2026-09-16T09:14:23.775061700Z [DEBUG] DATA-001.h2::codec::framed_read: received frame=Data { stream_id: StreamId(1) }
2026-09-16T09:14:23.775073400Z [DEBUG] DATA-001.h2::codec::framed_read: received frame=Data { stream_id: StreamId(1) }
2026-09-16T09:14:23.775074600Z [DEBUG] DATA-001.h2::codec::framed_read: received frame=Data { stream_id: StreamId(1) }
2026-09-16T09:14:23.775076500Z [DEBUG] DATA-001.h2::codec::framed_read: received frame=Data { stream_id: StreamId(1) }
2026-09-16T09:14:23.780799300Z [DEBUG] DATA-001.h2::codec::framed_read: received frame=Data { stream_id: StreamId(1) }
2026-09-16T09:14:23.780835300Z [DEBUG] DATA-001.h2::codec::framed_read: received frame=Data { stream_id: StreamId(1) }
2026-09-16T09:14:23.780857400Z [DEBUG] DATA-001.h2::codec::framed_read: received frame=Data { stream_id: StreamId(1) }
2026-09-16T09:14:23.780860100Z [DEBUG] DATA-001.h2::codec::framed_read: received frame=Data { stream_id: StreamId(1) }
2026-09-16T09:14:23.783744000Z [DEBUG] DATA-001.h2::codec::framed_read: received frame=Data { stream_id: StreamId(1) }
2026-09-16T09:14:23.783772300Z [DEBUG] DATA-001.h2::codec::framed_read: received frame=Data { stream_id: StreamId(1) }
2026-09-16T09:14:23.790194900Z [DEBUG] DATA-001.h2::codec::framed_read: received frame=Data { stream_id: StreamId(1) }
2026-09-16T09:14:23.790236600Z [DEBUG] DATA-001.h2::codec::framed_read: received frame=Data { stream_id: StreamId(1) }
2026-09-16T09:14:23.790271800Z [DEBUG] DATA-001.h2::codec::framed_read: received frame=Data { stream_id: StreamId(1) }
2026-09-16T09:14:23.790275300Z [DEBUG] DATA-001.h2::codec::framed_read: received frame=Data { stream_id: StreamId(1) }
2026-09-16T09:14:23.790297300Z [DEBUG] DATA-001.h2::codec::framed_read: received frame=Data { stream_id: StreamId(1) }
2026-09-16T09:14:23.790322900Z [DEBUG] DATA-001.h2::codec::framed_read: received frame=Data { stream_id: StreamId(1) }
2026-09-16T09:14:23.792368100Z [DEBUG] DATA-001.h2::codec::framed_read: received frame=Data { stream_id: StreamId(1) }
2026-09-16T09:14:23.792386900Z [DEBUG] DATA-001.h2::codec::framed_read: received frame=Data { stream_id: StreamId(1) }
2026-09-16T09:14:23.801276000Z [DEBUG] DATA-001.h2::codec::framed_read: received frame=Data { stream_id: StreamId(1) }
2026-09-16T09:14:23.801307300Z [DEBUG] DATA-001.h2::codec::framed_read: received frame=Data { stream_id: StreamId(1) }
2026-09-16T09:14:23.801325800Z [DEBUG] DATA-001.h2::codec::framed_read: received frame=Data { stream_id: StreamId(1) }
2026-09-16T09:14:23.801328200Z [DEBUG] DATA-001.h2::codec::framed_read: received frame=Data { stream_id: StreamId(1) }
2026-09-16T09:14:23.801340300Z [DEBUG] DATA-001.h2::codec::framed_read: received frame=Data { stream_id: StreamId(1) }
2026-09-16T09:14:23.801342500Z [DEBUG] DATA-001.h2::codec::framed_read: received frame=Data { stream_id: StreamId(1) }
2026-09-16T09:14:23.801356100Z [DEBUG] DATA-001.h2::codec::framed_read: received frame=Data { stream_id: StreamId(1) }
2026-09-16T09:14:23.801358200Z [DEBUG] DATA-001.h2::codec::framed_read: received frame=Data { stream_id: StreamId(1) }
2026-09-16T09:14:23.801364900Z [DEBUG] DATA-001.h2::codec::framed_write: send frame=WindowUpdate { stream_id: StreamId(0), size_increment: 376832 }
2026-09-16T09:14:23.801584400Z [DEBUG] DATA-001.h2::codec::framed_write: send frame=WindowUpdate { stream_id: StreamId(1), size_increment: 442368 }
2026-09-16T09:14:23.803963800Z [DEBUG] DATA-001.h2::codec::framed_read: received frame=Data { stream_id: StreamId(1) }
2026-09-16T09:14:23.803984400Z [DEBUG] DATA-001.h2::codec::framed_read: received frame=Data { stream_id: StreamId(1) }
2026-09-16T09:14:23.807908300Z [DEBUG] DATA-001.h2::codec::framed_read: received frame=Data { stream_id: StreamId(1) }
2026-09-16T09:14:23.807927500Z [DEBUG] DATA-001.h2::codec::framed_read: received frame=Data { stream_id: StreamId(1) }
2026-09-16T09:14:23.813934700Z [DEBUG] DATA-001.h2::codec::framed_read: received frame=Data { stream_id: StreamId(1) }
2026-09-16T09:14:23.813974100Z [DEBUG] DATA-001.h2::codec::framed_read: received frame=Data { stream_id: StreamId(1) }
2026-09-16T09:14:23.813996800Z [DEBUG] DATA-001.h2::codec::framed_read: received frame=Data { stream_id: StreamId(1) }
2026-09-16T09:14:23.814004400Z [DEBUG] DATA-001.h2::codec::framed_read: received frame=Data { stream_id: StreamId(1) }
2026-09-16T09:14:23.814017300Z [DEBUG] DATA-001.h2::codec::framed_read: received frame=Data { stream_id: StreamId(1) }
2026-09-16T09:14:23.814018800Z [DEBUG] DATA-001.h2::codec::framed_read: received frame=Data { stream_id: StreamId(1) }
2026-09-16T09:14:23.814036800Z [DEBUG] DATA-001.h2::codec::framed_read: received frame=Data { stream_id: StreamId(1) }
2026-09-16T09:14:23.814038600Z [DEBUG] DATA-001.h2::codec::framed_read: received frame=Data { stream_id: StreamId(1) }
2026-09-16T09:14:23.818842500Z [DEBUG] DATA-001.h2::codec::framed_read: received frame=Data { stream_id: StreamId(1) }
2026-09-16T09:14:23.818884800Z [DEBUG] DATA-001.h2::codec::framed_read: received frame=Data { stream_id: StreamId(1) }
2026-09-16T09:14:23.818914500Z [DEBUG] DATA-001.h2::codec::framed_read: received frame=Data { stream_id: StreamId(1) }
2026-09-16T09:14:23.818923400Z [DEBUG] DATA-001.h2::codec::framed_read: received frame=Data { stream_id: StreamId(1) }
2026-09-16T09:14:23.823307500Z [DEBUG] DATA-001.h2::codec::framed_read: received frame=Data { stream_id: StreamId(1) }
2026-09-16T09:14:23.823327400Z [DEBUG] DATA-001.h2::codec::framed_read: received frame=Data { stream_id: StreamId(1) }
2026-09-16T09:14:23.823339300Z [DEBUG] DATA-001.h2::codec::framed_read: received frame=Data { stream_id: StreamId(1) }
2026-09-16T09:14:23.823343600Z [DEBUG] DATA-001.h2::codec::framed_read: received frame=Data { stream_id: StreamId(1) }
2026-09-16T09:14:23.823383800Z [DEBUG] DATA-001.h2::codec::framed_read: received frame=Data { stream_id: StreamId(1) }
2026-09-16T09:14:23.823527500Z [DEBUG] DATA-001.h2::codec::framed_read: received frame=Data { stream_id: StreamId(1) }
2026-09-16T09:14:23.823610900Z [DEBUG] DATA-001.h2::codec::framed_read: received frame=Data { stream_id: StreamId(1) }
2026-09-16T09:14:23.823639500Z [DEBUG] DATA-001.h2::codec::framed_read: received frame=Data { stream_id: StreamId(1) }
2026-09-16T09:14:23.823651100Z [DEBUG] DATA-001.h2::codec::framed_read: received frame=Data { stream_id: StreamId(1) }
2026-09-16T09:14:23.830169900Z [DEBUG] DATA-001.h2::codec::framed_read: received frame=Data { stream_id: StreamId(1) }
2026-09-16T09:14:23.830189500Z [DEBUG] DATA-001.h2::codec::framed_read: received frame=Data { stream_id: StreamId(1) }
2026-09-16T09:14:23.830192100Z [DEBUG] DATA-001.h2::codec::framed_read: received frame=Data { stream_id: StreamId(1) }
2026-09-16T09:14:23.830198400Z [DEBUG] DATA-001.h2::codec::framed_read: received frame=Data { stream_id: StreamId(1) }
2026-09-16T09:14:23.830199500Z [DEBUG] DATA-001.h2::codec::framed_read: received frame=Ping { ack: true, payload: [59, 124, 219, 122, 11, 135, 22, 180] }
2026-09-16T09:14:23.830215500Z [DEBUG] DATA-001.h2::codec::framed_write: send frame=Settings { flags: (0x0), initial_window_size: 2015062 }
2026-09-16T09:14:23.830220800Z [DEBUG] DATA-001.h2::codec::framed_write: send frame=WindowUpdate { stream_id: StreamId(0), size_increment: 1080136 }
2026-09-16T09:14:23.830362400Z [DEBUG] DATA-001.h2::codec::framed_read: received frame=Data { stream_id: StreamId(1) }
2026-09-16T09:14:23.835821800Z [DEBUG] DATA-001.h2::codec::framed_read: received frame=Data { stream_id: StreamId(1) }
2026-09-16T09:14:23.835840100Z [DEBUG] DATA-001.h2::codec::framed_read: received frame=Data { stream_id: StreamId(1) }
2026-09-16T09:14:23.835864100Z [DEBUG] DATA-001.h2::codec::framed_read: received frame=Data { stream_id: StreamId(1) }
2026-09-16T09:14:23.835866900Z [DEBUG] DATA-001.h2::codec::framed_read: received frame=Data { stream_id: StreamId(1) }
2026-09-16T09:14:23.836155900Z [DEBUG] DATA-001.h2::codec::framed_write: send frame=Ping { ack: false, payload: [59, 124, 219, 122, 11, 135, 22, 180] }
2026-09-16T09:14:23.842220600Z [DEBUG] DATA-001.h2::codec::framed_read: received frame=Data { stream_id: StreamId(1) }
2026-09-16T09:14:23.842241800Z [DEBUG] DATA-001.h2::codec::framed_read: received frame=Data { stream_id: StreamId(1) }
2026-09-16T09:14:23.842259900Z [DEBUG] DATA-001.h2::codec::framed_read: received frame=Data { stream_id: StreamId(1) }
2026-09-16T09:14:23.842261500Z [DEBUG] DATA-001.h2::codec::framed_read: received frame=Data { stream_id: StreamId(1) }
2026-09-16T09:14:23.842395500Z [DEBUG] DATA-001.h2::codec::framed_read: received frame=Data { stream_id: StreamId(1) }
2026-09-16T09:14:23.842411400Z [DEBUG] DATA-001.h2::codec::framed_read: received frame=Data { stream_id: StreamId(1) }
2026-09-16T09:14:23.845040800Z [DEBUG] DATA-001.h2::codec::framed_read: received frame=Data { stream_id: StreamId(1) }
2026-09-16T09:14:23.845063200Z [DEBUG] DATA-001.h2::codec::framed_read: received frame=Data { stream_id: StreamId(1) }
2026-09-16T09:14:23.845082200Z [DEBUG] DATA-001.h2::codec::framed_read: received frame=Data { stream_id: StreamId(1) }
2026-09-16T09:14:23.845090200Z [DEBUG] DATA-001.h2::codec::framed_read: received frame=Data { stream_id: StreamId(1) }
2026-09-16T09:14:23.863278400Z [DEBUG] DATA-001.h2::codec::framed_read: received frame=Headers { stream_id: StreamId(3), flags: (0x4: END_HEADERS) }
2026-09-16T09:14:23.863303800Z [DEBUG] DATA-001.h2::codec::framed_read: received frame=Data { stream_id: StreamId(3) }
2026-09-16T09:14:23.863333000Z [DEBUG] DATA-001.h2::codec::framed_read: received frame=Data { stream_id: StreamId(3) }
2026-09-16T09:14:23.863337800Z [DEBUG] DATA-001.h2::codec::framed_read: received frame=Data { stream_id: StreamId(3) }
2026-09-16T09:14:23.863338900Z [DEBUG] DATA-001.h2::codec::framed_read: received frame=Data { stream_id: StreamId(3) }
2026-09-16T09:14:23.863751400Z [DEBUG] DATA-001.h2::codec::framed_write: send frame=Ping { ack: false, payload: [59, 124, 219, 122, 11, 135, 22, 180] }
2026-09-16T09:14:23.899328500Z [DEBUG] DATA-001.h2::codec::framed_read: received frame=Data { stream_id: StreamId(1) }
2026-09-16T09:14:23.899393200Z [DEBUG] DATA-001.h2::codec::framed_read: received frame=Data { stream_id: StreamId(1) }
2026-09-16T09:14:23.899400700Z [DEBUG] DATA-001.h2::codec::framed_read: received frame=Data { stream_id: StreamId(1) }
2026-09-16T09:14:23.899559500Z [DEBUG] DATA-001.h2::codec::framed_read: received frame=Data { stream_id: StreamId(1) }
2026-09-16T09:14:23.899624600Z [DEBUG] DATA-001.h2::codec::framed_read: received frame=Data { stream_id: StreamId(1) }
2026-09-16T09:14:23.899637400Z [DEBUG] DATA-001.h2::codec::framed_read: received frame=Data { stream_id: StreamId(1) }
2026-09-16T09:14:23.899653300Z [DEBUG] DATA-001.h2::codec::framed_read: received frame=Data { stream_id: StreamId(1) }
2026-09-16T09:14:23.899742900Z [DEBUG] DATA-001.h2::codec::framed_write: send frame=WindowUpdate { stream_id: StreamId(1), size_increment: 398506 }
2026-09-16T09:14:23.902410800Z [DEBUG] DATA-001.h2::codec::framed_read: received frame=Data { stream_id: StreamId(1) }
2026-09-16T09:14:23.902445900Z [DEBUG] DATA-001.h2::codec::framed_read: received frame=Data { stream_id: StreamId(1) }
2026-09-16T09:14:23.902448600Z [DEBUG] DATA-001.h2::codec::framed_read: received frame=Data { stream_id: StreamId(1) }
2026-09-16T09:14:23.902454100Z [DEBUG] DATA-001.h2::codec::framed_read: received frame=Data { stream_id: StreamId(1) }
2026-09-16T09:14:23.907809800Z [DEBUG] DATA-001.h2::codec::framed_read: received frame=Data { stream_id: StreamId(1) }
2026-09-16T09:14:23.907845300Z [DEBUG] DATA-001.h2::codec::framed_read: received frame=Data { stream_id: StreamId(1) }
2026-09-16T09:14:23.907849900Z [DEBUG] DATA-001.h2::codec::framed_read: received frame=Data { stream_id: StreamId(1) }
2026-09-16T09:14:23.907862000Z [DEBUG] DATA-001.h2::codec::framed_read: received frame=Data { stream_id: StreamId(1) }
2026-09-16T09:14:23.907863200Z [DEBUG] DATA-001.h2::codec::framed_read: received frame=Data { stream_id: StreamId(1) }
2026-09-16T09:14:23.910338000Z [DEBUG] DATA-001.h2::codec::framed_read: received frame=Data { stream_id: StreamId(1) }
2026-09-16T09:14:23.915728200Z [DEBUG] DATA-001.h2::codec::framed_read: received frame=Data { stream_id: StreamId(1) }
2026-09-16T09:14:23.915759700Z [DEBUG] DATA-001.h2::codec::framed_read: received frame=Data { stream_id: StreamId(1) }
2026-09-16T09:14:23.915806100Z [DEBUG] DATA-001.h2::codec::framed_read: received frame=Data { stream_id: StreamId(1) }
2026-09-16T09:14:23.915816400Z [DEBUG] DATA-001.h2::codec::framed_read: received frame=Data { stream_id: StreamId(1) }
2026-09-16T09:14:23.915926100Z [DEBUG] DATA-001.h2::codec::framed_read: received frame=Data { stream_id: StreamId(1) }
2026-09-16T09:14:23.915954100Z [DEBUG] DATA-001.h2::codec::framed_read: received frame=Data { stream_id: StreamId(1) }
2026-09-16T09:14:23.920603300Z [DEBUG] DATA-001.h2::codec::framed_read: received frame=Data { stream_id: StreamId(1) }
2026-09-16T09:14:23.920632600Z [DEBUG] DATA-001.h2::codec::framed_read: received frame=Data { stream_id: StreamId(1) }
2026-09-16T09:14:23.920700700Z [DEBUG] DATA-001.h2::codec::framed_read: received frame=Data { stream_id: StreamId(1) }
2026-09-16T09:14:23.920713700Z [DEBUG] DATA-001.h2::codec::framed_read: received frame=Data { stream_id: StreamId(1) }
2026-09-16T09:14:23.923655800Z [DEBUG] DATA-001.h2::codec::framed_read: received frame=Data { stream_id: StreamId(1) }
2026-09-16T09:14:23.923694700Z [DEBUG] DATA-001.h2::codec::framed_read: received frame=Data { stream_id: StreamId(1) }
2026-09-16T09:14:23.923856500Z [DEBUG] DATA-001.h2::codec::framed_read: received frame=Data { stream_id: StreamId(1) }
2026-09-16T09:14:23.923921200Z [DEBUG] DATA-001.h2::codec::framed_read: received frame=Data { stream_id: StreamId(1) }
2026-09-16T09:14:23.928079600Z [DEBUG] DATA-001.h2::codec::framed_read: received frame=Data { stream_id: StreamId(1) }
2026-09-16T09:14:23.928131900Z [DEBUG] DATA-001.h2::codec::framed_read: received frame=Data { stream_id: StreamId(1) }
2026-09-16T09:14:23.928142300Z [DEBUG] DATA-001.h2::codec::framed_read: received frame=Data { stream_id: StreamId(1) }
2026-09-16T09:14:23.928162700Z [DEBUG] DATA-001.h2::codec::framed_read: received frame=Data { stream_id: StreamId(1) }
2026-09-16T09:14:23.932846900Z [DEBUG] DATA-001.h2::codec::framed_read: received frame=Data { stream_id: StreamId(1) }
2026-09-16T09:14:23.932883100Z [DEBUG] DATA-001.h2::codec::framed_read: received frame=Data { stream_id: StreamId(1) }
2026-09-16T09:14:23.932952600Z [DEBUG] DATA-001.h2::codec::framed_read: received frame=Data { stream_id: StreamId(1) }
2026-09-16T09:14:23.932975500Z [DEBUG] DATA-001.h2::codec::framed_read: received frame=Data { stream_id: StreamId(1) }
2026-09-16T09:14:23.938382200Z [DEBUG] DATA-001.h2::codec::framed_read: received frame=Data { stream_id: StreamId(1) }
2026-09-16T09:14:23.938410300Z [DEBUG] DATA-001.h2::codec::framed_read: received frame=Data { stream_id: StreamId(1) }
2026-09-16T09:14:23.938486300Z [DEBUG] DATA-001.h2::codec::framed_read: received frame=Data { stream_id: StreamId(1) }
2026-09-16T09:14:23.938507500Z [DEBUG] DATA-001.h2::codec::framed_read: received frame=Data { stream_id: StreamId(1) }
2026-09-16T09:14:23.938571300Z [DEBUG] DATA-001.h2::codec::framed_read: received frame=Data { stream_id: StreamId(1) }
2026-09-16T09:14:23.938577700Z [DEBUG] DATA-001.h2::codec::framed_read: received frame=Data { stream_id: StreamId(1) }
2026-09-16T09:14:23.941147200Z [DEBUG] DATA-001.h2::codec::framed_read: received frame=Data { stream_id: StreamId(1) }
2026-09-16T09:14:23.941165200Z [DEBUG] DATA-001.h2::codec::framed_read: received frame=Data { stream_id: StreamId(1) }
2026-09-16T09:14:23.941168000Z [DEBUG] DATA-001.h2::codec::framed_read: received frame=Data { stream_id: StreamId(1) }
2026-09-16T09:14:23.941279100Z [DEBUG] DATA-001.h2::codec::framed_read: received frame=Data { stream_id: StreamId(1) }
2026-09-16T09:14:23.941306700Z [DEBUG] DATA-001.h2::codec::framed_read: received frame=Data { stream_id: StreamId(1) }
2026-09-16T09:14:23.941309700Z [DEBUG] DATA-001.h2::codec::framed_read: received frame=Data { stream_id: StreamId(1) }
2026-09-16T09:14:24.020022300Z [DEBUG] DATA-001.h2::codec::framed_read: received frame=Data { stream_id: StreamId(1) }
2026-09-16T09:14:24.020173900Z [DEBUG] DATA-001.h2::codec::framed_read: received frame=Data { stream_id: StreamId(1) }
2026-09-16T09:14:24.020193200Z [DEBUG] DATA-001.h2::codec::framed_read: received frame=Data { stream_id: StreamId(1) }
2026-09-16T09:14:24.020315400Z [DEBUG] DATA-001.h2::codec::framed_read: received frame=Data { stream_id: StreamId(1) }
2026-09-16T09:14:24.020339200Z [DEBUG] DATA-001.h2::codec::framed_read: received frame=Data { stream_id: StreamId(1) }
2026-09-16T09:14:24.020389000Z [DEBUG] DATA-001.h2::codec::framed_read: received frame=Data { stream_id: StreamId(1) }
2026-09-16T09:14:24.020398200Z [DEBUG] DATA-001.h2::codec::framed_read: received frame=Data { stream_id: StreamId(1) }
2026-09-16T09:14:24.020421000Z [DEBUG] DATA-001.h2::codec::framed_write: send frame=WindowUpdate { stream_id: StreamId(1), size_increment: 401408 }
2026-09-16T09:14:24.028833900Z [DEBUG] DATA-001.h2::codec::framed_read: received frame=Data { stream_id: StreamId(1) }
2026-09-16T09:14:24.028866300Z [DEBUG] DATA-001.h2::codec::framed_read: received frame=Data { stream_id: StreamId(1) }
2026-09-16T09:14:24.028869300Z [DEBUG] DATA-001.h2::codec::framed_read: received frame=Data { stream_id: StreamId(1) }
2026-09-16T09:14:24.028878800Z [DEBUG] DATA-001.h2::codec::framed_read: received frame=Data { stream_id: StreamId(1) }
2026-09-16T09:14:24.028905900Z [DEBUG] DATA-001.h2::codec::framed_read: received frame=Data { stream_id: StreamId(1) }
2026-09-16T09:14:24.028909800Z [DEBUG] DATA-001.h2::codec::framed_read: received frame=Data { stream_id: StreamId(1) }
2026-09-16T09:14:24.029027700Z [DEBUG] DATA-001.h2::codec::framed_read: received frame=Data { stream_id: StreamId(1) }
2026-09-16T09:14:24.029069300Z [DEBUG] DATA-001.h2::codec::framed_read: received frame=Data { stream_id: StreamId(1) }
2026-09-16T09:14:24.029082800Z [DEBUG] DATA-001.h2::codec::framed_read: received frame=Data { stream_id: StreamId(1) }
2026-09-16T09:14:24.029095500Z [DEBUG] DATA-001.h2::codec::framed_read: received frame=Data { stream_id: StreamId(1) }
2026-09-16T09:14:24.029106000Z [DEBUG] DATA-001.h2::codec::framed_read: received frame=Data { stream_id: StreamId(1) }
2026-09-16T09:14:24.029112000Z [DEBUG] DATA-001.h2::codec::framed_read: received frame=Data { stream_id: StreamId(1) }
2026-09-16T09:14:24.029284500Z [DEBUG] DATA-001.h2::codec::framed_write: send frame=WindowUpdate { stream_id: StreamId(0), size_increment: 713742 }
2026-09-16T09:14:24.033089500Z [DEBUG] DATA-001.h2::codec::framed_read: received frame=Data { stream_id: StreamId(1) }
2026-09-16T09:14:24.033125800Z [DEBUG] DATA-001.h2::codec::framed_read: received frame=Data { stream_id: StreamId(1) }
2026-09-16T09:14:24.033251500Z [DEBUG] DATA-001.h2::codec::framed_read: received frame=Data { stream_id: StreamId(1) }
2026-09-16T09:14:24.033291100Z [DEBUG] DATA-001.h2::codec::framed_read: received frame=Data { stream_id: StreamId(1) }
2026-09-16T09:14:24.033352600Z [DEBUG] DATA-001.h2::codec::framed_read: received frame=Data { stream_id: StreamId(1) }
2026-09-16T09:14:24.033373700Z [DEBUG] DATA-001.h2::codec::framed_read: received frame=Data { stream_id: StreamId(1) }
2026-09-16T09:14:24.033408500Z [DEBUG] DATA-001.h2::codec::framed_read: received frame=Data { stream_id: StreamId(1) }
2026-09-16T09:14:24.033431800Z [DEBUG] DATA-001.h2::codec::framed_read: received frame=Data { stream_id: StreamId(1) }
2026-09-16T09:14:24.033445300Z [DEBUG] DATA-001.h2::codec::framed_read: received frame=Data { stream_id: StreamId(1) }
2026-09-16T09:14:24.033453200Z [DEBUG] DATA-001.h2::codec::framed_read: received frame=Data { stream_id: StreamId(1) }
2026-09-16T09:14:24.033455400Z [DEBUG] DATA-001.h2::codec::framed_read: received frame=Data { stream_id: StreamId(1) }
2026-09-16T09:14:24.035461400Z [DEBUG] DATA-001.h2::codec::framed_read: received frame=Data { stream_id: StreamId(1) }
2026-09-16T09:14:24.035514100Z [DEBUG] DATA-001.h2::codec::framed_read: received frame=Data { stream_id: StreamId(1) }
2026-09-16T09:14:24.035528200Z [DEBUG] DATA-001.h2::codec::framed_read: received frame=Data { stream_id: StreamId(1) }
2026-09-16T09:14:24.040764800Z [DEBUG] DATA-001.h2::codec::framed_read: received frame=Data { stream_id: StreamId(1) }
2026-09-16T09:14:24.040803100Z [DEBUG] DATA-001.h2::codec::framed_read: received frame=Data { stream_id: StreamId(1) }
2026-09-16T09:14:24.040805600Z [DEBUG] DATA-001.h2::codec::framed_read: received frame=Data { stream_id: StreamId(1) }
2026-09-16T09:14:24.040813900Z [DEBUG] DATA-001.h2::codec::framed_read: received frame=Data { stream_id: StreamId(1) }
2026-09-16T09:14:24.040885400Z [DEBUG] DATA-001.h2::codec::framed_read: received frame=Data { stream_id: StreamId(1) }
2026-09-16T09:14:24.040915800Z [DEBUG] DATA-001.h2::codec::framed_read: received frame=Data { stream_id: StreamId(1) }
2026-09-16T09:14:24.040949800Z [DEBUG] DATA-001.h2::codec::framed_read: received frame=Data { stream_id: StreamId(1) }
2026-09-16T09:14:24.040955700Z [DEBUG] DATA-001.h2::codec::framed_read: received frame=Data { stream_id: StreamId(1) }
2026-09-16T09:14:24.043078900Z [DEBUG] DATA-001.h2::codec::framed_read: received frame=Data { stream_id: StreamId(1) }
2026-09-16T09:14:24.043119100Z [DEBUG] DATA-001.h2::codec::framed_read: received frame=Data { stream_id: StreamId(1) }
2026-09-16T09:14:24.043123300Z [DEBUG] DATA-001.h2::codec::framed_read: received frame=Data { stream_id: StreamId(1) }
2026-09-16T09:14:24.043135400Z [DEBUG] DATA-001.h2::codec::framed_read: received frame=Data { stream_id: StreamId(1) }
2026-09-16T09:14:24.043138400Z [DEBUG] DATA-001.h2::codec::framed_read: received frame=Data { stream_id: StreamId(1) }
2026-09-16T09:14:24.043145200Z [DEBUG] DATA-001.h2::codec::framed_read: received frame=Data { stream_id: StreamId(1) }
2026-09-16T09:14:24.048059900Z [DEBUG] DATA-001.h2::codec::framed_read: received frame=Settings { flags: (0x1: ACK) }
2026-09-16T09:14:24.048074800Z [DEBUG] DATA-001.h2::proto::settings: received settings ACK; applying Settings { flags: (0x0), initial_window_size: 2015062 }
2026-09-16T09:14:24.048079900Z [DEBUG] DATA-001.h2::codec::framed_read: received frame=Data { stream_id: StreamId(1) }
2026-09-16T09:14:24.048143900Z [DEBUG] DATA-001.h2::codec::framed_read: received frame=Data { stream_id: StreamId(1) }
2026-09-16T09:14:24.048151700Z [DEBUG] DATA-001.h2::codec::framed_read: received frame=Data { stream_id: StreamId(1) }
2026-09-16T09:14:24.048313800Z [DEBUG] DATA-001.h2::codec::framed_read: received frame=Data { stream_id: StreamId(1) }
2026-09-16T09:14:24.048348100Z [DEBUG] DATA-001.h2::codec::framed_read: received frame=Data { stream_id: StreamId(1) }
2026-09-16T09:14:24.048356300Z [DEBUG] DATA-001.h2::codec::framed_read: received frame=Data { stream_id: StreamId(1) }
2026-09-16T09:14:24.048361600Z [DEBUG] DATA-001.h2::codec::framed_read: received frame=Data { stream_id: StreamId(1) }
2026-09-16T09:14:24.048434700Z [DEBUG] DATA-001.h2::codec::framed_read: received frame=Ping { ack: true, payload: [59, 124, 219, 122, 11, 135, 22, 180] }
2026-09-16T09:14:24.052539600Z [DEBUG] DATA-001.h2::codec::framed_read: received frame=Data { stream_id: StreamId(1) }
2026-09-16T09:14:24.052565200Z [DEBUG] DATA-001.h2::codec::framed_read: received frame=Data { stream_id: StreamId(1) }
2026-09-16T09:14:24.052626300Z [DEBUG] DATA-001.h2::codec::framed_read: received frame=Data { stream_id: StreamId(1) }
2026-09-16T09:14:24.052658700Z [DEBUG] DATA-001.h2::codec::framed_read: received frame=Data { stream_id: StreamId(1) }
2026-09-16T09:14:24.052661000Z [DEBUG] DATA-001.h2::codec::framed_read: received frame=Data { stream_id: StreamId(1) }
2026-09-16T09:14:24.052679000Z [DEBUG] DATA-001.h2::codec::framed_read: received frame=Data { stream_id: StreamId(1) }
2026-09-16T09:14:24.052681000Z [DEBUG] DATA-001.h2::codec::framed_read: received frame=Data { stream_id: StreamId(1) }
2026-09-16T09:14:24.052685400Z [DEBUG] DATA-001.h2::codec::framed_read: received frame=Data { stream_id: StreamId(1) }
2026-09-16T09:14:24.052687000Z [DEBUG] DATA-001.h2::codec::framed_read: received frame=Data { stream_id: StreamId(1) }
2026-09-16T09:14:24.057343200Z [DEBUG] DATA-001.h2::codec::framed_read: received frame=Data { stream_id: StreamId(1) }
2026-09-16T09:14:24.057378500Z [DEBUG] DATA-001.h2::codec::framed_read: received frame=Data { stream_id: StreamId(1) }
2026-09-16T09:14:24.057382700Z [DEBUG] DATA-001.h2::codec::framed_read: received frame=Data { stream_id: StreamId(1) }
2026-09-16T09:14:24.057511900Z [DEBUG] DATA-001.h2::codec::framed_read: received frame=Data { stream_id: StreamId(1) }
2026-09-16T09:14:24.057530500Z [DEBUG] DATA-001.h2::codec::framed_read: received frame=Data { stream_id: StreamId(1) }
2026-09-16T09:14:24.061363800Z [DEBUG] DATA-001.h2::codec::framed_read: received frame=Data { stream_id: StreamId(1) }
2026-09-16T09:14:24.061406800Z [DEBUG] DATA-001.h2::codec::framed_read: received frame=Data { stream_id: StreamId(1) }
2026-09-16T09:14:24.061410600Z [DEBUG] DATA-001.h2::codec::framed_read: received frame=Data { stream_id: StreamId(1) }
2026-09-16T09:14:24.061416700Z [DEBUG] DATA-001.h2::codec::framed_read: received frame=Data { stream_id: StreamId(1) }
2026-09-16T09:14:24.061573100Z [DEBUG] DATA-001.h2::codec::framed_read: received frame=Data { stream_id: StreamId(1) }
2026-09-16T09:14:24.061600500Z [DEBUG] DATA-001.h2::codec::framed_read: received frame=Data { stream_id: StreamId(1) }
2026-09-16T09:14:24.066054700Z [DEBUG] DATA-001.h2::codec::framed_read: received frame=Data { stream_id: StreamId(1) }
2026-09-16T09:14:24.066086600Z [DEBUG] DATA-001.h2::codec::framed_read: received frame=Data { stream_id: StreamId(1) }
2026-09-16T09:14:24.066115200Z [DEBUG] DATA-001.h2::codec::framed_read: received frame=Data { stream_id: StreamId(1) }
2026-09-16T09:14:24.066122000Z [DEBUG] DATA-001.h2::codec::framed_read: received frame=Data { stream_id: StreamId(1) }
2026-09-16T09:14:24.066181800Z [DEBUG] DATA-001.h2::codec::framed_read: received frame=Data { stream_id: StreamId(1) }
2026-09-16T09:14:24.066200000Z [DEBUG] DATA-001.h2::codec::framed_read: received frame=Data { stream_id: StreamId(1) }
2026-09-16T09:14:24.066266600Z [DEBUG] DATA-001.h2::codec::framed_read: received frame=Data { stream_id: StreamId(1) }
2026-09-16T09:14:24.066282500Z [DEBUG] DATA-001.h2::codec::framed_read: received frame=Data { stream_id: StreamId(1) }
2026-09-16T09:14:24.069223700Z [DEBUG] DATA-001.h2::codec::framed_read: received frame=Data { stream_id: StreamId(1) }
2026-09-16T09:14:24.069267200Z [DEBUG] DATA-001.h2::codec::framed_read: received frame=Data { stream_id: StreamId(1) }
2026-09-16T09:14:24.069270500Z [DEBUG] DATA-001.h2::codec::framed_read: received frame=Data { stream_id: StreamId(1) }
2026-09-16T09:14:24.069275400Z [DEBUG] DATA-001.h2::codec::framed_read: received frame=Data { stream_id: StreamId(1) }
2026-09-16T09:14:24.072633300Z [DEBUG] DATA-001.h2::codec::framed_read: received frame=Data { stream_id: StreamId(1) }
2026-09-16T09:14:24.072671200Z [DEBUG] DATA-001.h2::codec::framed_read: received frame=Data { stream_id: StreamId(1) }
2026-09-16T09:14:24.072706200Z [DEBUG] DATA-001.h2::codec::framed_read: received frame=Data { stream_id: StreamId(1) }
2026-09-16T09:14:24.072720800Z [DEBUG] DATA-001.h2::codec::framed_read: received frame=Data { stream_id: StreamId(1) }
2026-09-16T09:14:24.072819900Z [DEBUG] DATA-001.h2::codec::framed_read: received frame=Data { stream_id: StreamId(1) }
2026-09-16T09:14:24.072845700Z [DEBUG] DATA-001.h2::codec::framed_read: received frame=Data { stream_id: StreamId(1) }
2026-09-16T09:14:24.072953300Z [DEBUG] DATA-001.h2::codec::framed_write: send frame=WindowUpdate { stream_id: StreamId(1), size_increment: 692000 }
2026-09-16T09:14:24.075016700Z [DEBUG] DATA-001.h2::codec::framed_read: received frame=Data { stream_id: StreamId(1) }
2026-09-16T09:14:24.075037000Z [DEBUG] DATA-001.h2::codec::framed_read: received frame=Data { stream_id: StreamId(1) }
2026-09-16T09:14:24.075040500Z [DEBUG] DATA-001.h2::codec::framed_read: received frame=Data { stream_id: StreamId(1) }
2026-09-16T09:14:24.075057300Z [DEBUG] DATA-001.h2::codec::framed_read: received frame=Data { stream_id: StreamId(1) }
2026-09-16T09:14:24.077001900Z [DEBUG] DATA-001.h2::codec::framed_read: received frame=Data { stream_id: StreamId(1) }
2026-09-16T09:14:24.077027300Z [DEBUG] DATA-001.h2::codec::framed_read: received frame=Data { stream_id: StreamId(1) }
2026-09-16T09:14:24.081336600Z [DEBUG] DATA-001.h2::codec::framed_read: received frame=Data { stream_id: StreamId(1) }
2026-09-16T09:14:24.081375300Z [DEBUG] DATA-001.h2::codec::framed_read: received frame=Data { stream_id: StreamId(1) }
2026-09-16T09:14:24.081378000Z [DEBUG] DATA-001.h2::codec::framed_read: received frame=Data { stream_id: StreamId(1) }
2026-09-16T09:14:24.081387400Z [DEBUG] DATA-001.h2::codec::framed_read: received frame=Data { stream_id: StreamId(1) }
2026-09-16T09:14:24.081432000Z [DEBUG] DATA-001.h2::codec::framed_read: received frame=Data { stream_id: StreamId(1) }
2026-09-16T09:14:24.081443600Z [DEBUG] DATA-001.h2::codec::framed_read: received frame=Data { stream_id: StreamId(1) }
2026-09-16T09:14:24.081547800Z [DEBUG] DATA-001.h2::codec::framed_read: received frame=Data { stream_id: StreamId(1) }
2026-09-16T09:14:24.081573900Z [DEBUG] DATA-001.h2::codec::framed_read: received frame=Data { stream_id: StreamId(1) }
2026-09-16T09:14:24.081575900Z [DEBUG] DATA-001.h2::codec::framed_read: received frame=Data { stream_id: StreamId(1) }
2026-09-16T09:14:24.081649800Z [DEBUG] DATA-001.h2::codec::framed_write: send frame=WindowUpdate { stream_id: StreamId(0), size_increment: 675616 }
2026-09-16T09:14:24.083402000Z [DEBUG] DATA-001.h2::codec::framed_read: received frame=Data { stream_id: StreamId(1) }
2026-09-16T09:14:24.083508200Z [DEBUG] DATA-001.h2::codec::framed_read: received frame=Data { stream_id: StreamId(1) }
2026-09-16T09:14:24.083529400Z [DEBUG] DATA-001.h2::codec::framed_read: received frame=Data { stream_id: StreamId(1) }
2026-09-16T09:14:24.085682400Z [DEBUG] DATA-001.h2::codec::framed_read: received frame=Data { stream_id: StreamId(1) }
2026-09-16T09:14:24.085711000Z [DEBUG] DATA-001.h2::codec::framed_read: received frame=Data { stream_id: StreamId(1) }
2026-09-16T09:14:24.085815900Z [DEBUG] DATA-001.h2::codec::framed_read: received frame=Data { stream_id: StreamId(1) }
2026-09-16T09:14:24.085842000Z [DEBUG] DATA-001.h2::codec::framed_read: received frame=Data { stream_id: StreamId(1) }
2026-09-16T09:14:24.085843800Z [DEBUG] DATA-001.h2::codec::framed_read: received frame=Data { stream_id: StreamId(1) }
2026-09-16T09:14:24.088039100Z [DEBUG] DATA-001.h2::codec::framed_read: received frame=Data { stream_id: StreamId(1) }
2026-09-16T09:14:24.090481800Z [DEBUG] DATA-001.h2::codec::framed_read: received frame=Data { stream_id: StreamId(1) }
2026-09-16T09:14:24.090517400Z [DEBUG] DATA-001.h2::codec::framed_read: received frame=Data { stream_id: StreamId(1) }
2026-09-16T09:14:24.090520200Z [DEBUG] DATA-001.h2::codec::framed_read: received frame=Data { stream_id: StreamId(1) }
2026-09-16T09:14:24.090532200Z [DEBUG] DATA-001.h2::codec::framed_read: received frame=Data { stream_id: StreamId(1) }
2026-09-16T09:14:24.092311800Z [DEBUG] DATA-001.h2::codec::framed_read: received frame=Data { stream_id: StreamId(3) }
2026-09-16T09:14:24.092425000Z [DEBUG] DATA-001.h2::codec::framed_read: received frame=Data { stream_id: StreamId(3) }
2026-09-16T09:14:24.092442800Z [DEBUG] DATA-001.h2::codec::framed_read: received frame=Data { stream_id: StreamId(3) }
2026-09-16T09:14:24.092463600Z [DEBUG] DATA-001.h2::codec::framed_read: received frame=Data { stream_id: StreamId(3) }
2026-09-16T09:14:24.092488800Z [DEBUG] DATA-001.h2::codec::framed_read: received frame=Data { stream_id: StreamId(3) }
2026-09-16T09:14:24.092498000Z [DEBUG] DATA-001.h2::codec::framed_read: received frame=Data { stream_id: StreamId(3) }
2026-09-16T09:14:24.092516200Z [DEBUG] DATA-001.h2::codec::framed_write: send frame=Ping { ack: false, payload: [59, 124, 219, 122, 11, 135, 22, 180] }
2026-09-16T09:14:24.092639200Z [DEBUG] DATA-001.h2::codec::framed_read: received frame=Data { stream_id: StreamId(1) }
2026-09-16T09:14:24.092715300Z [DEBUG] DATA-001.h2::codec::framed_read: received frame=Data { stream_id: StreamId(1) }
2026-09-16T09:14:24.092726400Z [DEBUG] DATA-001.h2::codec::framed_read: received frame=Data { stream_id: StreamId(1) }
2026-09-16T09:14:24.092731300Z [DEBUG] DATA-001.h2::codec::framed_read: received frame=Data { stream_id: StreamId(1) }
2026-09-16T09:14:24.095793200Z [DEBUG] DATA-001.h2::codec::framed_read: received frame=Data { stream_id: StreamId(1) }
2026-09-16T09:14:24.095814500Z [DEBUG] DATA-001.h2::codec::framed_read: received frame=Data { stream_id: StreamId(1) }
2026-09-16T09:14:24.095833500Z [DEBUG] DATA-001.h2::codec::framed_read: received frame=Data { stream_id: StreamId(1) }
2026-09-16T09:14:24.095835500Z [DEBUG] DATA-001.h2::codec::framed_read: received frame=Data { stream_id: StreamId(1) }
2026-09-16T09:14:24.095975800Z [DEBUG] DATA-001.h2::codec::framed_read: received frame=Data { stream_id: StreamId(3) }
2026-09-16T09:14:24.099678300Z [DEBUG] DATA-001.h2::codec::framed_read: received frame=Data { stream_id: StreamId(1) }
2026-09-16T09:14:24.099697000Z [DEBUG] DATA-001.h2::codec::framed_read: received frame=Data { stream_id: StreamId(1) }
2026-09-16T09:14:24.099721500Z [DEBUG] DATA-001.h2::codec::framed_read: received frame=Data { stream_id: StreamId(1) }
2026-09-16T09:14:24.099722700Z [DEBUG] DATA-001.h2::codec::framed_read: received frame=Data { stream_id: StreamId(1) }
2026-09-16T09:14:24.099724200Z [DEBUG] DATA-001.h2::codec::framed_read: received frame=Data { stream_id: StreamId(1) }
2026-09-16T09:14:24.099809600Z [DEBUG] DATA-001.h2::codec::framed_read: received frame=Data { stream_id: StreamId(1) }
2026-09-16T09:14:24.099824800Z [DEBUG] DATA-001.h2::codec::framed_read: received frame=Data { stream_id: StreamId(1) }
2026-09-16T09:14:24.099875700Z [DEBUG] DATA-001.h2::codec::framed_read: received frame=Data { stream_id: StreamId(1) }
2026-09-16T09:14:24.099878000Z [DEBUG] DATA-001.h2::codec::framed_read: received frame=Data { stream_id: StreamId(1) }
2026-09-16T09:14:24.102952000Z [DEBUG] DATA-001.h2::codec::framed_read: received frame=Data { stream_id: StreamId(1) }
2026-09-16T09:14:24.102969300Z [DEBUG] DATA-001.h2::codec::framed_read: received frame=Data { stream_id: StreamId(1) }
2026-09-16T09:14:24.102985700Z [DEBUG] DATA-001.h2::codec::framed_read: received frame=Data { stream_id: StreamId(1) }
2026-09-16T09:14:24.102987700Z [DEBUG] DATA-001.h2::codec::framed_read: received frame=Data { stream_id: StreamId(1) }
2026-09-16T09:14:24.103138900Z [DEBUG] DATA-001.h2::codec::framed_read: received frame=Data { stream_id: StreamId(1) }
2026-09-16T09:14:24.103167500Z [DEBUG] DATA-001.h2::codec::framed_read: received frame=Data { stream_id: StreamId(1) }
2026-09-16T09:14:24.105320600Z [DEBUG] DATA-001.h2::codec::framed_read: received frame=Data { stream_id: StreamId(1) }
2026-09-16T09:14:24.105340300Z [DEBUG] DATA-001.h2::codec::framed_read: received frame=Data { stream_id: StreamId(1) }
2026-09-16T09:14:24.105422000Z [DEBUG] DATA-001.h2::codec::framed_read: received frame=Data { stream_id: StreamId(1) }
2026-09-16T09:14:24.105428800Z [DEBUG] DATA-001.h2::codec::framed_read: received frame=Data { stream_id: StreamId(1) }
2026-09-16T09:14:24.105433900Z [DEBUG] DATA-001.h2::codec::framed_read: received frame=Data { stream_id: StreamId(1) }
2026-09-16T09:14:24.109279300Z [DEBUG] DATA-001.h2::codec::framed_read: received frame=Data { stream_id: StreamId(1) }
2026-09-16T09:14:24.109339500Z [DEBUG] DATA-001.h2::codec::framed_read: received frame=Data { stream_id: StreamId(1) }
2026-09-16T09:14:24.109349500Z [DEBUG] DATA-001.h2::codec::framed_read: received frame=Data { stream_id: StreamId(1) }
2026-09-16T09:14:24.111706300Z [DEBUG] DATA-001.h2::codec::framed_read: received frame=Data { stream_id: StreamId(1) }
2026-09-16T09:14:24.111740100Z [DEBUG] DATA-001.h2::codec::framed_read: received frame=Data { stream_id: StreamId(1) }
2026-09-16T09:14:24.111839400Z [DEBUG] DATA-001.h2::codec::framed_read: received frame=Data { stream_id: StreamId(1) }
2026-09-16T09:14:24.111862800Z [DEBUG] DATA-001.h2::codec::framed_read: received frame=Data { stream_id: StreamId(1) }
2026-09-16T09:14:24.111864900Z [DEBUG] DATA-001.h2::codec::framed_read: received frame=Data { stream_id: StreamId(1) }
2026-09-16T09:14:24.111891200Z [DEBUG] DATA-001.h2::codec::framed_read: received frame=Data { stream_id: StreamId(1) }
2026-09-16T09:14:24.111903700Z [DEBUG] DATA-001.h2::codec::framed_read: received frame=Data { stream_id: StreamId(1) }
2026-09-16T09:14:24.111904900Z [DEBUG] DATA-001.h2::codec::framed_read: received frame=Data { stream_id: StreamId(1) }
2026-09-16T09:14:24.111906000Z [DEBUG] DATA-001.h2::codec::framed_read: received frame=Ping { ack: true, payload: [59, 124, 219, 122, 11, 135, 22, 180] }
2026-09-16T09:14:24.111917600Z [DEBUG] DATA-001.h2::codec::framed_write: send frame=Settings { flags: (0x0), initial_window_size: 3461584 }
2026-09-16T09:14:24.111927300Z [DEBUG] DATA-001.h2::codec::framed_write: send frame=WindowUpdate { stream_id: StreamId(0), size_increment: 1821762 }
2026-09-16T09:14:24.114363100Z [DEBUG] DATA-001.h2::codec::framed_read: received frame=Data { stream_id: StreamId(1) }
2026-09-16T09:14:24.114507100Z [DEBUG] DATA-001.h2::codec::framed_read: received frame=Data { stream_id: StreamId(1) }
2026-09-16T09:14:24.114532300Z [DEBUG] DATA-001.h2::codec::framed_read: received frame=Data { stream_id: StreamId(1) }
2026-09-16T09:14:24.114649100Z [DEBUG] DATA-001.h2::codec::framed_write: send frame=Ping { ack: false, payload: [59, 124, 219, 122, 11, 135, 22, 180] }
2026-09-16T09:14:24.116998000Z [DEBUG] DATA-001.h2::codec::framed_read: received frame=Data { stream_id: StreamId(1) }
2026-09-16T09:14:24.117023200Z [DEBUG] DATA-001.h2::codec::framed_read: received frame=Data { stream_id: StreamId(1) }
2026-09-16T09:14:24.118952100Z [DEBUG] DATA-001.h2::codec::framed_read: received frame=Data { stream_id: StreamId(1) }
2026-09-16T09:14:24.118987200Z [DEBUG] DATA-001.h2::codec::framed_read: received frame=Data { stream_id: StreamId(1) }
2026-09-16T09:14:24.118990700Z [DEBUG] DATA-001.h2::codec::framed_read: received frame=Data { stream_id: StreamId(1) }
2026-09-16T09:14:24.118997300Z [DEBUG] DATA-001.h2::codec::framed_read: received frame=Data { stream_id: StreamId(1) }
2026-09-16T09:14:24.121519300Z [DEBUG] DATA-001.h2::codec::framed_read: received frame=Data { stream_id: StreamId(1) }
2026-09-16T09:14:24.121559300Z [DEBUG] DATA-001.h2::codec::framed_read: received frame=Data { stream_id: StreamId(1) }
2026-09-16T09:14:24.121561700Z [DEBUG] DATA-001.h2::codec::framed_read: received frame=Data { stream_id: StreamId(1) }
2026-09-16T09:14:24.121571100Z [DEBUG] DATA-001.h2::codec::framed_read: received frame=Data { stream_id: StreamId(1) }
2026-09-16T09:14:24.123914500Z [DEBUG] DATA-001.h2::codec::framed_read: received frame=Data { stream_id: StreamId(1) }
2026-09-16T09:14:24.123947200Z [DEBUG] DATA-001.h2::codec::framed_read: received frame=Data { stream_id: StreamId(1) }
2026-09-16T09:14:24.123949500Z [DEBUG] DATA-001.h2::codec::framed_read: received frame=Data { stream_id: StreamId(1) }
2026-09-16T09:14:24.124005600Z [DEBUG] DATA-001.h2::codec::framed_read: received frame=Data { stream_id: StreamId(1) }
2026-09-16T09:14:24.129329800Z [DEBUG] DATA-001.h2::codec::framed_read: received frame=Data { stream_id: StreamId(1) }
2026-09-16T09:14:24.129370900Z [DEBUG] DATA-001.h2::codec::framed_read: received frame=Data { stream_id: StreamId(1) }
2026-09-16T09:14:24.129373200Z [DEBUG] DATA-001.h2::codec::framed_read: received frame=Data { stream_id: StreamId(1) }
2026-09-16T09:14:24.129381400Z [DEBUG] DATA-001.h2::codec::framed_read: received frame=Data { stream_id: StreamId(1) }
2026-09-16T09:14:24.129487100Z [DEBUG] DATA-001.h2::codec::framed_read: received frame=Data { stream_id: StreamId(1) }
2026-09-16T09:14:24.129506600Z [DEBUG] DATA-001.h2::codec::framed_read: received frame=Data { stream_id: StreamId(1) }
2026-09-16T09:14:24.129508200Z [DEBUG] DATA-001.h2::codec::framed_read: received frame=Data { stream_id: StreamId(1) }
2026-09-16T09:14:24.129642600Z [DEBUG] DATA-001.h2::codec::framed_write: send frame=WindowUpdate { stream_id: StreamId(1), size_increment: 715816 }
2026-09-16T09:14:24.281594100Z [DEBUG] DATA-001.h2::codec::framed_read: received frame=Ping { ack: true, payload: [59, 124, 219, 122, 11, 135, 22, 180] }
2026-09-16T09:14:24.304514400Z [DEBUG] DATA-001.h2::codec::framed_read: received frame=Data { stream_id: StreamId(1) }
2026-09-16T09:14:24.304672800Z [DEBUG] DATA-001.h2::codec::framed_read: received frame=Data { stream_id: StreamId(1) }
2026-09-16T09:14:24.304684500Z [DEBUG] DATA-001.h2::codec::framed_read: received frame=Data { stream_id: StreamId(1) }
2026-09-16T09:14:24.304980900Z [DEBUG] DATA-001.h2::codec::framed_read: received frame=Data { stream_id: StreamId(1) }
2026-09-16T09:14:24.304999500Z [DEBUG] DATA-001.h2::codec::framed_read: received frame=Data { stream_id: StreamId(1) }
2026-09-16T09:14:24.305002300Z [DEBUG] DATA-001.h2::codec::framed_read: received frame=Data { stream_id: StreamId(1) }
2026-09-16T09:14:24.305006800Z [DEBUG] DATA-001.h2::codec::framed_read: received frame=Data { stream_id: StreamId(1) }
2026-09-16T09:14:24.306448900Z [DEBUG] DATA-001.h2::codec::framed_read: received frame=Data { stream_id: StreamId(1) }
2026-09-16T09:14:24.306535800Z [DEBUG] DATA-001.h2::codec::framed_read: received frame=Data { stream_id: StreamId(1) }
2026-09-16T09:14:24.306552400Z [DEBUG] DATA-001.h2::codec::framed_read: received frame=Data { stream_id: StreamId(1) }
2026-09-16T09:14:24.308662400Z [DEBUG] DATA-001.h2::codec::framed_read: received frame=Data { stream_id: StreamId(1) }
2026-09-16T09:14:24.308686000Z [DEBUG] DATA-001.h2::codec::framed_read: received frame=Data { stream_id: StreamId(1) }
2026-09-16T09:14:24.308688000Z [DEBUG] DATA-001.h2::codec::framed_read: received frame=Data { stream_id: StreamId(1) }
2026-09-16T09:14:24.308691300Z [DEBUG] DATA-001.h2::codec::framed_read: received frame=Data { stream_id: StreamId(1) }
2026-09-16T09:14:24.308783900Z [DEBUG] DATA-001.h2::codec::framed_read: received frame=Data { stream_id: StreamId(1) }
2026-09-16T09:14:24.308796300Z [DEBUG] DATA-001.h2::codec::framed_read: received frame=Data { stream_id: StreamId(1) }
2026-09-16T09:14:24.311073700Z [DEBUG] DATA-001.h2::codec::framed_read: received frame=Data { stream_id: StreamId(1) }
2026-09-16T09:14:24.311106500Z [DEBUG] DATA-001.h2::codec::framed_read: received frame=Data { stream_id: StreamId(1) }
2026-09-16T09:14:24.311142900Z [DEBUG] DATA-001.h2::codec::framed_read: received frame=Data { stream_id: StreamId(1) }
2026-09-16T09:14:24.311153000Z [DEBUG] DATA-001.h2::codec::framed_read: received frame=Data { stream_id: StreamId(1) }
2026-09-16T09:14:24.313756700Z [DEBUG] DATA-001.h2::codec::framed_read: received frame=Data { stream_id: StreamId(1) }
2026-09-16T09:14:24.313787200Z [DEBUG] DATA-001.h2::codec::framed_read: received frame=Data { stream_id: StreamId(1) }
2026-09-16T09:14:24.313878000Z [DEBUG] DATA-001.h2::codec::framed_read: received frame=Data { stream_id: StreamId(1) }
2026-09-16T09:14:24.313904700Z [DEBUG] DATA-001.h2::codec::framed_read: received frame=Data { stream_id: StreamId(1) }
2026-09-16T09:14:24.313907600Z [DEBUG] DATA-001.h2::codec::framed_read: received frame=Data { stream_id: StreamId(1) }
2026-09-16T09:14:24.313918400Z [DEBUG] DATA-001.h2::codec::framed_read: received frame=Data { stream_id: StreamId(1) }
2026-09-16T09:14:24.313996100Z [DEBUG] DATA-001.h2::codec::framed_read: received frame=Data { stream_id: StreamId(1) }
2026-09-16T09:14:24.314021000Z [DEBUG] DATA-001.h2::codec::framed_read: received frame=Data { stream_id: StreamId(1) }
2026-09-16T09:14:24.314056600Z [DEBUG] DATA-001.h2::codec::framed_read: received frame=Data { stream_id: StreamId(1) }
2026-09-16T09:14:24.314074000Z [DEBUG] DATA-001.h2::codec::framed_read: received frame=Data { stream_id: StreamId(1) }
2026-09-16T09:14:24.316693700Z [DEBUG] DATA-001.h2::codec::framed_read: received frame=Data { stream_id: StreamId(1) }
2026-09-16T09:14:24.316721900Z [DEBUG] DATA-001.h2::codec::framed_read: received frame=Data { stream_id: StreamId(1) }
2026-09-16T09:14:24.316756600Z [DEBUG] DATA-001.h2::codec::framed_read: received frame=Data { stream_id: StreamId(1) }
2026-09-16T09:14:24.316766900Z [DEBUG] DATA-001.h2::codec::framed_read: received frame=Data { stream_id: StreamId(1) }
2026-09-16T09:14:24.316841100Z [DEBUG] DATA-001.h2::codec::framed_read: received frame=Data { stream_id: StreamId(1) }
2026-09-16T09:14:24.316865800Z [DEBUG] DATA-001.h2::codec::framed_read: received frame=Data { stream_id: StreamId(1) }
2026-09-16T09:14:24.319608600Z [DEBUG] DATA-001.h2::codec::framed_read: received frame=Data { stream_id: StreamId(1) }
2026-09-16T09:14:24.319626600Z [DEBUG] DATA-001.h2::codec::framed_read: received frame=Data { stream_id: StreamId(1) }
2026-09-16T09:14:24.319629400Z [DEBUG] DATA-001.h2::codec::framed_read: received frame=Data { stream_id: StreamId(1) }
2026-09-16T09:14:24.319668300Z [DEBUG] DATA-001.h2::codec::framed_read: received frame=Data { stream_id: StreamId(1) }
2026-09-16T09:14:24.319841100Z [DEBUG] DATA-001.h2::codec::framed_read: received frame=Data { stream_id: StreamId(3) }
2026-09-16T09:14:24.319888100Z [DEBUG] DATA-001.h2::codec::framed_read: received frame=Data { stream_id: StreamId(3) }
2026-09-16T09:14:24.319902400Z [DEBUG] DATA-001.h2::codec::framed_read: received frame=Data { stream_id: StreamId(3) }
2026-09-16T09:14:24.319932800Z [DEBUG] DATA-001.h2::codec::framed_read: received frame=Data { stream_id: StreamId(3) }
2026-09-16T09:14:24.320115400Z [DEBUG] DATA-001.h2::codec::framed_write: send frame=Ping { ack: false, payload: [59, 124, 219, 122, 11, 135, 22, 180] }
2026-09-16T09:14:24.320662000Z [DEBUG] DATA-001.h2::codec::framed_read: received frame=Data { stream_id: StreamId(1) }
2026-09-16T09:14:24.320695700Z [DEBUG] DATA-001.h2::codec::framed_read: received frame=Data { stream_id: StreamId(1) }
2026-09-16T09:14:24.320698600Z [DEBUG] DATA-001.h2::codec::framed_read: received frame=Data { stream_id: StreamId(1) }
2026-09-16T09:14:24.320707800Z [DEBUG] DATA-001.h2::codec::framed_read: received frame=Data { stream_id: StreamId(1) }
2026-09-16T09:14:24.320776900Z [DEBUG] DATA-001.h2::codec::framed_read: received frame=Data { stream_id: StreamId(1) }
2026-09-16T09:14:24.320804000Z [DEBUG] DATA-001.h2::codec::framed_read: received frame=Data { stream_id: StreamId(1) }
2026-09-16T09:14:24.323603700Z [DEBUG] DATA-001.h2::codec::framed_read: received frame=Data { stream_id: StreamId(1) }
2026-09-16T09:14:24.323631700Z [DEBUG] DATA-001.h2::codec::framed_read: received frame=Data { stream_id: StreamId(1) }
2026-09-16T09:14:24.323783200Z [DEBUG] DATA-001.h2::codec::framed_read: received frame=Data { stream_id: StreamId(1) }
2026-09-16T09:14:24.323844600Z [DEBUG] DATA-001.h2::codec::framed_read: received frame=Data { stream_id: StreamId(1) }
2026-09-16T09:14:24.323864100Z [DEBUG] DATA-001.h2::codec::framed_read: received frame=Data { stream_id: StreamId(1) }
2026-09-16T09:14:24.323881200Z [DEBUG] DATA-001.h2::codec::framed_read: received frame=Data { stream_id: StreamId(1) }
2026-09-16T09:14:24.329653700Z [DEBUG] DATA-001.h2::codec::framed_read: received frame=Data { stream_id: StreamId(1) }
2026-09-16T09:14:24.329684100Z [DEBUG] DATA-001.h2::codec::framed_read: received frame=Data { stream_id: StreamId(1) }
2026-09-16T09:14:24.329713400Z [DEBUG] DATA-001.h2::codec::framed_read: received frame=Data { stream_id: StreamId(1) }
2026-09-16T09:14:24.329723500Z [DEBUG] DATA-001.h2::codec::framed_read: received frame=Data { stream_id: StreamId(1) }
2026-09-16T09:14:24.329846400Z [DEBUG] DATA-001.h2::codec::framed_read: received frame=Data { stream_id: StreamId(1) }
2026-09-16T09:14:24.329899600Z [DEBUG] DATA-001.h2::codec::framed_read: received frame=Data { stream_id: StreamId(1) }
2026-09-16T09:14:24.329946400Z [DEBUG] DATA-001.h2::codec::framed_read: received frame=Data { stream_id: StreamId(1) }
2026-09-16T09:14:24.329959500Z [DEBUG] DATA-001.h2::codec::framed_read: received frame=Data { stream_id: StreamId(1) }
2026-09-16T09:14:24.329990400Z [DEBUG] DATA-001.h2::codec::framed_read: received frame=Data { stream_id: StreamId(1) }
2026-09-16T09:14:24.330024600Z [DEBUG] DATA-001.h2::codec::framed_read: received frame=Data { stream_id: StreamId(1) }
2026-09-16T09:14:24.330056000Z [DEBUG] DATA-001.h2::codec::framed_read: received frame=Data { stream_id: StreamId(1) }
2026-09-16T09:14:24.330077400Z [DEBUG] DATA-001.h2::codec::framed_read: received frame=Data { stream_id: StreamId(1) }
2026-09-16T09:14:24.330116400Z [DEBUG] DATA-001.h2::codec::framed_read: received frame=Data { stream_id: StreamId(1) }
2026-09-16T09:14:24.330132800Z [DEBUG] DATA-001.h2::codec::framed_read: received frame=Data { stream_id: StreamId(1) }
2026-09-16T09:14:24.330174600Z [DEBUG] DATA-001.h2::codec::framed_read: received frame=Data { stream_id: StreamId(1) }
2026-09-16T09:14:24.330193300Z [DEBUG] DATA-001.h2::codec::framed_read: received frame=Data { stream_id: StreamId(1) }
2026-09-16T09:14:24.330420100Z [DEBUG] DATA-001.h2::codec::framed_read: received frame=Data { stream_id: StreamId(3) }
2026-09-16T09:14:24.330436600Z [DEBUG] DATA-001.h2::codec::framed_read: received frame=Data { stream_id: StreamId(3) }
2026-09-16T09:14:24.330477300Z [DEBUG] DATA-001.h2::codec::framed_read: received frame=Data { stream_id: StreamId(3) }
2026-09-16T09:14:24.330482400Z [DEBUG] DATA-001.h2::codec::framed_read: received frame=Data { stream_id: StreamId(3) }
2026-09-16T09:14:24.330555900Z [DEBUG] DATA-001.h2::codec::framed_read: received frame=Data { stream_id: StreamId(3) }
2026-09-16T09:14:24.330567100Z [DEBUG] DATA-001.h2::codec::framed_read: received frame=Data { stream_id: StreamId(3) }
2026-09-16T09:14:24.330613200Z [DEBUG] DATA-001.h2::codec::framed_read: received frame=Data { stream_id: StreamId(3) }
2026-09-16T09:14:24.330617800Z [DEBUG] DATA-001.h2::codec::framed_read: received frame=Data { stream_id: StreamId(3) }
2026-09-16T09:14:24.330708000Z [DEBUG] DATA-001.h2::codec::framed_write: send frame=WindowUpdate { stream_id: StreamId(0), size_increment: 233358 }
2026-09-16T09:14:24.340118700Z [DEBUG] DATA-001.h2::codec::framed_read: received frame=Data { stream_id: StreamId(1) }
2026-09-16T09:14:24.340136100Z [DEBUG] DATA-001.h2::codec::framed_read: received frame=Data { stream_id: StreamId(1) }
2026-09-16T09:14:24.340139100Z [DEBUG] DATA-001.h2::codec::framed_read: received frame=Data { stream_id: StreamId(1) }
2026-09-16T09:14:24.340159500Z [DEBUG] DATA-001.h2::codec::framed_read: received frame=Data { stream_id: StreamId(1) }
2026-09-16T09:14:24.340174900Z [DEBUG] DATA-001.h2::codec::framed_read: received frame=Data { stream_id: StreamId(1) }
2026-09-16T09:14:24.340195200Z [DEBUG] DATA-001.h2::codec::framed_read: received frame=Data { stream_id: StreamId(1) }
2026-09-16T09:14:24.340196600Z [DEBUG] DATA-001.h2::codec::framed_read: received frame=Data { stream_id: StreamId(1) }
2026-09-16T09:14:24.340208200Z [DEBUG] DATA-001.h2::codec::framed_read: received frame=Data { stream_id: StreamId(1) }
2026-09-16T09:14:24.340209700Z [DEBUG] DATA-001.h2::codec::framed_read: received frame=Data { stream_id: StreamId(1) }
2026-09-16T09:14:24.340213700Z [DEBUG] DATA-001.h2::codec::framed_read: received frame=Data { stream_id: StreamId(1) }
2026-09-16T09:14:24.340295200Z [DEBUG] DATA-001.h2::codec::framed_read: received frame=Data { stream_id: StreamId(1) }
2026-09-16T09:14:24.340301600Z [DEBUG] DATA-001.h2::codec::framed_read: received frame=Data { stream_id: StreamId(1) }
2026-09-16T09:14:24.340427600Z [DEBUG] DATA-001.h2::codec::framed_read: received frame=Data { stream_id: StreamId(1) }
2026-09-16T09:14:24.340452300Z [DEBUG] DATA-001.h2::codec::framed_read: received frame=Data { stream_id: StreamId(1) }
2026-09-16T09:14:24.340455200Z [DEBUG] DATA-001.h2::codec::framed_read: received frame=Data { stream_id: StreamId(1) }
2026-09-16T09:14:24.340458100Z [DEBUG] DATA-001.h2::codec::framed_read: received frame=Data { stream_id: StreamId(1) }
2026-09-16T09:14:24.340459100Z [DEBUG] DATA-001.h2::codec::framed_read: received frame=Data { stream_id: StreamId(1) }
2026-09-16T09:14:24.340489600Z [DEBUG] DATA-001.h2::codec::framed_read: received frame=Data { stream_id: StreamId(1) }
2026-09-16T09:14:24.340504800Z [DEBUG] DATA-001.h2::codec::framed_write: send frame=WindowUpdate { stream_id: StreamId(1), size_increment: 684360 }
2026-09-16T09:14:24.340553200Z [DEBUG] DATA-001.h2::codec::framed_read: received frame=Data { stream_id: StreamId(1) }
2026-09-16T09:14:24.340566800Z [DEBUG] DATA-001.h2::codec::framed_read: received frame=Data { stream_id: StreamId(1) }
2026-09-16T09:14:24.340679500Z [DEBUG] DATA-001.h2::codec::framed_read: received frame=Data { stream_id: StreamId(1) }
2026-09-16T09:14:24.340693300Z [DEBUG] DATA-001.h2::codec::framed_read: received frame=Data { stream_id: StreamId(1) }
2026-09-16T09:14:24.340735300Z [DEBUG] DATA-001.h2::codec::framed_read: received frame=Data { stream_id: StreamId(1) }
2026-09-16T09:14:24.340754100Z [DEBUG] DATA-001.h2::codec::framed_read: received frame=Data { stream_id: StreamId(1) }
2026-09-16T09:14:24.340755400Z [DEBUG] DATA-001.h2::codec::framed_read: received frame=Data { stream_id: StreamId(1) }
2026-09-16T09:14:24.340808200Z [DEBUG] DATA-001.h2::codec::framed_read: received frame=Data { stream_id: StreamId(1) }
2026-09-16T09:14:24.340869300Z [DEBUG] DATA-001.h2::codec::framed_read: received frame=Data { stream_id: StreamId(1) }
2026-09-16T09:14:24.340874600Z [DEBUG] DATA-001.h2::codec::framed_read: received frame=Data { stream_id: StreamId(1) }
2026-09-16T09:14:24.340938300Z [DEBUG] DATA-001.h2::codec::framed_read: received frame=Data { stream_id: StreamId(1) }
2026-09-16T09:14:24.340943800Z [DEBUG] DATA-001.h2::codec::framed_read: received frame=Data { stream_id: StreamId(1) }
2026-09-16T09:14:24.341046800Z [DEBUG] DATA-001.h2::codec::framed_read: received frame=Data { stream_id: StreamId(1) }
2026-09-16T09:14:24.341058500Z [DEBUG] DATA-001.h2::codec::framed_read: received frame=Data { stream_id: StreamId(1) }
2026-09-16T09:14:24.341070300Z [DEBUG] DATA-001.h2::codec::framed_read: received frame=Data { stream_id: StreamId(1) }
2026-09-16T09:14:24.341243600Z [DEBUG] DATA-001.h2::codec::framed_read: received frame=Data { stream_id: StreamId(3) }
2026-09-16T09:14:24.341254400Z [DEBUG] DATA-001.h2::codec::framed_read: received frame=Data { stream_id: StreamId(3) }
2026-09-16T09:14:24.344063100Z [DEBUG] DATA-001.h2::codec::framed_read: received frame=Data { stream_id: StreamId(1) }
2026-09-16T09:14:24.344221700Z [DEBUG] DATA-001.h2::codec::framed_read: received frame=Data { stream_id: StreamId(1) }
2026-09-16T09:14:24.344253100Z [DEBUG] DATA-001.h2::codec::framed_read: received frame=Data { stream_id: StreamId(1) }
2026-09-16T09:14:24.344254900Z [DEBUG] DATA-001.h2::codec::framed_read: received frame=Data { stream_id: StreamId(1) }
2026-09-16T09:14:24.344256700Z [DEBUG] DATA-001.h2::codec::framed_read: received frame=Data { stream_id: StreamId(1) }
2026-09-16T09:14:24.344295000Z [DEBUG] DATA-001.h2::codec::framed_read: received frame=Data { stream_id: StreamId(1) }
2026-09-16T09:14:24.344304300Z [DEBUG] DATA-001.h2::codec::framed_read: received frame=Data { stream_id: StreamId(1) }
2026-09-16T09:14:24.344310500Z [DEBUG] DATA-001.h2::codec::framed_read: received frame=Data { stream_id: StreamId(1) }
2026-09-16T09:14:24.347881600Z [DEBUG] DATA-001.h2::codec::framed_read: received frame=Data { stream_id: StreamId(1) }
2026-09-16T09:14:24.347941400Z [DEBUG] DATA-001.h2::codec::framed_read: received frame=Data { stream_id: StreamId(1) }
2026-09-16T09:14:24.347953400Z [DEBUG] DATA-001.h2::codec::framed_read: received frame=Data { stream_id: StreamId(1) }
2026-09-16T09:14:24.347954700Z [DEBUG] DATA-001.h2::codec::framed_read: received frame=Data { stream_id: StreamId(1) }
2026-09-16T09:14:24.348035700Z [DEBUG] DATA-001.h2::codec::framed_read: received frame=Data { stream_id: StreamId(1) }
2026-09-16T09:14:24.348128300Z [DEBUG] DATA-001.h2::codec::framed_read: received frame=Data { stream_id: StreamId(1) }
2026-09-16T09:14:24.348133400Z [DEBUG] DATA-001.h2::codec::framed_read: received frame=Data { stream_id: StreamId(1) }
2026-09-16T09:14:24.348143500Z [DEBUG] DATA-001.h2::codec::framed_read: received frame=Data { stream_id: StreamId(1) }
2026-09-16T09:14:24.348144900Z [DEBUG] DATA-001.h2::codec::framed_read: received frame=Data { stream_id: StreamId(1) }
2026-09-16T09:14:24.348179200Z [DEBUG] DATA-001.h2::codec::framed_read: received frame=Data { stream_id: StreamId(1) }
2026-09-16T09:14:24.348193600Z [DEBUG] DATA-001.h2::codec::framed_write: send frame=WindowUpdate { stream_id: StreamId(0), size_increment: 1190664 }
2026-09-16T09:14:24.348250000Z [DEBUG] DATA-001.h2::codec::framed_read: received frame=Data { stream_id: StreamId(1) }
2026-09-16T09:14:24.348256800Z [DEBUG] DATA-001.h2::codec::framed_read: received frame=Data { stream_id: StreamId(1) }
2026-09-16T09:14:24.349515400Z [DEBUG] DATA-001.h2::codec::framed_read: received frame=Data { stream_id: StreamId(1) }
2026-09-16T09:14:24.349534300Z [DEBUG] DATA-001.h2::codec::framed_read: received frame=Data { stream_id: StreamId(1) }
2026-09-16T09:14:24.349580000Z [DEBUG] DATA-001.h2::codec::framed_read: received frame=Data { stream_id: StreamId(1) }
2026-09-16T09:14:24.349582500Z [DEBUG] DATA-001.h2::codec::framed_read: received frame=Data { stream_id: StreamId(1) }
2026-09-16T09:14:24.349588200Z [DEBUG] DATA-001.h2::codec::framed_read: received frame=Data { stream_id: StreamId(1) }
2026-09-16T09:14:24.349681800Z [DEBUG] DATA-001.h2::codec::framed_read: received frame=Data { stream_id: StreamId(1) }
2026-09-16T09:14:24.351669600Z [DEBUG] DATA-001.h2::codec::framed_read: received frame=Data { stream_id: StreamId(1) }
2026-09-16T09:14:24.351691800Z [DEBUG] DATA-001.h2::codec::framed_read: received frame=Data { stream_id: StreamId(1) }
2026-09-16T09:14:24.351833000Z [DEBUG] DATA-001.h2::codec::framed_read: received frame=Data { stream_id: StreamId(1) }
2026-09-16T09:14:24.351845300Z [DEBUG] DATA-001.h2::codec::framed_read: received frame=Data { stream_id: StreamId(1) }
2026-09-16T09:14:24.351909300Z [DEBUG] DATA-001.h2::codec::framed_read: received frame=Data { stream_id: StreamId(1) }
2026-09-16T09:14:24.351915100Z [DEBUG] DATA-001.h2::codec::framed_read: received frame=Data { stream_id: StreamId(1) }
2026-09-16T09:14:24.352008600Z [DEBUG] DATA-001.h2::codec::framed_read: received frame=Data { stream_id: StreamId(1) }
2026-09-16T09:14:24.352018900Z [DEBUG] DATA-001.h2::codec::framed_read: received frame=Data { stream_id: StreamId(1) }
2026-09-16T09:14:24.355767700Z [DEBUG] DATA-001.h2::codec::framed_read: received frame=Data { stream_id: StreamId(1) }
2026-09-16T09:14:24.355784900Z [DEBUG] DATA-001.h2::codec::framed_read: received frame=Data { stream_id: StreamId(1) }
2026-09-16T09:14:24.355834000Z [DEBUG] DATA-001.h2::codec::framed_read: received frame=Data { stream_id: StreamId(1) }
2026-09-16T09:14:24.355836500Z [DEBUG] DATA-001.h2::codec::framed_read: received frame=Data { stream_id: StreamId(1) }
2026-09-16T09:14:24.355955800Z [DEBUG] DATA-001.h2::codec::framed_read: received frame=Data { stream_id: StreamId(1) }
2026-09-16T09:14:24.355962600Z [DEBUG] DATA-001.h2::codec::framed_read: received frame=Data { stream_id: StreamId(1) }
2026-09-16T09:14:24.356121900Z [DEBUG] DATA-001.h2::codec::framed_read: received frame=Data { stream_id: StreamId(1) }
2026-09-16T09:14:24.356138500Z [DEBUG] DATA-001.h2::codec::framed_read: received frame=Data { stream_id: StreamId(1) }
2026-09-16T09:14:24.356153700Z [DEBUG] DATA-001.h2::codec::framed_read: received frame=Data { stream_id: StreamId(1) }
2026-09-16T09:14:24.356156200Z [DEBUG] DATA-001.h2::codec::framed_read: received frame=Data { stream_id: StreamId(1) }
2026-09-16T09:14:24.356164900Z [DEBUG] DATA-001.h2::codec::framed_read: received frame=Data { stream_id: StreamId(1) }
2026-09-16T09:14:24.358147900Z [DEBUG] DATA-001.h2::codec::framed_read: received frame=Data { stream_id: StreamId(1) }
2026-09-16T09:14:24.358173900Z [DEBUG] DATA-001.h2::codec::framed_read: received frame=Data { stream_id: StreamId(1) }
2026-09-16T09:14:24.358254400Z [DEBUG] DATA-001.h2::codec::framed_read: received frame=Data { stream_id: StreamId(1) }
2026-09-16T09:14:24.358278600Z [DEBUG] DATA-001.h2::codec::framed_read: received frame=Data { stream_id: StreamId(1) }
2026-09-16T09:14:24.358354600Z [DEBUG] DATA-001.h2::codec::framed_read: received frame=Data { stream_id: StreamId(1) }
2026-09-16T09:14:24.358366600Z [DEBUG] DATA-001.h2::codec::framed_read: received frame=Data { stream_id: StreamId(1) }
2026-09-16T09:14:24.360271100Z [DEBUG] DATA-001.h2::codec::framed_read: received frame=Data { stream_id: StreamId(1) }
2026-09-16T09:14:24.360304000Z [DEBUG] DATA-001.h2::codec::framed_read: received frame=Data { stream_id: StreamId(1) }
2026-09-16T09:14:24.360343100Z [DEBUG] DATA-001.h2::codec::framed_read: received frame=Data { stream_id: StreamId(1) }
2026-09-16T09:14:24.360350400Z [DEBUG] DATA-001.h2::codec::framed_read: received frame=Data { stream_id: StreamId(1) }
2026-09-16T09:14:24.360439000Z [DEBUG] DATA-001.h2::codec::framed_read: received frame=Data { stream_id: StreamId(1) }
2026-09-16T09:14:24.360451000Z [DEBUG] DATA-001.h2::codec::framed_read: received frame=Data { stream_id: StreamId(1) }
2026-09-16T09:14:24.360458500Z [DEBUG] DATA-001.h2::codec::framed_read: received frame=Data { stream_id: StreamId(1) }
2026-09-16T09:14:24.362398600Z [DEBUG] DATA-001.h2::codec::framed_read: received frame=Data { stream_id: StreamId(1) }
2026-09-16T09:14:24.363112900Z [DEBUG] DATA-001.h2::codec::framed_read: received frame=Data { stream_id: StreamId(1) }
2026-09-16T09:14:24.363126000Z [DEBUG] DATA-001.h2::codec::framed_read: received frame=Data { stream_id: StreamId(1) }
2026-09-16T09:14:24.363128400Z [DEBUG] DATA-001.h2::codec::framed_read: received frame=Data { stream_id: StreamId(1) }
2026-09-16T09:14:24.363141500Z [DEBUG] DATA-001.h2::codec::framed_read: received frame=Data { stream_id: StreamId(1) }
2026-09-16T09:14:24.364569900Z [DEBUG] DATA-001.h2::codec::framed_read: received frame=Settings { flags: (0x1: ACK) }
2026-09-16T09:14:24.364589600Z [DEBUG] DATA-001.h2::proto::settings: received settings ACK; applying Settings { flags: (0x0), initial_window_size: 3461584 }
2026-09-16T09:14:24.364596700Z [DEBUG] DATA-001.h2::codec::framed_read: received frame=Data { stream_id: StreamId(1) }
2026-09-16T09:14:24.364626700Z [DEBUG] DATA-001.h2::codec::framed_read: received frame=Data { stream_id: StreamId(1) }
2026-09-16T09:14:24.364647300Z [DEBUG] DATA-001.h2::codec::framed_read: received frame=Data { stream_id: StreamId(1) }
2026-09-16T09:14:24.364655900Z [DEBUG] DATA-001.h2::codec::framed_read: received frame=Data { stream_id: StreamId(1) }
2026-09-16T09:14:24.364671200Z [DEBUG] DATA-001.h2::codec::framed_read: received frame=Data { stream_id: StreamId(1) }
2026-09-16T09:14:24.364774200Z [DEBUG] DATA-001.h2::codec::framed_read: received frame=Data { stream_id: StreamId(1) }
2026-09-16T09:14:24.364800100Z [DEBUG] DATA-001.h2::codec::framed_read: received frame=Data { stream_id: StreamId(1) }
2026-09-16T09:14:24.367278700Z [DEBUG] DATA-001.h2::codec::framed_read: received frame=Data { stream_id: StreamId(1) }
2026-09-16T09:14:24.367304500Z [DEBUG] DATA-001.h2::codec::framed_read: received frame=Data { stream_id: StreamId(1) }
2026-09-16T09:14:24.367356500Z [DEBUG] DATA-001.h2::codec::framed_read: received frame=Data { stream_id: StreamId(1) }
2026-09-16T09:14:24.367369700Z [DEBUG] DATA-001.h2::codec::framed_read: received frame=Data { stream_id: StreamId(1) }
2026-09-16T09:14:24.367447600Z [DEBUG] DATA-001.h2::codec::framed_read: received frame=Data { stream_id: StreamId(1) }
2026-09-16T09:14:24.367502800Z [DEBUG] DATA-001.h2::codec::framed_read: received frame=Data { stream_id: StreamId(1) }
2026-09-16T09:14:24.367508500Z [DEBUG] DATA-001.h2::codec::framed_read: received frame=Data { stream_id: StreamId(1) }
2026-09-16T09:14:24.369812600Z [DEBUG] DATA-001.h2::codec::framed_read: received frame=Data { stream_id: StreamId(1) }
2026-09-16T09:14:24.369830000Z [DEBUG] DATA-001.h2::codec::framed_read: received frame=Data { stream_id: StreamId(1) }
2026-09-16T09:14:24.369847100Z [DEBUG] DATA-001.h2::codec::framed_read: received frame=Data { stream_id: StreamId(1) }
2026-09-16T09:14:24.369849300Z [DEBUG] DATA-001.h2::codec::framed_read: received frame=Data { stream_id: StreamId(1) }
2026-09-16T09:14:24.371266000Z [DEBUG] DATA-001.h2::codec::framed_read: received frame=Data { stream_id: StreamId(1) }
2026-09-16T09:14:24.371283900Z [DEBUG] DATA-001.h2::codec::framed_read: received frame=Data { stream_id: StreamId(1) }
2026-09-16T09:14:24.371322000Z [DEBUG] DATA-001.h2::codec::framed_read: received frame=Data { stream_id: StreamId(1) }
2026-09-16T09:14:24.371327400Z [DEBUG] DATA-001.h2::codec::framed_read: received frame=Data { stream_id: StreamId(1) }
2026-09-16T09:14:24.371411800Z [DEBUG] DATA-001.h2::codec::framed_read: received frame=Data { stream_id: StreamId(1) }
2026-09-16T09:14:24.371423600Z [DEBUG] DATA-001.h2::codec::framed_read: received frame=Data { stream_id: StreamId(1) }
2026-09-16T09:14:24.371460200Z [DEBUG] DATA-001.h2::codec::framed_read: received frame=Data { stream_id: StreamId(1) }
2026-09-16T09:14:24.371462300Z [DEBUG] DATA-001.h2::codec::framed_read: received frame=Data { stream_id: StreamId(1) }
2026-09-16T09:14:24.374186100Z [DEBUG] DATA-001.h2::codec::framed_read: received frame=Data { stream_id: StreamId(1) }
2026-09-16T09:14:24.374204600Z [DEBUG] DATA-001.h2::codec::framed_read: received frame=Data { stream_id: StreamId(1) }
2026-09-16T09:14:24.374267700Z [DEBUG] DATA-001.h2::codec::framed_read: received frame=Data { stream_id: StreamId(1) }
2026-09-16T09:14:24.374365100Z [DEBUG] DATA-001.h2::codec::framed_read: received frame=Data { stream_id: StreamId(1) }
2026-09-16T09:14:24.374377700Z [DEBUG] DATA-001.h2::codec::framed_read: received frame=Data { stream_id: StreamId(1) }
2026-09-16T09:14:24.374393600Z [DEBUG] DATA-001.h2::codec::framed_read: received frame=Data { stream_id: StreamId(1) }
2026-09-16T09:14:24.374395200Z [DEBUG] DATA-001.h2::codec::framed_read: received frame=Data { stream_id: StreamId(1) }
2026-09-16T09:14:24.377050200Z [DEBUG] DATA-001.h2::codec::framed_read: received frame=Data { stream_id: StreamId(1) }
2026-09-16T09:14:24.377063600Z [DEBUG] DATA-001.h2::codec::framed_read: received frame=Data { stream_id: StreamId(1) }
2026-09-16T09:14:24.377255400Z [DEBUG] DATA-001.h2::codec::framed_read: received frame=Data { stream_id: StreamId(1) }
2026-09-16T09:14:24.377266800Z [DEBUG] DATA-001.h2::codec::framed_read: received frame=Data { stream_id: StreamId(1) }
2026-09-16T09:14:24.377283900Z [DEBUG] DATA-001.h2::codec::framed_read: received frame=Data { stream_id: StreamId(1) }
2026-09-16T09:14:24.377285900Z [DEBUG] DATA-001.h2::codec::framed_read: received frame=Data { stream_id: StreamId(1) }
2026-09-16T09:14:24.380340500Z [DEBUG] DATA-001.h2::codec::framed_read: received frame=Data { stream_id: StreamId(1) }
2026-09-16T09:14:24.380362400Z [DEBUG] DATA-001.h2::codec::framed_read: received frame=Data { stream_id: StreamId(1) }
2026-09-16T09:14:24.380381300Z [DEBUG] DATA-001.h2::codec::framed_read: received frame=Data { stream_id: StreamId(1) }
2026-09-16T09:14:24.380382900Z [DEBUG] DATA-001.h2::codec::framed_read: received frame=Data { stream_id: StreamId(1) }
2026-09-16T09:14:24.380516100Z [DEBUG] DATA-001.h2::codec::framed_read: received frame=Data { stream_id: StreamId(1) }
2026-09-16T09:14:24.380524300Z [DEBUG] DATA-001.h2::codec::framed_read: received frame=Data { stream_id: StreamId(1) }
2026-09-16T09:14:24.381454400Z [DEBUG] DATA-001.h2::codec::framed_read: received frame=Data { stream_id: StreamId(1) }
2026-09-16T09:14:24.381475600Z [DEBUG] DATA-001.h2::codec::framed_read: received frame=Data { stream_id: StreamId(1) }
2026-09-16T09:14:24.381493900Z [DEBUG] DATA-001.h2::codec::framed_read: received frame=Data { stream_id: StreamId(1) }
2026-09-16T09:14:24.381495500Z [DEBUG] DATA-001.h2::codec::framed_read: received frame=Data { stream_id: StreamId(1) }
2026-09-16T09:14:24.381533100Z [DEBUG] DATA-001.h2::codec::framed_read: received frame=Data { stream_id: StreamId(1) }
2026-09-16T09:14:24.381551400Z [DEBUG] DATA-001.h2::codec::framed_read: received frame=Data { stream_id: StreamId(1) }
2026-09-16T09:14:24.381596600Z [DEBUG] DATA-001.h2::codec::framed_read: received frame=Data { stream_id: StreamId(1) }
2026-09-16T09:14:24.381601900Z [DEBUG] DATA-001.h2::codec::framed_read: received frame=Data { stream_id: StreamId(1) }
2026-09-16T09:14:24.384482800Z [DEBUG] DATA-001.h2::codec::framed_read: received frame=Data { stream_id: StreamId(1) }
2026-09-16T09:14:24.384504900Z [DEBUG] DATA-001.h2::codec::framed_read: received frame=Data { stream_id: StreamId(1) }
2026-09-16T09:14:24.384727600Z [DEBUG] DATA-001.h2::codec::framed_read: received frame=Data { stream_id: StreamId(1) }
2026-09-16T09:14:24.384756600Z [DEBUG] DATA-001.h2::codec::framed_read: received frame=Data { stream_id: StreamId(1) }
2026-09-16T09:14:24.384789300Z [DEBUG] DATA-001.h2::codec::framed_read: received frame=Data { stream_id: StreamId(1) }
2026-09-16T09:14:24.384807500Z [DEBUG] DATA-001.h2::codec::framed_read: received frame=Data { stream_id: StreamId(1) }
2026-09-16T09:14:24.384815500Z [DEBUG] DATA-001.h2::codec::framed_read: received frame=Data { stream_id: StreamId(1) }
2026-09-16T09:14:24.385958700Z [DEBUG] DATA-001.h2::codec::framed_read: received frame=Data { stream_id: StreamId(1) }
2026-09-16T09:14:24.385996400Z [DEBUG] DATA-001.h2::codec::framed_read: received frame=Data { stream_id: StreamId(1) }
2026-09-16T09:14:24.386004800Z [DEBUG] DATA-001.h2::codec::framed_read: received frame=Data { stream_id: StreamId(1) }
2026-09-16T09:14:24.388795300Z [DEBUG] DATA-001.h2::codec::framed_read: received frame=Data { stream_id: StreamId(1) }
2026-09-16T09:14:24.388826500Z [DEBUG] DATA-001.h2::codec::framed_read: received frame=Data { stream_id: StreamId(1) }
2026-09-16T09:14:24.388829700Z [DEBUG] DATA-001.h2::codec::framed_read: received frame=Data { stream_id: StreamId(1) }
2026-09-16T09:14:24.388838700Z [DEBUG] DATA-001.h2::codec::framed_read: received frame=Data { stream_id: StreamId(1) }
2026-09-16T09:14:24.388913200Z [DEBUG] DATA-001.h2::codec::framed_read: received frame=Data { stream_id: StreamId(1) }
2026-09-16T09:14:24.388936900Z [DEBUG] DATA-001.h2::codec::framed_read: received frame=Data { stream_id: StreamId(1) }
2026-09-16T09:14:24.388964100Z [DEBUG] DATA-001.h2::codec::framed_read: received frame=Data { stream_id: StreamId(1) }
2026-09-16T09:14:24.388973000Z [DEBUG] DATA-001.h2::codec::framed_read: received frame=Data { stream_id: StreamId(1) }
2026-09-16T09:14:24.389086800Z [DEBUG] DATA-001.h2::codec::framed_write: send frame=WindowUpdate { stream_id: StreamId(1), size_increment: 1185230 }
2026-09-16T09:14:24.391123800Z [DEBUG] DATA-001.h2::codec::framed_read: received frame=Data { stream_id: StreamId(1) }
2026-09-16T09:14:24.391167600Z [DEBUG] DATA-001.h2::codec::framed_read: received frame=Data { stream_id: StreamId(1) }
2026-09-16T09:14:24.391263800Z [DEBUG] DATA-001.h2::codec::framed_read: received frame=Data { stream_id: StreamId(1) }
2026-09-16T09:14:24.391293800Z [DEBUG] DATA-001.h2::codec::framed_read: received frame=Data { stream_id: StreamId(1) }
2026-09-16T09:14:24.391319900Z [DEBUG] DATA-001.h2::codec::framed_read: received frame=Data { stream_id: StreamId(1) }
2026-09-16T09:14:24.391332800Z [DEBUG] DATA-001.h2::codec::framed_read: received frame=Data { stream_id: StreamId(1) }
2026-09-16T09:14:24.391396400Z [DEBUG] DATA-001.h2::codec::framed_read: received frame=Data { stream_id: StreamId(1) }
2026-09-16T09:14:24.391426100Z [DEBUG] DATA-001.h2::codec::framed_read: received frame=Data { stream_id: StreamId(1) }
2026-09-16T09:14:24.395831000Z [DEBUG] DATA-001.h2::codec::framed_read: received frame=Data { stream_id: StreamId(1) }
2026-09-16T09:14:24.395876200Z [DEBUG] DATA-001.h2::codec::framed_read: received frame=Data { stream_id: StreamId(1) }
2026-09-16T09:14:24.395878700Z [DEBUG] DATA-001.h2::codec::framed_read: received frame=Data { stream_id: StreamId(1) }
2026-09-16T09:14:24.395882200Z [DEBUG] DATA-001.h2::codec::framed_read: received frame=Data { stream_id: StreamId(1) }
2026-09-16T09:14:24.395987100Z [DEBUG] DATA-001.h2::codec::framed_read: received frame=Data { stream_id: StreamId(1) }
2026-09-16T09:14:24.396002400Z [DEBUG] DATA-001.h2::codec::framed_read: received frame=Data { stream_id: StreamId(1) }
2026-09-16T09:14:24.396016700Z [DEBUG] DATA-001.h2::codec::framed_read: received frame=Data { stream_id: StreamId(1) }
2026-09-16T09:14:24.396019000Z [DEBUG] DATA-001.h2::codec::framed_read: received frame=Data { stream_id: StreamId(1) }
2026-09-16T09:14:24.396161800Z [DEBUG] DATA-001.h2::codec::framed_read: received frame=Data { stream_id: StreamId(1) }
2026-09-16T09:14:24.396178300Z [DEBUG] DATA-001.h2::codec::framed_read: received frame=Data { stream_id: StreamId(1) }
2026-09-16T09:14:24.396198000Z [DEBUG] DATA-001.h2::codec::framed_read: received frame=Data { stream_id: StreamId(1) }
2026-09-16T09:14:24.396200100Z [DEBUG] DATA-001.h2::codec::framed_read: received frame=Data { stream_id: StreamId(1) }
2026-09-16T09:14:24.396208600Z [DEBUG] DATA-001.h2::codec::framed_read: received frame=Data { stream_id: StreamId(1) }
2026-09-16T09:14:24.396209700Z [DEBUG] DATA-001.h2::codec::framed_read: received frame=Data { stream_id: StreamId(1) }
2026-09-16T09:14:24.398660800Z [DEBUG] DATA-001.h2::codec::framed_read: received frame=Data { stream_id: StreamId(1) }
2026-09-16T09:14:24.398704200Z [DEBUG] DATA-001.h2::codec::framed_read: received frame=Data { stream_id: StreamId(1) }
2026-09-16T09:14:24.398717000Z [DEBUG] DATA-001.h2::codec::framed_read: received frame=Data { stream_id: StreamId(1) }
2026-09-16T09:14:24.398816000Z [DEBUG] DATA-001.h2::codec::framed_read: received frame=Data { stream_id: StreamId(1) }
2026-09-16T09:14:24.398844600Z [DEBUG] DATA-001.h2::codec::framed_read: received frame=Data { stream_id: StreamId(1) }
2026-09-16T09:14:24.401132600Z [DEBUG] DATA-001.h2::codec::framed_read: received frame=Data { stream_id: StreamId(1) }
2026-09-16T09:14:24.401158100Z [DEBUG] DATA-001.h2::codec::framed_read: received frame=Data { stream_id: StreamId(1) }
2026-09-16T09:14:24.401187700Z [DEBUG] DATA-001.h2::codec::framed_read: received frame=Data { stream_id: StreamId(1) }
2026-09-16T09:14:24.401194800Z [DEBUG] DATA-001.h2::codec::framed_read: received frame=Data { stream_id: StreamId(1) }
2026-09-16T09:14:24.401197500Z [DEBUG] DATA-001.h2::codec::framed_write: send frame=WindowUpdate { stream_id: StreamId(0), size_increment: 1147382 }
2026-09-16T09:14:24.401246700Z [DEBUG] DATA-001.h2::codec::framed_read: received frame=Data { stream_id: StreamId(1) }
2026-09-16T09:14:24.401259100Z [DEBUG] DATA-001.h2::codec::framed_read: received frame=Data { stream_id: StreamId(1) }
2026-09-16T09:14:24.401415900Z [DEBUG] DATA-001.h2::codec::framed_read: received frame=Data { stream_id: StreamId(1) }
2026-09-16T09:14:24.401467400Z [DEBUG] DATA-001.h2::codec::framed_read: received frame=Data { stream_id: StreamId(1) }
2026-09-16T09:14:24.401478200Z [DEBUG] DATA-001.h2::codec::framed_read: received frame=Data { stream_id: StreamId(1) }
2026-09-16T09:14:24.403389300Z [DEBUG] DATA-001.h2::codec::framed_read: received frame=Data { stream_id: StreamId(1) }
2026-09-16T09:14:24.403505200Z [DEBUG] DATA-001.h2::codec::framed_read: received frame=Data { stream_id: StreamId(1) }
2026-09-16T09:14:24.403533900Z [DEBUG] DATA-001.h2::codec::framed_read: received frame=Data { stream_id: StreamId(1) }
2026-09-16T09:14:24.403536500Z [DEBUG] DATA-001.h2::codec::framed_read: received frame=Data { stream_id: StreamId(1) }
2026-09-16T09:14:24.403548000Z [DEBUG] DATA-001.h2::codec::framed_read: received frame=Data { stream_id: StreamId(1) }
2026-09-16T09:14:24.405698600Z [DEBUG] DATA-001.h2::codec::framed_read: received frame=Data { stream_id: StreamId(1) }
2026-09-16T09:14:24.405729500Z [DEBUG] DATA-001.h2::codec::framed_read: received frame=Data { stream_id: StreamId(1) }
2026-09-16T09:14:24.405731100Z [DEBUG] DATA-001.h2::codec::framed_read: received frame=Data { stream_id: StreamId(1) }
2026-09-16T09:14:24.405765200Z [DEBUG] DATA-001.h2::codec::framed_read: received frame=Data { stream_id: StreamId(1) }
2026-09-16T09:14:24.405844800Z [DEBUG] DATA-001.h2::codec::framed_read: received frame=Data { stream_id: StreamId(1) }
2026-09-16T09:14:24.405856400Z [DEBUG] DATA-001.h2::codec::framed_read: received frame=Data { stream_id: StreamId(1) }
2026-09-16T09:14:24.405898700Z [DEBUG] DATA-001.h2::codec::framed_read: received frame=Data { stream_id: StreamId(1) }
2026-09-16T09:14:24.405905400Z [DEBUG] DATA-001.h2::codec::framed_read: received frame=Data { stream_id: StreamId(1) }
2026-09-16T09:14:24.406054900Z [DEBUG] DATA-001.h2::codec::framed_read: received frame=Data { stream_id: StreamId(1) }
2026-09-16T09:14:24.406063600Z [DEBUG] DATA-001.h2::codec::framed_read: received frame=Data { stream_id: StreamId(1) }
2026-09-16T09:14:24.406066800Z [DEBUG] DATA-001.h2::codec::framed_read: received frame=Data { stream_id: StreamId(1) }
2026-09-16T09:14:24.408857100Z [DEBUG] DATA-001.h2::codec::framed_read: received frame=Data { stream_id: StreamId(1) }
2026-09-16T09:14:24.408891100Z [DEBUG] DATA-001.h2::codec::framed_read: received frame=Data { stream_id: StreamId(1) }
2026-09-16T09:14:24.408897400Z [DEBUG] DATA-001.h2::codec::framed_read: received frame=Data { stream_id: StreamId(1) }
2026-09-16T09:14:24.412061000Z [DEBUG] DATA-001.h2::codec::framed_read: received frame=Data { stream_id: StreamId(1) }
2026-09-16T09:14:24.412094000Z [DEBUG] DATA-001.h2::codec::framed_read: received frame=Data { stream_id: StreamId(1) }
2026-09-16T09:14:24.412103800Z [DEBUG] DATA-001.h2::codec::framed_read: received frame=Data { stream_id: StreamId(1) }
2026-09-16T09:14:24.412182100Z [DEBUG] DATA-001.h2::codec::framed_read: received frame=Data { stream_id: StreamId(1) }
2026-09-16T09:14:24.412202000Z [DEBUG] DATA-001.h2::codec::framed_read: received frame=Data { stream_id: StreamId(1) }
2026-09-16T09:14:24.412203500Z [DEBUG] DATA-001.h2::codec::framed_read: received frame=Data { stream_id: StreamId(1) }
2026-09-16T09:14:24.412230000Z [DEBUG] DATA-001.h2::codec::framed_read: received frame=Data { stream_id: StreamId(1) }
2026-09-16T09:14:24.412318900Z [DEBUG] DATA-001.h2::codec::framed_read: received frame=Data { stream_id: StreamId(1) }
2026-09-16T09:14:24.412335200Z [DEBUG] DATA-001.h2::codec::framed_read: received frame=Data { stream_id: StreamId(1) }
2026-09-16T09:14:24.413224900Z [DEBUG] DATA-001.h2::codec::framed_read: received frame=Data { stream_id: StreamId(1) }
2026-09-16T09:14:24.413241300Z [DEBUG] DATA-001.h2::codec::framed_read: received frame=Data { stream_id: StreamId(1) }
2026-09-16T09:14:24.413257700Z [DEBUG] DATA-001.h2::codec::framed_read: received frame=Data { stream_id: StreamId(1) }
2026-09-16T09:14:24.413259400Z [DEBUG] DATA-001.h2::codec::framed_read: received frame=Data { stream_id: StreamId(1) }
2026-09-16T09:14:24.413267800Z [DEBUG] DATA-001.h2::codec::framed_read: received frame=Data { stream_id: StreamId(1) }
2026-09-16T09:14:24.413401200Z [DEBUG] DATA-001.h2::codec::framed_read: received frame=Data { stream_id: StreamId(1) }
2026-09-16T09:14:24.415491900Z [DEBUG] DATA-001.h2::codec::framed_read: received frame=Data { stream_id: StreamId(1) }
2026-09-16T09:14:24.415512800Z [DEBUG] DATA-001.h2::codec::framed_read: received frame=Data { stream_id: StreamId(1) }
2026-09-16T09:14:24.415530000Z [DEBUG] DATA-001.h2::codec::framed_read: received frame=Data { stream_id: StreamId(1) }
2026-09-16T09:14:24.415532000Z [DEBUG] DATA-001.h2::codec::framed_read: received frame=Data { stream_id: StreamId(1) }
2026-09-16T09:14:24.418987400Z [DEBUG] DATA-001.h2::codec::framed_read: received frame=Data { stream_id: StreamId(1) }
2026-09-16T09:14:24.419008100Z [DEBUG] DATA-001.h2::codec::framed_read: received frame=Data { stream_id: StreamId(1) }
2026-09-16T09:14:24.419025900Z [DEBUG] DATA-001.h2::codec::framed_read: received frame=Data { stream_id: StreamId(1) }
2026-09-16T09:14:24.419028300Z [DEBUG] DATA-001.h2::codec::framed_read: received frame=Data { stream_id: StreamId(1) }
2026-09-16T09:14:24.419116300Z [DEBUG] DATA-001.h2::codec::framed_read: received frame=Data { stream_id: StreamId(1) }
2026-09-16T09:14:24.419130800Z [DEBUG] DATA-001.h2::codec::framed_read: received frame=Data { stream_id: StreamId(1) }
2026-09-16T09:14:24.419170400Z [DEBUG] DATA-001.h2::codec::framed_read: received frame=Data { stream_id: StreamId(1) }
2026-09-16T09:14:24.419175900Z [DEBUG] DATA-001.h2::codec::framed_read: received frame=Data { stream_id: StreamId(1) }
2026-09-16T09:14:24.419265500Z [DEBUG] DATA-001.h2::codec::framed_read: received frame=Data { stream_id: StreamId(1) }
2026-09-16T09:14:24.419277400Z [DEBUG] DATA-001.h2::codec::framed_read: received frame=Data { stream_id: StreamId(1) }
2026-09-16T09:14:24.419294300Z [DEBUG] DATA-001.h2::codec::framed_read: received frame=Data { stream_id: StreamId(1) }
2026-09-16T09:14:24.419295700Z [DEBUG] DATA-001.h2::codec::framed_read: received frame=Ping { ack: true, payload: [59, 124, 219, 122, 11, 135, 22, 180] }
2026-09-16T09:14:24.419301200Z [DEBUG] DATA-001.h2::codec::framed_read: received frame=Data { stream_id: StreamId(1) }
2026-09-16T09:14:24.419310100Z [DEBUG] DATA-001.h2::codec::framed_read: received frame=Data { stream_id: StreamId(1) }
2026-09-16T09:14:24.419322200Z [DEBUG] DATA-001.h2::codec::framed_write: send frame=Settings { flags: (0x0), initial_window_size: 5437272 }
2026-09-16T09:14:24.419327600Z [DEBUG] DATA-001.h2::codec::framed_write: send frame=WindowUpdate { stream_id: StreamId(0), size_increment: 2443690 }
2026-09-16T09:14:24.421166200Z [DEBUG] DATA-001.h2::codec::framed_read: received frame=Data { stream_id: StreamId(1) }
2026-09-16T09:14:24.421199700Z [DEBUG] DATA-001.h2::codec::framed_read: received frame=Data { stream_id: StreamId(1) }
2026-09-16T09:14:24.421203100Z [DEBUG] DATA-001.h2::codec::framed_read: received frame=Data { stream_id: StreamId(1) }
2026-09-16T09:14:24.421211300Z [DEBUG] DATA-001.h2::codec::framed_read: received frame=Data { stream_id: StreamId(1) }
2026-09-16T09:14:24.421509000Z [DEBUG] DATA-001.h2::codec::framed_write: send frame=Ping { ack: false, payload: [59, 124, 219, 122, 11, 135, 22, 180] }
2026-09-16T09:14:24.421525000Z [DEBUG] DATA-001.h2::codec::framed_read: received frame=Data { stream_id: StreamId(1) }
2026-09-16T09:14:24.421538800Z [DEBUG] DATA-001.h2::codec::framed_read: received frame=Data { stream_id: StreamId(1) }
2026-09-16T09:14:24.423140500Z [DEBUG] DATA-001.h2::codec::framed_read: received frame=Data { stream_id: StreamId(1) }
2026-09-16T09:14:24.423178300Z [DEBUG] DATA-001.h2::codec::framed_read: received frame=Data { stream_id: StreamId(1) }
2026-09-16T09:14:24.423180600Z [DEBUG] DATA-001.h2::codec::framed_read: received frame=Data { stream_id: StreamId(1) }
2026-09-16T09:14:24.423181900Z [DEBUG] DATA-001.h2::codec::framed_read: received frame=Data { stream_id: StreamId(1) }
2026-09-16T09:14:24.423183400Z [DEBUG] DATA-001.h2::codec::framed_read: received frame=Data { stream_id: StreamId(1) }
2026-09-16T09:14:24.423364600Z [DEBUG] DATA-001.h2::codec::framed_read: received frame=Data { stream_id: StreamId(1) }
2026-09-16T09:14:24.423378000Z [DEBUG] DATA-001.h2::codec::framed_read: received frame=Data { stream_id: StreamId(1) }
2026-09-16T09:14:24.425690300Z [DEBUG] DATA-001.h2::codec::framed_read: received frame=Data { stream_id: StreamId(1) }
2026-09-16T09:14:24.425704300Z [DEBUG] DATA-001.h2::codec::framed_read: received frame=Data { stream_id: StreamId(1) }
2026-09-16T09:14:24.425718700Z [DEBUG] DATA-001.h2::codec::framed_read: received frame=Data { stream_id: StreamId(1) }
2026-09-16T09:14:24.425727700Z [DEBUG] DATA-001.h2::codec::framed_read: received frame=Data { stream_id: StreamId(1) }
2026-09-16T09:14:24.425796700Z [DEBUG] DATA-001.h2::codec::framed_read: received frame=Data { stream_id: StreamId(1) }
2026-09-16T09:14:24.425812600Z [DEBUG] DATA-001.h2::codec::framed_read: received frame=Data { stream_id: StreamId(1) }
2026-09-16T09:14:24.428328700Z [DEBUG] DATA-001.h2::codec::framed_read: received frame=Data { stream_id: StreamId(1) }
2026-09-16T09:14:24.428357200Z [DEBUG] DATA-001.h2::codec::framed_read: received frame=Data { stream_id: StreamId(1) }
2026-09-16T09:14:24.428394100Z [DEBUG] DATA-001.h2::codec::framed_read: received frame=Data { stream_id: StreamId(1) }
2026-09-16T09:14:24.428399200Z [DEBUG] DATA-001.h2::codec::framed_read: received frame=Data { stream_id: StreamId(1) }
2026-09-16T09:14:24.428598700Z [DEBUG] DATA-001.h2::codec::framed_read: received frame=Data { stream_id: StreamId(1) }
2026-09-16T09:14:24.428623700Z [DEBUG] DATA-001.h2::codec::framed_read: received frame=Data { stream_id: StreamId(1) }
2026-09-16T09:14:24.428650700Z [DEBUG] DATA-001.h2::codec::framed_read: received frame=Data { stream_id: StreamId(1) }
2026-09-16T09:14:24.430984800Z [DEBUG] DATA-001.h2::codec::framed_read: received frame=Data { stream_id: StreamId(1) }
2026-09-16T09:14:24.431021000Z [DEBUG] DATA-001.h2::codec::framed_read: received frame=Data { stream_id: StreamId(1) }
2026-09-16T09:14:24.431041000Z [DEBUG] DATA-001.h2::codec::framed_read: received frame=Data { stream_id: StreamId(1) }
2026-09-16T09:14:24.431044100Z [DEBUG] DATA-001.h2::codec::framed_read: received frame=Data { stream_id: StreamId(1) }
2026-09-16T09:14:24.431063400Z [DEBUG] DATA-001.h2::codec::framed_read: received frame=Data { stream_id: StreamId(1) }
2026-09-16T09:14:24.431069800Z [DEBUG] DATA-001.h2::codec::framed_read: received frame=Data { stream_id: StreamId(1) }
2026-09-16T09:14:24.431071400Z [DEBUG] DATA-001.h2::codec::framed_read: received frame=Data { stream_id: StreamId(1) }
2026-09-16T09:14:24.431124500Z [DEBUG] DATA-001.h2::codec::framed_read: received frame=Data { stream_id: StreamId(1) }
2026-09-16T09:14:24.431131400Z [DEBUG] DATA-001.h2::codec::framed_read: received frame=Data { stream_id: StreamId(1) }
2026-09-16T09:14:24.433177700Z [DEBUG] DATA-001.h2::codec::framed_read: received frame=Data { stream_id: StreamId(1) }
2026-09-16T09:14:24.433200800Z [DEBUG] DATA-001.h2::codec::framed_read: received frame=Data { stream_id: StreamId(1) }
2026-09-16T09:14:24.433222100Z [DEBUG] DATA-001.h2::codec::framed_read: received frame=Data { stream_id: StreamId(1) }
2026-09-16T09:14:24.433223700Z [DEBUG] DATA-001.h2::codec::framed_read: received frame=Data { stream_id: StreamId(1) }
2026-09-16T09:14:24.433264900Z [DEBUG] DATA-001.h2::codec::framed_read: received frame=Data { stream_id: StreamId(1) }
2026-09-16T09:14:24.433270600Z [DEBUG] DATA-001.h2::codec::framed_read: received frame=Data { stream_id: StreamId(1) }
2026-09-16T09:14:24.435535000Z [DEBUG] DATA-001.h2::codec::framed_read: received frame=Data { stream_id: StreamId(1) }
2026-09-16T09:14:24.435556100Z [DEBUG] DATA-001.h2::codec::framed_read: received frame=Data { stream_id: StreamId(1) }
2026-09-16T09:14:24.435571100Z [DEBUG] DATA-001.h2::codec::framed_read: received frame=Data { stream_id: StreamId(1) }
2026-09-16T09:14:24.435572600Z [DEBUG] DATA-001.h2::codec::framed_read: received frame=Data { stream_id: StreamId(1) }
2026-09-16T09:14:24.440134400Z [DEBUG] DATA-001.h2::codec::framed_read: received frame=Data { stream_id: StreamId(1) }
2026-09-16T09:14:24.440155400Z [DEBUG] DATA-001.h2::codec::framed_read: received frame=Data { stream_id: StreamId(1) }
2026-09-16T09:14:24.440191500Z [DEBUG] DATA-001.h2::codec::framed_read: received frame=Data { stream_id: StreamId(1) }
2026-09-16T09:14:24.440193500Z [DEBUG] DATA-001.h2::codec::framed_read: received frame=Data { stream_id: StreamId(1) }
2026-09-16T09:14:24.440247700Z [DEBUG] DATA-001.h2::codec::framed_read: received frame=Data { stream_id: StreamId(1) }
2026-09-16T09:14:24.440254200Z [DEBUG] DATA-001.h2::codec::framed_read: received frame=Data { stream_id: StreamId(1) }
2026-09-16T09:14:24.440525100Z [DEBUG] DATA-001.h2::codec::framed_read: received frame=Data { stream_id: StreamId(1) }
2026-09-16T09:14:24.440535700Z [DEBUG] DATA-001.h2::codec::framed_read: received frame=Data { stream_id: StreamId(1) }
2026-09-16T09:14:24.440610500Z [DEBUG] DATA-001.h2::codec::framed_read: received frame=Data { stream_id: StreamId(1) }
2026-09-16T09:14:24.440629200Z [DEBUG] DATA-001.h2::codec::framed_read: received frame=Data { stream_id: StreamId(1) }
2026-09-16T09:14:24.440647900Z [DEBUG] DATA-001.h2::codec::framed_read: received frame=Data { stream_id: StreamId(1) }
2026-09-16T09:14:24.440653500Z [DEBUG] DATA-001.h2::codec::framed_read: received frame=Data { stream_id: StreamId(1) }
2026-09-16T09:14:24.440704600Z [DEBUG] DATA-001.h2::codec::framed_read: received frame=Data { stream_id: StreamId(1) }
2026-09-16T09:14:24.440711700Z [DEBUG] DATA-001.h2::codec::framed_read: received frame=Data { stream_id: StreamId(1) }
2026-09-16T09:14:24.443151400Z [DEBUG] DATA-001.h2::codec::framed_read: received frame=Data { stream_id: StreamId(1) }
2026-09-16T09:14:24.443172100Z [DEBUG] DATA-001.h2::codec::framed_read: received frame=Data { stream_id: StreamId(1) }
2026-09-16T09:14:24.443189800Z [DEBUG] DATA-001.h2::codec::framed_read: received frame=Data { stream_id: StreamId(1) }
2026-09-16T09:14:24.443191400Z [DEBUG] DATA-001.h2::codec::framed_read: received frame=Data { stream_id: StreamId(1) }
2026-09-16T09:14:24.443200500Z [DEBUG] DATA-001.h2::codec::framed_read: received frame=Data { stream_id: StreamId(1) }
2026-09-16T09:14:24.443274100Z [DEBUG] DATA-001.h2::codec::framed_read: received frame=Data { stream_id: StreamId(1) }
2026-09-16T09:14:24.443305000Z [DEBUG] DATA-001.h2::codec::framed_read: received frame=Data { stream_id: StreamId(1) }
2026-09-16T09:14:24.443307500Z [DEBUG] DATA-001.h2::codec::framed_read: received frame=Data { stream_id: StreamId(1) }
2026-09-16T09:14:24.443455700Z [DEBUG] DATA-001.h2::codec::framed_write: send frame=WindowUpdate { stream_id: StreamId(1), size_increment: 1218474 }
2026-09-16T09:14:24.446451700Z [DEBUG] DATA-001.h2::codec::framed_read: received frame=Data { stream_id: StreamId(1) }
2026-09-16T09:14:24.446485800Z [DEBUG] DATA-001.h2::codec::framed_read: received frame=Data { stream_id: StreamId(1) }
2026-09-16T09:14:24.446512400Z [DEBUG] DATA-001.h2::codec::framed_read: received frame=Data { stream_id: StreamId(1) }
2026-09-16T09:14:24.446515000Z [DEBUG] DATA-001.h2::codec::framed_read: received frame=Data { stream_id: StreamId(1) }
2026-09-16T09:14:24.447609400Z [DEBUG] DATA-001.h2::codec::framed_read: received frame=Data { stream_id: StreamId(1) }
2026-09-16T09:14:24.447632100Z [DEBUG] DATA-001.h2::codec::framed_read: received frame=Data { stream_id: StreamId(1) }
2026-09-16T09:14:24.447650200Z [DEBUG] DATA-001.h2::codec::framed_read: received frame=Data { stream_id: StreamId(1) }
2026-09-16T09:14:24.447651700Z [DEBUG] DATA-001.h2::codec::framed_read: received frame=Data { stream_id: StreamId(1) }
2026-09-16T09:14:24.447798300Z [DEBUG] DATA-001.h2::codec::framed_read: received frame=Data { stream_id: StreamId(1) }
2026-09-16T09:14:24.447811000Z [DEBUG] DATA-001.h2::codec::framed_read: received frame=Data { stream_id: StreamId(1) }
2026-09-16T09:14:24.447824700Z [DEBUG] DATA-001.h2::codec::framed_read: received frame=Data { stream_id: StreamId(1) }
2026-09-16T09:14:24.447825800Z [DEBUG] DATA-001.h2::codec::framed_read: received frame=Data { stream_id: StreamId(1) }
2026-09-16T09:14:24.450070400Z [DEBUG] DATA-001.h2::codec::framed_read: received frame=Data { stream_id: StreamId(1) }
2026-09-16T09:14:24.450099800Z [DEBUG] DATA-001.h2::codec::framed_read: received frame=Data { stream_id: StreamId(1) }
2026-09-16T09:14:24.450106400Z [DEBUG] DATA-001.h2::codec::framed_read: received frame=Data { stream_id: StreamId(1) }
2026-09-16T09:14:24.450107600Z [DEBUG] DATA-001.h2::codec::framed_read: received frame=Data { stream_id: StreamId(1) }
2026-09-16T09:14:24.511269900Z [DEBUG] DATA-001.h2::codec::framed_read: received frame=Ping { ack: true, payload: [59, 124, 219, 122, 11, 135, 22, 180] }
2026-09-16T09:14:24.544908900Z [DEBUG] DATA-001.h2::codec::framed_read: received frame=Data { stream_id: StreamId(3) }
2026-09-16T09:14:24.544972100Z [DEBUG] DATA-001.h2::codec::framed_read: received frame=Data { stream_id: StreamId(3) }
2026-09-16T09:14:24.544974800Z [DEBUG] DATA-001.h2::codec::framed_read: received frame=Data { stream_id: StreamId(3) }
2026-09-16T09:14:24.544977800Z [DEBUG] DATA-001.h2::codec::framed_read: received frame=Data { stream_id: StreamId(3) }
2026-09-16T09:14:24.545384400Z [DEBUG] DATA-001.h2::codec::framed_write: send frame=WindowUpdate { stream_id: StreamId(3), size_increment: 236270 }
2026-09-16T09:14:24.560805800Z [DEBUG] DATA-001.h2::codec::framed_read: received frame=Data { stream_id: StreamId(3) }
2026-09-16T09:14:24.560836000Z [DEBUG] DATA-001.h2::codec::framed_read: received frame=Data { stream_id: StreamId(3) }
2026-09-16T09:14:24.560886200Z [DEBUG] DATA-001.h2::codec::framed_read: received frame=Data { stream_id: StreamId(3) }
2026-09-16T09:14:24.560892800Z [DEBUG] DATA-001.h2::codec::framed_read: received frame=Data { stream_id: StreamId(3) }
2026-09-16T09:14:24.560895500Z [DEBUG] DATA-001.h2::codec::framed_read: received frame=Data { stream_id: StreamId(3) }
2026-09-16T09:14:24.560942600Z [DEBUG] DATA-001.h2::codec::framed_read: received frame=Data { stream_id: StreamId(3) }
2026-09-16T09:14:24.560949300Z [DEBUG] DATA-001.h2::codec::framed_read: received frame=Data { stream_id: StreamId(3) }
2026-09-16T09:14:24.561120800Z [DEBUG] DATA-001.h2::codec::framed_read: received frame=Data { stream_id: StreamId(3) }
2026-09-16T09:14:24.561188700Z [DEBUG] DATA-001.h2::codec::framed_read: received frame=Data { stream_id: StreamId(3) }
2026-09-16T09:14:24.561194000Z [DEBUG] DATA-001.h2::codec::framed_read: received frame=Data { stream_id: StreamId(3) }
2026-09-16T09:14:24.561204800Z [DEBUG] DATA-001.h2::codec::framed_read: received frame=Data { stream_id: StreamId(3) }
2026-09-16T09:14:24.561300700Z [DEBUG] DATA-001.h2::codec::framed_read: received frame=Data { stream_id: StreamId(1) }
2026-09-16T09:14:24.561363500Z [DEBUG] DATA-001.h2::codec::framed_read: received frame=Data { stream_id: StreamId(1) }
2026-09-16T09:14:24.561381100Z [DEBUG] DATA-001.h2::codec::framed_read: received frame=Data { stream_id: StreamId(1) }
2026-09-16T09:14:24.561461200Z [DEBUG] DATA-001.h2::codec::framed_read: received frame=Data { stream_id: StreamId(1) }
2026-09-16T09:14:24.561493200Z [DEBUG] DATA-001.h2::codec::framed_read: received frame=Data { stream_id: StreamId(1) }
2026-09-16T09:14:24.561501900Z [DEBUG] DATA-001.h2::codec::framed_read: received frame=Data { stream_id: StreamId(1) }
2026-09-16T09:14:24.561509400Z [DEBUG] DATA-001.h2::codec::framed_read: received frame=Data { stream_id: StreamId(1) }
2026-09-16T09:14:24.561540400Z [DEBUG] DATA-001.h2::codec::framed_read: received frame=Data { stream_id: StreamId(1) }
2026-09-16T09:14:24.561551700Z [DEBUG] DATA-001.h2::codec::framed_read: received frame=Data { stream_id: StreamId(1) }
2026-09-16T09:14:24.561573700Z [DEBUG] DATA-001.h2::codec::framed_read: received frame=Data { stream_id: StreamId(1) }
2026-09-16T09:14:24.561580000Z [DEBUG] DATA-001.h2::codec::framed_read: received frame=Data { stream_id: StreamId(1) }
2026-09-16T09:14:24.566085200Z [DEBUG] DATA-001.h2::codec::framed_read: received frame=Data { stream_id: StreamId(1) }
2026-09-16T09:14:24.566133000Z [DEBUG] DATA-001.h2::codec::framed_read: received frame=Data { stream_id: StreamId(1) }
2026-09-16T09:14:24.576152800Z [DEBUG] DATA-001.h2::codec::framed_read: received frame=Data { stream_id: StreamId(1) }
2026-09-16T09:14:24.576210400Z [DEBUG] DATA-001.h2::codec::framed_read: received frame=Data { stream_id: StreamId(1) }
2026-09-16T09:14:24.576214800Z [DEBUG] DATA-001.h2::codec::framed_read: received frame=Data { stream_id: StreamId(1) }
2026-09-16T09:14:24.576231700Z [DEBUG] DATA-001.h2::codec::framed_read: received frame=Data { stream_id: StreamId(1) }
2026-09-16T09:14:24.576233900Z [DEBUG] DATA-001.h2::codec::framed_read: received frame=Data { stream_id: StreamId(1) }
2026-09-16T09:14:24.576244500Z [DEBUG] DATA-001.h2::codec::framed_read: received frame=Data { stream_id: StreamId(1) }
2026-09-16T09:14:24.576339400Z [DEBUG] DATA-001.h2::codec::framed_read: received frame=Data { stream_id: StreamId(1) }
2026-09-16T09:14:24.576367000Z [DEBUG] DATA-001.h2::codec::framed_read: received frame=Data { stream_id: StreamId(1) }
2026-09-16T09:14:24.580118700Z [DEBUG] DATA-001.h2::codec::framed_read: received frame=Data { stream_id: StreamId(1) }
2026-09-16T09:14:24.580177000Z [DEBUG] DATA-001.h2::codec::framed_read: received frame=Data { stream_id: StreamId(1) }
2026-09-16T09:14:24.580188400Z [DEBUG] DATA-001.h2::codec::framed_read: received frame=Data { stream_id: StreamId(1) }
2026-09-16T09:14:24.580212800Z [DEBUG] DATA-001.h2::codec::framed_read: received frame=Data { stream_id: StreamId(1) }
2026-09-16T09:14:24.580216500Z [DEBUG] DATA-001.h2::codec::framed_read: received frame=Data { stream_id: StreamId(1) }
2026-09-16T09:14:24.580220600Z [DEBUG] DATA-001.h2::codec::framed_read: received frame=Data { stream_id: StreamId(1) }
2026-09-16T09:14:24.580222900Z [DEBUG] DATA-001.h2::codec::framed_read: received frame=Data { stream_id: StreamId(1) }
2026-09-16T09:14:24.580245000Z [DEBUG] DATA-001.h2::codec::framed_read: received frame=Data { stream_id: StreamId(1) }
2026-09-16T09:14:24.580253000Z [DEBUG] DATA-001.h2::codec::framed_read: received frame=Data { stream_id: StreamId(1) }
2026-09-16T09:14:24.580337000Z [DEBUG] DATA-001.h2::codec::framed_read: received frame=Data { stream_id: StreamId(1) }
2026-09-16T09:14:24.580350000Z [DEBUG] DATA-001.h2::codec::framed_read: received frame=Data { stream_id: StreamId(1) }
2026-09-16T09:14:24.580394800Z [DEBUG] DATA-001.h2::codec::framed_read: received frame=Data { stream_id: StreamId(1) }
2026-09-16T09:14:24.580403200Z [DEBUG] DATA-001.h2::codec::framed_read: received frame=Data { stream_id: StreamId(1) }
2026-09-16T09:14:24.580481700Z [DEBUG] DATA-001.h2::codec::framed_read: received frame=Data { stream_id: StreamId(1) }
2026-09-16T09:14:24.580484600Z [DEBUG] DATA-001.h2::codec::framed_read: received frame=Data { stream_id: StreamId(1) }
2026-09-16T09:14:24.580557900Z [DEBUG] DATA-001.h2::codec::framed_read: received frame=Data { stream_id: StreamId(1) }
2026-09-16T09:14:24.580564800Z [DEBUG] DATA-001.h2::codec::framed_read: received frame=Data { stream_id: StreamId(1) }
2026-09-16T09:14:24.580673000Z [DEBUG] DATA-001.h2::codec::framed_read: received frame=Data { stream_id: StreamId(1) }
2026-09-16T09:14:24.580685200Z [DEBUG] DATA-001.h2::codec::framed_read: received frame=Data { stream_id: StreamId(1) }
2026-09-16T09:14:24.580731900Z [DEBUG] DATA-001.h2::codec::framed_read: received frame=Data { stream_id: StreamId(1) }
2026-09-16T09:14:24.580737300Z [DEBUG] DATA-001.h2::codec::framed_read: received frame=Data { stream_id: StreamId(1) }
2026-09-16T09:14:24.581037300Z [DEBUG] DATA-001.h2::codec::framed_read: received frame=Data { stream_id: StreamId(3) }
2026-09-16T09:14:24.581052800Z [DEBUG] DATA-001.h2::codec::framed_read: received frame=Data { stream_id: StreamId(3) }
2026-09-16T09:14:24.581106500Z [DEBUG] DATA-001.h2::codec::framed_read: received frame=Data { stream_id: StreamId(3) }
2026-09-16T09:14:24.581113600Z [DEBUG] DATA-001.h2::codec::framed_read: received frame=Data { stream_id: StreamId(3) }
2026-09-16T09:14:24.581187400Z [DEBUG] DATA-001.h2::codec::framed_read: received frame=Data { stream_id: StreamId(3) }
2026-09-16T09:14:24.581197600Z [DEBUG] DATA-001.h2::codec::framed_read: received frame=Data { stream_id: StreamId(3) }
2026-09-16T09:14:24.581537800Z [DEBUG] DATA-001.h2::codec::framed_read: received frame=Data { stream_id: StreamId(1) }
2026-09-16T09:14:24.581556000Z [DEBUG] DATA-001.h2::codec::framed_read: received frame=Data { stream_id: StreamId(1) }
2026-09-16T09:14:24.581571300Z [DEBUG] DATA-001.h2::codec::framed_read: received frame=Data { stream_id: StreamId(1) }
2026-09-16T09:14:24.581575900Z [DEBUG] DATA-001.h2::codec::framed_read: received frame=Data { stream_id: StreamId(1) }
2026-09-16T09:14:24.581689800Z [DEBUG] DATA-001.h2::codec::framed_read: received frame=Data { stream_id: StreamId(1) }
2026-09-16T09:14:24.581695700Z [DEBUG] DATA-001.h2::codec::framed_read: received frame=Data { stream_id: StreamId(1) }
2026-09-16T09:14:24.581754800Z [DEBUG] DATA-001.h2::codec::framed_read: received frame=Data { stream_id: StreamId(1) }
2026-09-16T09:14:24.581762400Z [DEBUG] DATA-001.h2::codec::framed_read: received frame=Data { stream_id: StreamId(1) }
2026-09-16T09:14:24.581847400Z [DEBUG] DATA-001.h2::codec::framed_read: received frame=Data { stream_id: StreamId(1) }
2026-09-16T09:14:24.581864100Z [DEBUG] DATA-001.h2::codec::framed_read: received frame=Data { stream_id: StreamId(1) }
2026-09-16T09:14:24.581881800Z [DEBUG] DATA-001.h2::codec::framed_read: received frame=Data { stream_id: StreamId(1) }
2026-09-16T09:14:24.581888500Z [DEBUG] DATA-001.h2::codec::framed_read: received frame=Data { stream_id: StreamId(1) }
2026-09-16T09:14:24.581957500Z [DEBUG] DATA-001.h2::codec::framed_read: received frame=Data { stream_id: StreamId(1) }
2026-09-16T09:14:24.581964600Z [DEBUG] DATA-001.h2::codec::framed_read: received frame=Data { stream_id: StreamId(1) }
2026-09-16T09:14:24.582022800Z [DEBUG] DATA-001.h2::codec::framed_read: received frame=Data { stream_id: StreamId(1) }
2026-09-16T09:14:24.582033800Z [DEBUG] DATA-001.h2::codec::framed_read: received frame=Data { stream_id: StreamId(1) }
2026-09-16T09:14:24.582145100Z [DEBUG] DATA-001.h2::codec::framed_read: received frame=Data { stream_id: StreamId(1) }
2026-09-16T09:14:24.582158100Z [DEBUG] DATA-001.h2::codec::framed_read: received frame=Data { stream_id: StreamId(1) }
2026-09-16T09:14:24.582172600Z [DEBUG] DATA-001.h2::codec::framed_read: received frame=Data { stream_id: StreamId(1) }
2026-09-16T09:14:24.582204800Z [DEBUG] DATA-001.h2::codec::framed_read: received frame=Data { stream_id: StreamId(1) }
2026-09-16T09:14:24.582281200Z [DEBUG] DATA-001.h2::codec::framed_read: received frame=Data { stream_id: StreamId(1) }
2026-09-16T09:14:24.582295200Z [DEBUG] DATA-001.h2::codec::framed_read: received frame=Data { stream_id: StreamId(1) }
2026-09-16T09:14:24.582309600Z [DEBUG] DATA-001.h2::codec::framed_read: received frame=Data { stream_id: StreamId(1) }
2026-09-16T09:14:24.582314900Z [DEBUG] DATA-001.h2::codec::framed_read: received frame=Data { stream_id: StreamId(1) }
2026-09-16T09:14:24.582415300Z [DEBUG] DATA-001.h2::codec::framed_read: received frame=Data { stream_id: StreamId(1) }
2026-09-16T09:14:24.582430100Z [DEBUG] DATA-001.h2::codec::framed_read: received frame=Data { stream_id: StreamId(1) }
2026-09-16T09:14:24.582464400Z [DEBUG] DATA-001.h2::codec::framed_read: received frame=Data { stream_id: StreamId(1) }
2026-09-16T09:14:24.582470800Z [DEBUG] DATA-001.h2::codec::framed_read: received frame=Data { stream_id: StreamId(1) }
2026-09-16T09:14:24.582570900Z [DEBUG] DATA-001.h2::codec::framed_read: received frame=Data { stream_id: StreamId(1) }
2026-09-16T09:14:24.582580400Z [DEBUG] DATA-001.h2::codec::framed_read: received frame=Data { stream_id: StreamId(1) }
2026-09-16T09:14:24.582663200Z [DEBUG] DATA-001.h2::codec::framed_read: received frame=Data { stream_id: StreamId(1) }
2026-09-16T09:14:24.582678600Z [DEBUG] DATA-001.h2::codec::framed_read: received frame=Data { stream_id: StreamId(1) }
2026-09-16T09:14:24.582730400Z [DEBUG] DATA-001.h2::codec::framed_read: received frame=Data { stream_id: StreamId(3) }
2026-09-16T09:14:24.582739100Z [DEBUG] DATA-001.h2::codec::framed_read: received frame=Data { stream_id: StreamId(3) }
2026-09-16T09:14:24.582825200Z [DEBUG] DATA-001.h2::codec::framed_read: received frame=Data { stream_id: StreamId(3) }
2026-09-16T09:14:24.582847400Z [DEBUG] DATA-001.h2::codec::framed_read: received frame=Data { stream_id: StreamId(3) }
2026-09-16T09:14:24.582937600Z [DEBUG] DATA-001.h2::codec::framed_read: received frame=Data { stream_id: StreamId(3) }
2026-09-16T09:14:24.582949700Z [DEBUG] DATA-001.h2::codec::framed_read: received frame=Data { stream_id: StreamId(3) }
2026-09-16T09:14:24.583024700Z [DEBUG] DATA-001.h2::codec::framed_read: received frame=Data { stream_id: StreamId(3) }
2026-09-16T09:14:24.583030300Z [DEBUG] DATA-001.h2::codec::framed_read: received frame=Data { stream_id: StreamId(3) }
2026-09-16T09:14:24.583100000Z [DEBUG] DATA-001.h2::codec::framed_write: send frame=WindowUpdate { stream_id: StreamId(0), size_increment: 245760 }
2026-09-16T09:14:24.585494500Z [DEBUG] DATA-001.h2::codec::framed_read: received frame=Data { stream_id: StreamId(1) }
2026-09-16T09:14:24.585513100Z [DEBUG] DATA-001.h2::codec::framed_read: received frame=Data { stream_id: StreamId(1) }
2026-09-16T09:14:24.585532400Z [DEBUG] DATA-001.h2::codec::framed_read: received frame=Data { stream_id: StreamId(1) }
2026-09-16T09:14:24.585534700Z [DEBUG] DATA-001.h2::codec::framed_read: received frame=Data { stream_id: StreamId(1) }
2026-09-16T09:14:24.585584900Z [DEBUG] DATA-001.h2::codec::framed_read: received frame=Data { stream_id: StreamId(1) }
2026-09-16T09:14:24.585594400Z [DEBUG] DATA-001.h2::codec::framed_read: received frame=Data { stream_id: StreamId(1) }
2026-09-16T09:14:24.587053600Z [DEBUG] DATA-001.h2::codec::framed_read: received frame=Data { stream_id: StreamId(1) }
2026-09-16T09:14:24.587071700Z [DEBUG] DATA-001.h2::codec::framed_read: received frame=Data { stream_id: StreamId(1) }
2026-09-16T09:14:24.587090500Z [DEBUG] DATA-001.h2::codec::framed_read: received frame=Data { stream_id: StreamId(1) }
2026-09-16T09:14:24.587092900Z [DEBUG] DATA-001.h2::codec::framed_read: received frame=Data { stream_id: StreamId(1) }
2026-09-16T09:14:24.587142400Z [DEBUG] DATA-001.h2::codec::framed_read: received frame=Data { stream_id: StreamId(1) }
2026-09-16T09:14:24.587148500Z [DEBUG] DATA-001.h2::codec::framed_read: received frame=Data { stream_id: StreamId(1) }
2026-09-16T09:14:24.589099300Z [DEBUG] DATA-001.h2::codec::framed_read: received frame=Data { stream_id: StreamId(1) }
2026-09-16T09:14:24.589119100Z [DEBUG] DATA-001.h2::codec::framed_read: received frame=Data { stream_id: StreamId(1) }
2026-09-16T09:14:24.589133300Z [DEBUG] DATA-001.h2::codec::framed_read: received frame=Data { stream_id: StreamId(1) }
2026-09-16T09:14:24.589135000Z [DEBUG] DATA-001.h2::codec::framed_read: received frame=Data { stream_id: StreamId(1) }
2026-09-16T09:14:24.589226800Z [DEBUG] DATA-001.h2::codec::framed_read: received frame=Data { stream_id: StreamId(1) }
2026-09-16T09:14:24.589239200Z [DEBUG] DATA-001.h2::codec::framed_read: received frame=Data { stream_id: StreamId(1) }
2026-09-16T09:14:24.589245100Z [DEBUG] DATA-001.h2::codec::framed_read: received frame=Data { stream_id: StreamId(1) }
2026-09-16T09:14:24.591922700Z [DEBUG] DATA-001.h2::codec::framed_read: received frame=Data { stream_id: StreamId(1) }
2026-09-16T09:14:24.592082100Z [DEBUG] DATA-001.h2::codec::framed_read: received frame=Data { stream_id: StreamId(1) }
2026-09-16T09:14:24.592110800Z [DEBUG] DATA-001.h2::codec::framed_read: received frame=Data { stream_id: StreamId(1) }
2026-09-16T09:14:24.592113000Z [DEBUG] DATA-001.h2::codec::framed_read: received frame=Data { stream_id: StreamId(1) }
2026-09-16T09:14:24.592122900Z [DEBUG] DATA-001.h2::codec::framed_read: received frame=Data { stream_id: StreamId(1) }
2026-09-16T09:14:24.594673700Z [DEBUG] DATA-001.h2::codec::framed_read: received frame=Data { stream_id: StreamId(1) }
2026-09-16T09:14:24.594706800Z [DEBUG] DATA-001.h2::codec::framed_read: received frame=Data { stream_id: StreamId(1) }
2026-09-16T09:14:24.594733900Z [DEBUG] DATA-001.h2::codec::framed_read: received frame=Data { stream_id: StreamId(1) }
2026-09-16T09:14:24.594741800Z [DEBUG] DATA-001.h2::codec::framed_read: received frame=Data { stream_id: StreamId(1) }
2026-09-16T09:14:24.594856000Z [DEBUG] DATA-001.h2::codec::framed_read: received frame=Data { stream_id: StreamId(1) }
2026-09-16T09:14:24.594893700Z [DEBUG] DATA-001.h2::codec::framed_read: received frame=Data { stream_id: StreamId(1) }
2026-09-16T09:14:24.596933500Z [DEBUG] DATA-001.h2::codec::framed_read: received frame=Data { stream_id: StreamId(1) }
2026-09-16T09:14:24.596967200Z [DEBUG] DATA-001.h2::codec::framed_read: received frame=Data { stream_id: StreamId(1) }
2026-09-16T09:14:24.596968900Z [DEBUG] DATA-001.h2::codec::framed_read: received frame=Data { stream_id: StreamId(1) }
2026-09-16T09:14:24.597057800Z [DEBUG] DATA-001.h2::codec::framed_read: received frame=Data { stream_id: StreamId(1) }
2026-09-16T09:14:24.597108000Z [DEBUG] DATA-001.h2::codec::framed_read: received frame=Data { stream_id: StreamId(1) }
2026-09-16T09:14:24.597111100Z [DEBUG] DATA-001.h2::codec::framed_read: received frame=Data { stream_id: StreamId(1) }
2026-09-16T09:14:24.599101400Z [DEBUG] DATA-001.h2::codec::framed_read: received frame=Data { stream_id: StreamId(1) }
2026-09-16T09:14:24.599124000Z [DEBUG] DATA-001.h2::codec::framed_read: received frame=Data { stream_id: StreamId(1) }
2026-09-16T09:14:24.599141800Z [DEBUG] DATA-001.h2::codec::framed_read: received frame=Data { stream_id: StreamId(1) }
2026-09-16T09:14:24.599143700Z [DEBUG] DATA-001.h2::codec::framed_read: received frame=Data { stream_id: StreamId(1) }
2026-09-16T09:14:24.599166100Z [DEBUG] DATA-001.h2::codec::framed_read: received frame=Data { stream_id: StreamId(1) }
2026-09-16T09:14:24.599167600Z [DEBUG] DATA-001.h2::codec::framed_read: received frame=Data { stream_id: StreamId(1) }
2026-09-16T09:14:24.599237700Z [DEBUG] DATA-001.h2::codec::framed_read: received frame=Data { stream_id: StreamId(1) }
2026-09-16T09:14:24.599289200Z [DEBUG] DATA-001.h2::codec::framed_read: received frame=Data { stream_id: StreamId(1) }
2026-09-16T09:14:24.599294700Z [DEBUG] DATA-001.h2::codec::framed_read: received frame=Data { stream_id: StreamId(1) }
2026-09-16T09:14:24.601418300Z [DEBUG] DATA-001.h2::codec::framed_read: received frame=Data { stream_id: StreamId(1) }
2026-09-16T09:14:24.601436000Z [DEBUG] DATA-001.h2::codec::framed_read: received frame=Data { stream_id: StreamId(1) }
2026-09-16T09:14:24.601481100Z [DEBUG] DATA-001.h2::codec::framed_read: received frame=Data { stream_id: StreamId(1) }
2026-09-16T09:14:24.601486200Z [DEBUG] DATA-001.h2::codec::framed_read: received frame=Data { stream_id: StreamId(1) }
2026-09-16T09:14:24.603550300Z [DEBUG] DATA-001.h2::codec::framed_read: received frame=Data { stream_id: StreamId(1) }
2026-09-16T09:14:24.603567600Z [DEBUG] DATA-001.h2::codec::framed_read: received frame=Data { stream_id: StreamId(1) }
2026-09-16T09:14:24.603715600Z [DEBUG] DATA-001.h2::codec::framed_read: received frame=Data { stream_id: StreamId(1) }
2026-09-16T09:14:24.603727900Z [DEBUG] DATA-001.h2::codec::framed_read: received frame=Data { stream_id: StreamId(1) }
2026-09-16T09:14:24.603769100Z [DEBUG] DATA-001.h2::codec::framed_read: received frame=Data { stream_id: StreamId(1) }
2026-09-16T09:14:24.603774100Z [DEBUG] DATA-001.h2::codec::framed_read: received frame=Data { stream_id: StreamId(1) }
2026-09-16T09:14:24.603818900Z [DEBUG] DATA-001.h2::codec::framed_read: received frame=Data { stream_id: StreamId(1) }
2026-09-16T09:14:24.603830300Z [DEBUG] DATA-001.h2::codec::framed_read: received frame=Data { stream_id: StreamId(1) }
2026-09-16T09:14:24.603837500Z [DEBUG] DATA-001.h2::codec::framed_write: send frame=WindowUpdate { stream_id: StreamId(1), size_increment: 1164376 }
2026-09-16T09:14:24.606508200Z [DEBUG] DATA-001.h2::codec::framed_read: received frame=Data { stream_id: StreamId(1) }
2026-09-16T09:14:24.606524600Z [DEBUG] DATA-001.h2::codec::framed_read: received frame=Data { stream_id: StreamId(1) }
2026-09-16T09:14:24.606574800Z [DEBUG] DATA-001.h2::codec::framed_read: received frame=Data { stream_id: StreamId(1) }
2026-09-16T09:14:24.606582700Z [DEBUG] DATA-001.h2::codec::framed_read: received frame=Data { stream_id: StreamId(1) }
2026-09-16T09:14:24.606707500Z [DEBUG] DATA-001.h2::codec::framed_read: received frame=Data { stream_id: StreamId(1) }
2026-09-16T09:14:24.606720300Z [DEBUG] DATA-001.h2::codec::framed_read: received frame=Data { stream_id: StreamId(1) }
2026-09-16T09:14:24.606737500Z [DEBUG] DATA-001.h2::codec::framed_read: received frame=Data { stream_id: StreamId(1) }
2026-09-16T09:14:24.606739200Z [DEBUG] DATA-001.h2::codec::framed_read: received frame=Data { stream_id: StreamId(1) }
2026-09-16T09:14:24.606742900Z [DEBUG] DATA-001.h2::codec::framed_read: received frame=Data { stream_id: StreamId(1) }
2026-09-16T09:14:24.606774300Z [DEBUG] DATA-001.h2::codec::framed_read: received frame=Data { stream_id: StreamId(1) }
2026-09-16T09:14:24.610454900Z [DEBUG] DATA-001.h2::codec::framed_read: received frame=Data { stream_id: StreamId(1) }
2026-09-16T09:14:24.610472600Z [DEBUG] DATA-001.h2::codec::framed_read: received frame=Data { stream_id: StreamId(1) }
2026-09-16T09:14:24.610536400Z [DEBUG] DATA-001.h2::codec::framed_read: received frame=Data { stream_id: StreamId(1) }
2026-09-16T09:14:24.610543000Z [DEBUG] DATA-001.h2::codec::framed_read: received frame=Data { stream_id: StreamId(1) }
2026-09-16T09:14:24.610602200Z [DEBUG] DATA-001.h2::codec::framed_read: received frame=Data { stream_id: StreamId(1) }
2026-09-16T09:14:24.610604200Z [DEBUG] DATA-001.h2::codec::framed_read: received frame=Data { stream_id: StreamId(1) }
2026-09-16T09:14:24.610606600Z [DEBUG] DATA-001.h2::codec::framed_read: received frame=Data { stream_id: StreamId(1) }
2026-09-16T09:14:24.610784500Z [DEBUG] DATA-001.h2::codec::framed_write: send frame=WindowUpdate { stream_id: StreamId(0), size_increment: 1805376 }
2026-09-16T09:14:24.612309800Z [DEBUG] DATA-001.h2::codec::framed_read: received frame=Data { stream_id: StreamId(1) }
2026-09-16T09:14:24.612442000Z [DEBUG] DATA-001.h2::codec::framed_read: received frame=Data { stream_id: StreamId(1) }
2026-09-16T09:14:24.612470600Z [DEBUG] DATA-001.h2::codec::framed_read: received frame=Data { stream_id: StreamId(1) }
2026-09-16T09:14:24.612472900Z [DEBUG] DATA-001.h2::codec::framed_read: received frame=Data { stream_id: StreamId(1) }
2026-09-16T09:14:24.612477300Z [DEBUG] DATA-001.h2::codec::framed_read: received frame=Data { stream_id: StreamId(1) }
2026-09-16T09:14:24.615445800Z [DEBUG] DATA-001.h2::codec::framed_read: received frame=Data { stream_id: StreamId(1) }
2026-09-16T09:14:24.615500300Z [DEBUG] DATA-001.h2::codec::framed_read: received frame=Data { stream_id: StreamId(1) }
2026-09-16T09:14:24.615538200Z [DEBUG] DATA-001.h2::codec::framed_read: received frame=Data { stream_id: StreamId(1) }
2026-09-16T09:14:24.615549000Z [DEBUG] DATA-001.h2::codec::framed_read: received frame=Data { stream_id: StreamId(1) }
2026-09-16T09:14:24.615712300Z [DEBUG] DATA-001.h2::codec::framed_read: received frame=Data { stream_id: StreamId(1) }
2026-09-16T09:14:24.615783700Z [DEBUG] DATA-001.h2::codec::framed_read: received frame=Data { stream_id: StreamId(1) }
2026-09-16T09:14:24.615788300Z [DEBUG] DATA-001.h2::codec::framed_read: received frame=Data { stream_id: StreamId(1) }
2026-09-16T09:14:24.615811800Z [DEBUG] DATA-001.h2::codec::framed_read: received frame=Data { stream_id: StreamId(1) }
2026-09-16T09:14:24.615818400Z [DEBUG] DATA-001.h2::codec::framed_read: received frame=Data { stream_id: StreamId(1) }
2026-09-16T09:14:24.615838800Z [DEBUG] DATA-001.h2::codec::framed_read: received frame=Data { stream_id: StreamId(1) }
2026-09-16T09:14:24.619916300Z [DEBUG] DATA-001.h2::codec::framed_read: received frame=Data { stream_id: StreamId(1) }
2026-09-16T09:14:24.619946400Z [DEBUG] DATA-001.h2::codec::framed_read: received frame=Data { stream_id: StreamId(1) }
2026-09-16T09:14:24.620025300Z [DEBUG] DATA-001.h2::codec::framed_read: received frame=Data { stream_id: StreamId(1) }
2026-09-16T09:14:24.620046600Z [DEBUG] DATA-001.h2::codec::framed_read: received frame=Data { stream_id: StreamId(1) }
2026-09-16T09:14:24.620077300Z [DEBUG] DATA-001.h2::codec::framed_read: received frame=Data { stream_id: StreamId(1) }
2026-09-16T09:14:24.620086800Z [DEBUG] DATA-001.h2::codec::framed_read: received frame=Data { stream_id: StreamId(1) }
2026-09-16T09:14:24.620278900Z [DEBUG] DATA-001.h2::codec::framed_read: received frame=Data { stream_id: StreamId(1) }
2026-09-16T09:14:24.620291600Z [DEBUG] DATA-001.h2::codec::framed_read: received frame=Data { stream_id: StreamId(1) }
2026-09-16T09:14:24.620293100Z [DEBUG] DATA-001.h2::codec::framed_read: received frame=Data { stream_id: StreamId(1) }
2026-09-16T09:14:24.620300500Z [DEBUG] DATA-001.h2::codec::framed_read: received frame=Data { stream_id: StreamId(1) }
2026-09-16T09:14:24.620354300Z [DEBUG] DATA-001.h2::codec::framed_read: received frame=Data { stream_id: StreamId(1) }
2026-09-16T09:14:24.620529300Z [DEBUG] DATA-001.h2::codec::framed_read: received frame=Data { stream_id: StreamId(1) }
2026-09-16T09:14:24.620544600Z [DEBUG] DATA-001.h2::codec::framed_read: received frame=Data { stream_id: StreamId(1) }
2026-09-16T09:14:24.620647900Z [DEBUG] DATA-001.h2::codec::framed_read: received frame=Data { stream_id: StreamId(1) }
2026-09-16T09:14:24.620660600Z [DEBUG] DATA-001.h2::codec::framed_read: received frame=Data { stream_id: StreamId(1) }
2026-09-16T09:14:24.620700600Z [DEBUG] DATA-001.h2::codec::framed_read: received frame=Data { stream_id: StreamId(1) }
2026-09-16T09:14:24.620706600Z [DEBUG] DATA-001.h2::codec::framed_read: received frame=Data { stream_id: StreamId(1) }
2026-09-16T09:14:24.622538600Z [DEBUG] DATA-001.h2::codec::framed_read: received frame=Data { stream_id: StreamId(1) }
2026-09-16T09:14:24.622552100Z [DEBUG] DATA-001.h2::codec::framed_read: received frame=Data { stream_id: StreamId(1) }
2026-09-16T09:14:24.622720700Z [DEBUG] DATA-001.h2::codec::framed_read: received frame=Data { stream_id: StreamId(1) }
2026-09-16T09:14:24.622736600Z [DEBUG] DATA-001.h2::codec::framed_read: received frame=Data { stream_id: StreamId(1) }
2026-09-16T09:14:24.622772500Z [DEBUG] DATA-001.h2::codec::framed_read: received frame=Data { stream_id: StreamId(1) }
2026-09-16T09:14:24.622785300Z [DEBUG] DATA-001.h2::codec::framed_read: received frame=Data { stream_id: StreamId(1) }
2026-09-16T09:14:24.622812300Z [DEBUG] DATA-001.h2::codec::framed_read: received frame=Data { stream_id: StreamId(1) }
2026-09-16T09:14:24.622826700Z [DEBUG] DATA-001.h2::codec::framed_read: received frame=Data { stream_id: StreamId(1) }
2026-09-16T09:14:24.625655400Z [DEBUG] DATA-001.h2::codec::framed_read: received frame=Data { stream_id: StreamId(1) }
2026-09-16T09:14:24.625672700Z [DEBUG] DATA-001.h2::codec::framed_read: received frame=Data { stream_id: StreamId(1) }
2026-09-16T09:14:24.625716300Z [DEBUG] DATA-001.h2::codec::framed_read: received frame=Data { stream_id: StreamId(1) }
2026-09-16T09:14:24.625722100Z [DEBUG] DATA-001.h2::codec::framed_read: received frame=Data { stream_id: StreamId(1) }
2026-09-16T09:14:24.625846500Z [DEBUG] DATA-001.h2::codec::framed_read: received frame=Data { stream_id: StreamId(1) }
2026-09-16T09:14:24.625870500Z [DEBUG] DATA-001.h2::codec::framed_read: received frame=Data { stream_id: StreamId(1) }
2026-09-16T09:14:24.625897000Z [DEBUG] DATA-001.h2::codec::framed_read: received frame=Data { stream_id: StreamId(1) }
2026-09-16T09:14:24.625915500Z [DEBUG] DATA-001.h2::codec::framed_read: received frame=Data { stream_id: StreamId(1) }
2026-09-16T09:14:24.629078400Z [DEBUG] DATA-001.h2::codec::framed_read: received frame=Data { stream_id: StreamId(1) }
2026-09-16T09:14:24.629094700Z [DEBUG] DATA-001.h2::codec::framed_read: received frame=Data { stream_id: StreamId(1) }
2026-09-16T09:14:24.629140100Z [DEBUG] DATA-001.h2::codec::framed_read: received frame=Data { stream_id: StreamId(1) }
2026-09-16T09:14:24.629146100Z [DEBUG] DATA-001.h2::codec::framed_read: received frame=Data { stream_id: StreamId(1) }
2026-09-16T09:14:24.629225200Z [DEBUG] DATA-001.h2::codec::framed_read: received frame=Data { stream_id: StreamId(1) }
2026-09-16T09:14:24.629242800Z [DEBUG] DATA-001.h2::codec::framed_read: received frame=Data { stream_id: StreamId(1) }
2026-09-16T09:14:24.629348600Z [DEBUG] DATA-001.h2::codec::framed_read: received frame=Data { stream_id: StreamId(1) }
2026-09-16T09:14:24.629366000Z [DEBUG] DATA-001.h2::codec::framed_read: received frame=Data { stream_id: StreamId(1) }
2026-09-16T09:14:24.629379400Z [DEBUG] DATA-001.h2::codec::framed_read: received frame=Data { stream_id: StreamId(1) }
2026-09-16T09:14:24.630759300Z [DEBUG] DATA-001.h2::codec::framed_read: received frame=Data { stream_id: StreamId(1) }
2026-09-16T09:14:24.630795000Z [DEBUG] DATA-001.h2::codec::framed_read: received frame=Data { stream_id: StreamId(1) }
2026-09-16T09:14:24.630809600Z [DEBUG] DATA-001.h2::codec::framed_read: received frame=Data { stream_id: StreamId(1) }
2026-09-16T09:14:24.630815200Z [DEBUG] DATA-001.h2::codec::framed_read: received frame=Data { stream_id: StreamId(1) }
2026-09-16T09:14:24.630824300Z [DEBUG] DATA-001.h2::codec::framed_read: received frame=Data { stream_id: StreamId(1) }
2026-09-16T09:14:24.630859900Z [DEBUG] DATA-001.h2::codec::framed_read: received frame=Data { stream_id: StreamId(1) }
2026-09-16T09:14:24.630869100Z [DEBUG] DATA-001.h2::codec::framed_read: received frame=Data { stream_id: StreamId(1) }
2026-09-16T09:14:24.633057300Z [DEBUG] DATA-001.h2::codec::framed_read: received frame=Data { stream_id: StreamId(1) }
2026-09-16T09:14:24.633085700Z [DEBUG] DATA-001.h2::codec::framed_read: received frame=Data { stream_id: StreamId(1) }
2026-09-16T09:14:24.633178600Z [DEBUG] DATA-001.h2::codec::framed_read: received frame=Data { stream_id: StreamId(1) }
2026-09-16T09:14:24.633201200Z [DEBUG] DATA-001.h2::codec::framed_read: received frame=Data { stream_id: StreamId(1) }
2026-09-16T09:14:24.633232500Z [DEBUG] DATA-001.h2::codec::framed_read: received frame=Data { stream_id: StreamId(1) }
2026-09-16T09:14:24.633246800Z [DEBUG] DATA-001.h2::codec::framed_read: received frame=Data { stream_id: StreamId(1) }
2026-09-16T09:14:24.633296800Z [DEBUG] DATA-001.h2::codec::framed_read: received frame=Data { stream_id: StreamId(1) }
2026-09-16T09:14:24.633308900Z [DEBUG] DATA-001.h2::codec::framed_read: received frame=Data { stream_id: StreamId(1) }
2026-09-16T09:14:24.635766600Z [DEBUG] DATA-001.h2::codec::framed_read: received frame=Data { stream_id: StreamId(1) }
2026-09-16T09:14:24.635799700Z [DEBUG] DATA-001.h2::codec::framed_read: received frame=Data { stream_id: StreamId(1) }
2026-09-16T09:14:24.635802100Z [DEBUG] DATA-001.h2::codec::framed_read: received frame=Data { stream_id: StreamId(1) }
2026-09-16T09:14:24.635810200Z [DEBUG] DATA-001.h2::codec::framed_read: received frame=Data { stream_id: StreamId(1) }
2026-09-16T09:14:24.635865300Z [DEBUG] DATA-001.h2::codec::framed_read: received frame=Data { stream_id: StreamId(1) }
2026-09-16T09:14:24.635876100Z [DEBUG] DATA-001.h2::codec::framed_read: received frame=Data { stream_id: StreamId(1) }
2026-09-16T09:14:24.635877300Z [DEBUG] DATA-001.h2::codec::framed_read: received frame=Data { stream_id: StreamId(1) }
2026-09-16T09:14:24.635965000Z [DEBUG] DATA-001.h2::codec::framed_read: received frame=Data { stream_id: StreamId(1) }
2026-09-16T09:14:24.637735800Z [DEBUG] DATA-001.h2::codec::framed_read: received frame=Data { stream_id: StreamId(1) }
2026-09-16T09:14:24.637747400Z [DEBUG] DATA-001.h2::codec::framed_read: received frame=Data { stream_id: StreamId(1) }
2026-09-16T09:14:24.637819700Z [DEBUG] DATA-001.h2::codec::framed_read: received frame=Data { stream_id: StreamId(1) }
2026-09-16T09:14:24.637827100Z [DEBUG] DATA-001.h2::codec::framed_read: received frame=Data { stream_id: StreamId(1) }
2026-09-16T09:14:24.637888500Z [DEBUG] DATA-001.h2::codec::framed_read: received frame=Data { stream_id: StreamId(1) }
2026-09-16T09:14:24.637894600Z [DEBUG] DATA-001.h2::codec::framed_read: received frame=Data { stream_id: StreamId(1) }
2026-09-16T09:14:24.637901100Z [DEBUG] DATA-001.h2::codec::framed_read: received frame=Data { stream_id: StreamId(1) }
2026-09-16T09:14:24.638014200Z [DEBUG] DATA-001.h2::codec::framed_read: received frame=Data { stream_id: StreamId(1) }
2026-09-16T09:14:24.640298600Z [DEBUG] DATA-001.h2::codec::framed_read: received frame=Data { stream_id: StreamId(1) }
2026-09-16T09:14:24.640321100Z [DEBUG] DATA-001.h2::codec::framed_read: received frame=Data { stream_id: StreamId(1) }
2026-09-16T09:14:24.640368700Z [DEBUG] DATA-001.h2::codec::framed_read: received frame=Data { stream_id: StreamId(1) }
2026-09-16T09:14:24.640374200Z [DEBUG] DATA-001.h2::codec::framed_read: received frame=Data { stream_id: StreamId(1) }
2026-09-16T09:14:24.640454200Z [DEBUG] DATA-001.h2::codec::framed_read: received frame=Data { stream_id: StreamId(1) }
2026-09-16T09:14:24.640465200Z [DEBUG] DATA-001.h2::codec::framed_read: received frame=Data { stream_id: StreamId(1) }
2026-09-16T09:14:24.642828300Z [DEBUG] DATA-001.h2::codec::framed_read: received frame=Data { stream_id: StreamId(1) }
2026-09-16T09:14:24.642850000Z [DEBUG] DATA-001.h2::codec::framed_read: received frame=Data { stream_id: StreamId(1) }
2026-09-16T09:14:24.642869100Z [DEBUG] DATA-001.h2::codec::framed_read: received frame=Data { stream_id: StreamId(1) }
2026-09-16T09:14:24.642870900Z [DEBUG] DATA-001.h2::codec::framed_read: received frame=Data { stream_id: StreamId(1) }
2026-09-16T09:14:24.642971400Z [DEBUG] DATA-001.h2::codec::framed_read: received frame=Data { stream_id: StreamId(1) }
2026-09-16T09:14:24.642985900Z [DEBUG] DATA-001.h2::codec::framed_read: received frame=Data { stream_id: StreamId(1) }
2026-09-16T09:14:24.643013800Z [DEBUG] DATA-001.h2::codec::framed_read: received frame=Data { stream_id: StreamId(1) }
2026-09-16T09:14:24.643019900Z [DEBUG] DATA-001.h2::codec::framed_read: received frame=Data { stream_id: StreamId(1) }
2026-09-16T09:14:24.644185300Z [DEBUG] DATA-001.h2::codec::framed_read: received frame=Data { stream_id: StreamId(1) }
2026-09-16T09:14:24.644203300Z [DEBUG] DATA-001.h2::codec::framed_read: received frame=Data { stream_id: StreamId(1) }
2026-09-16T09:14:24.644222000Z [DEBUG] DATA-001.h2::codec::framed_read: received frame=Data { stream_id: StreamId(1) }
2026-09-16T09:14:24.644223700Z [DEBUG] DATA-001.h2::codec::framed_read: received frame=Data { stream_id: StreamId(1) }
2026-09-16T09:14:24.644337000Z [DEBUG] DATA-001.h2::codec::framed_read: received frame=Data { stream_id: StreamId(1) }
2026-09-16T09:14:24.644360700Z [DEBUG] DATA-001.h2::codec::framed_read: received frame=Data { stream_id: StreamId(1) }
2026-09-16T09:14:24.644378300Z [DEBUG] DATA-001.h2::codec::framed_read: received frame=Data { stream_id: StreamId(1) }
2026-09-16T09:14:24.644380500Z [DEBUG] DATA-001.h2::codec::framed_read: received frame=Data { stream_id: StreamId(1) }
2026-09-16T09:14:24.644389600Z [DEBUG] DATA-001.h2::codec::framed_read: received frame=Data { stream_id: StreamId(1) }
2026-09-16T09:14:24.647015800Z [DEBUG] DATA-001.h2::codec::framed_read: received frame=Data { stream_id: StreamId(1) }
2026-09-16T09:14:24.647053400Z [DEBUG] DATA-001.h2::codec::framed_read: received frame=Data { stream_id: StreamId(1) }
2026-09-16T09:14:24.647067500Z [DEBUG] DATA-001.h2::codec::framed_read: received frame=Data { stream_id: StreamId(1) }
2026-09-16T09:14:24.647070100Z [DEBUG] DATA-001.h2::codec::framed_read: received frame=Data { stream_id: StreamId(1) }
2026-09-16T09:14:24.647075200Z [DEBUG] DATA-001.h2::codec::framed_read: received frame=Data { stream_id: StreamId(1) }
2026-09-16T09:14:24.647076100Z [DEBUG] DATA-001.h2::codec::framed_read: received frame=Data { stream_id: StreamId(1) }
2026-09-16T09:14:24.647367100Z [DEBUG] DATA-001.h2::codec::framed_read: received frame=Settings { flags: (0x1: ACK) }
2026-09-16T09:14:24.647378800Z [DEBUG] DATA-001.h2::proto::settings: received settings ACK; applying Settings { flags: (0x0), initial_window_size: 5437272 }
2026-09-16T09:14:24.647385400Z [DEBUG] DATA-001.h2::codec::framed_read: received frame=Data { stream_id: StreamId(1) }
2026-09-16T09:14:24.649192300Z [DEBUG] DATA-001.h2::codec::framed_read: received frame=Data { stream_id: StreamId(1) }
2026-09-16T09:14:24.649217100Z [DEBUG] DATA-001.h2::codec::framed_read: received frame=Data { stream_id: StreamId(1) }
2026-09-16T09:14:24.649253100Z [DEBUG] DATA-001.h2::codec::framed_read: received frame=Data { stream_id: StreamId(1) }
2026-09-16T09:14:24.649264100Z [DEBUG] DATA-001.h2::codec::framed_read: received frame=Data { stream_id: StreamId(1) }
2026-09-16T09:14:24.649359300Z [DEBUG] DATA-001.h2::codec::framed_read: received frame=Data { stream_id: StreamId(1) }
2026-09-16T09:14:24.649393600Z [DEBUG] DATA-001.h2::codec::framed_read: received frame=Data { stream_id: StreamId(1) }
2026-09-16T09:14:24.649440600Z [DEBUG] DATA-001.h2::codec::framed_read: received frame=Data { stream_id: StreamId(1) }
2026-09-16T09:14:24.649454900Z [DEBUG] DATA-001.h2::codec::framed_read: received frame=Data { stream_id: StreamId(1) }
2026-09-16T09:14:24.651175000Z [DEBUG] DATA-001.h2::codec::framed_read: received frame=Data { stream_id: StreamId(1) }
2026-09-16T09:14:24.651216000Z [DEBUG] DATA-001.h2::codec::framed_read: received frame=Data { stream_id: StreamId(1) }
2026-09-16T09:14:24.651218600Z [DEBUG] DATA-001.h2::codec::framed_read: received frame=Data { stream_id: StreamId(1) }
2026-09-16T09:14:24.651253400Z [DEBUG] DATA-001.h2::codec::framed_read: received frame=Data { stream_id: StreamId(1) }
2026-09-16T09:14:24.651345500Z [DEBUG] DATA-001.h2::codec::framed_read: received frame=Data { stream_id: StreamId(1) }
2026-09-16T09:14:24.651370500Z [DEBUG] DATA-001.h2::codec::framed_read: received frame=Data { stream_id: StreamId(1) }
2026-09-16T09:14:24.651455900Z [DEBUG] DATA-001.h2::codec::framed_read: received frame=Data { stream_id: StreamId(1) }
2026-09-16T09:14:24.651477700Z [DEBUG] DATA-001.h2::codec::framed_read: received frame=Data { stream_id: StreamId(1) }
2026-09-16T09:14:24.654765900Z [DEBUG] DATA-001.h2::codec::framed_read: received frame=Data { stream_id: StreamId(1) }
2026-09-16T09:14:24.654801500Z [DEBUG] DATA-001.h2::codec::framed_read: received frame=Data { stream_id: StreamId(1) }
2026-09-16T09:14:24.654838300Z [DEBUG] DATA-001.h2::codec::framed_read: received frame=Data { stream_id: StreamId(1) }
2026-09-16T09:14:24.654841400Z [DEBUG] DATA-001.h2::codec::framed_read: received frame=Data { stream_id: StreamId(1) }
2026-09-16T09:14:24.655103500Z [DEBUG] DATA-001.h2::codec::framed_read: received frame=Data { stream_id: StreamId(1) }
2026-09-16T09:14:24.655115600Z [DEBUG] DATA-001.h2::codec::framed_read: received frame=Data { stream_id: StreamId(1) }
2026-09-16T09:14:24.655137600Z [DEBUG] DATA-001.h2::codec::framed_read: received frame=Data { stream_id: StreamId(1) }
2026-09-16T09:14:24.655143000Z [DEBUG] DATA-001.h2::codec::framed_read: received frame=Data { stream_id: StreamId(1) }
2026-09-16T09:14:24.655291000Z [DEBUG] DATA-001.h2::codec::framed_read: received frame=Data { stream_id: StreamId(1) }
2026-09-16T09:14:24.655351100Z [DEBUG] DATA-001.h2::codec::framed_read: received frame=Data { stream_id: StreamId(1) }
2026-09-16T09:14:24.655360600Z [DEBUG] DATA-001.h2::codec::framed_read: received frame=Data { stream_id: StreamId(1) }
2026-09-16T09:14:24.655363900Z [DEBUG] DATA-001.h2::codec::framed_read: received frame=Data { stream_id: StreamId(1) }
2026-09-16T09:14:24.655389800Z [DEBUG] DATA-001.h2::codec::framed_read: received frame=Data { stream_id: StreamId(1) }
2026-09-16T09:14:24.655403700Z [DEBUG] DATA-001.h2::codec::framed_read: received frame=Data { stream_id: StreamId(1) }
2026-09-16T09:14:24.657082100Z [DEBUG] DATA-001.h2::codec::framed_read: received frame=Data { stream_id: StreamId(1) }
2026-09-16T09:14:24.657101600Z [DEBUG] DATA-001.h2::codec::framed_read: received frame=Data { stream_id: StreamId(1) }
2026-09-16T09:14:24.657174200Z [DEBUG] DATA-001.h2::codec::framed_read: received frame=Data { stream_id: StreamId(1) }
2026-09-16T09:14:24.657180000Z [DEBUG] DATA-001.h2::codec::framed_read: received frame=Data { stream_id: StreamId(1) }
2026-09-16T09:14:24.657337200Z [DEBUG] DATA-001.h2::codec::framed_read: received frame=Data { stream_id: StreamId(1) }
2026-09-16T09:14:24.657353700Z [DEBUG] DATA-001.h2::codec::framed_read: received frame=Data { stream_id: StreamId(1) }
2026-09-16T09:14:24.657383600Z [DEBUG] DATA-001.h2::codec::framed_read: received frame=Data { stream_id: StreamId(1) }
2026-09-16T09:14:24.657389600Z [DEBUG] DATA-001.h2::codec::framed_read: received frame=Data { stream_id: StreamId(1) }
2026-09-16T09:14:24.658867400Z [DEBUG] DATA-001.h2::codec::framed_read: received frame=Data { stream_id: StreamId(1) }
2026-09-16T09:14:24.658887000Z [DEBUG] DATA-001.h2::codec::framed_read: received frame=Data { stream_id: StreamId(1) }
2026-09-16T09:14:24.659088000Z [DEBUG] DATA-001.h2::codec::framed_read: received frame=Data { stream_id: StreamId(1) }
2026-09-16T09:14:24.659097600Z [DEBUG] DATA-001.h2::codec::framed_read: received frame=Data { stream_id: StreamId(1) }
2026-09-16T09:14:24.659135700Z [DEBUG] DATA-001.h2::codec::framed_read: received frame=Data { stream_id: StreamId(1) }
2026-09-16T09:14:24.659140800Z [DEBUG] DATA-001.h2::codec::framed_read: received frame=Data { stream_id: StreamId(1) }
2026-09-16T09:14:24.659210100Z [DEBUG] DATA-001.h2::codec::framed_read: received frame=Data { stream_id: StreamId(1) }
2026-09-16T09:14:24.659216100Z [DEBUG] DATA-001.h2::codec::framed_read: received frame=Data { stream_id: StreamId(1) }
2026-09-16T09:14:24.661440800Z [DEBUG] DATA-001.h2::codec::framed_read: received frame=Data { stream_id: StreamId(1) }
2026-09-16T09:14:24.661463000Z [DEBUG] DATA-001.h2::codec::framed_read: received frame=Data { stream_id: StreamId(1) }
2026-09-16T09:14:24.661549600Z [DEBUG] DATA-001.h2::codec::framed_read: received frame=Data { stream_id: StreamId(1) }
2026-09-16T09:14:24.661557400Z [DEBUG] DATA-001.h2::codec::framed_read: received frame=Data { stream_id: StreamId(1) }
2026-09-16T09:14:24.661634700Z [DEBUG] DATA-001.h2::codec::framed_read: received frame=Data { stream_id: StreamId(1) }
2026-09-16T09:14:24.661651100Z [DEBUG] DATA-001.h2::codec::framed_read: received frame=Data { stream_id: StreamId(1) }
2026-09-16T09:14:24.661776300Z [DEBUG] DATA-001.h2::codec::framed_read: received frame=Data { stream_id: StreamId(1) }
2026-09-16T09:14:24.661800700Z [DEBUG] DATA-001.h2::codec::framed_read: received frame=Data { stream_id: StreamId(1) }
2026-09-16T09:14:24.663680400Z [DEBUG] DATA-001.h2::codec::framed_read: received frame=Data { stream_id: StreamId(1) }
2026-09-16T09:14:24.663697000Z [DEBUG] DATA-001.h2::codec::framed_read: received frame=Data { stream_id: StreamId(1) }
2026-09-16T09:14:24.663778200Z [DEBUG] DATA-001.h2::codec::framed_read: received frame=Data { stream_id: StreamId(1) }
2026-09-16T09:14:24.663789700Z [DEBUG] DATA-001.h2::codec::framed_read: received frame=Data { stream_id: StreamId(1) }
2026-09-16T09:14:24.663807600Z [DEBUG] DATA-001.h2::codec::framed_read: received frame=Data { stream_id: StreamId(1) }
2026-09-16T09:14:24.663899200Z [DEBUG] DATA-001.h2::codec::framed_read: received frame=Data { stream_id: StreamId(1) }
2026-09-16T09:14:24.665850900Z [DEBUG] DATA-001.h2::codec::framed_read: received frame=Data { stream_id: StreamId(1) }
2026-09-16T09:14:24.665868000Z [DEBUG] DATA-001.h2::codec::framed_read: received frame=Data { stream_id: StreamId(1) }
2026-09-16T09:14:24.665976100Z [DEBUG] DATA-001.h2::codec::framed_read: received frame=Data { stream_id: StreamId(1) }
2026-09-16T09:14:24.665993000Z [DEBUG] DATA-001.h2::codec::framed_read: received frame=Data { stream_id: StreamId(1) }
2026-09-16T09:14:24.666012400Z [DEBUG] DATA-001.h2::codec::framed_read: received frame=Data { stream_id: StreamId(1) }
2026-09-16T09:14:24.666014100Z [DEBUG] DATA-001.h2::codec::framed_read: received frame=Data { stream_id: StreamId(1) }
2026-09-16T09:14:24.666124200Z [DEBUG] DATA-001.h2::codec::framed_read: received frame=Data { stream_id: StreamId(1) }
2026-09-16T09:14:24.666130300Z [DEBUG] DATA-001.h2::codec::framed_read: received frame=Data { stream_id: StreamId(1) }
2026-09-16T09:14:24.668263000Z [DEBUG] DATA-001.h2::codec::framed_read: received frame=Data { stream_id: StreamId(1) }
2026-09-16T09:14:24.668283300Z [DEBUG] DATA-001.h2::codec::framed_read: received frame=Data { stream_id: StreamId(1) }
2026-09-16T09:14:24.668303200Z [DEBUG] DATA-001.h2::codec::framed_read: received frame=Data { stream_id: StreamId(1) }
2026-09-16T09:14:24.668304800Z [DEBUG] DATA-001.h2::codec::framed_read: received frame=Data { stream_id: StreamId(1) }
2026-09-16T09:14:24.668364500Z [DEBUG] DATA-001.h2::codec::framed_read: received frame=Data { stream_id: StreamId(1) }
2026-09-16T09:14:24.668370900Z [DEBUG] DATA-001.h2::codec::framed_read: received frame=Data { stream_id: StreamId(1) }
2026-09-16T09:14:24.668422900Z [DEBUG] DATA-001.h2::codec::framed_read: received frame=Data { stream_id: StreamId(1) }
2026-09-16T09:14:24.668424800Z [DEBUG] DATA-001.h2::codec::framed_read: received frame=Data { stream_id: StreamId(1) }
2026-09-16T09:14:24.668545300Z [DEBUG] DATA-001.h2::codec::framed_read: received frame=Data { stream_id: StreamId(1) }
2026-09-16T09:14:24.668593100Z [DEBUG] DATA-001.h2::codec::framed_read: received frame=Data { stream_id: StreamId(1) }
2026-09-16T09:14:24.670138100Z [DEBUG] DATA-001.h2::codec::framed_read: received frame=Data { stream_id: StreamId(1) }
2026-09-16T09:14:24.670168900Z [DEBUG] DATA-001.h2::codec::framed_read: received frame=Data { stream_id: StreamId(1) }
2026-09-16T09:14:24.670171100Z [DEBUG] DATA-001.h2::codec::framed_read: received frame=Data { stream_id: StreamId(1) }
2026-09-16T09:14:24.670180000Z [DEBUG] DATA-001.h2::codec::framed_read: received frame=Data { stream_id: StreamId(1) }
2026-09-16T09:14:24.670229400Z [DEBUG] DATA-001.h2::codec::framed_read: received frame=Data { stream_id: StreamId(1) }
2026-09-16T09:14:24.670239500Z [DEBUG] DATA-001.h2::codec::framed_read: received frame=Data { stream_id: StreamId(1) }
2026-09-16T09:14:24.674747500Z [DEBUG] DATA-001.h2::codec::framed_read: received frame=Data { stream_id: StreamId(1) }
2026-09-16T09:14:24.674803500Z [DEBUG] DATA-001.h2::codec::framed_read: received frame=Data { stream_id: StreamId(1) }
2026-09-16T09:14:24.674808500Z [DEBUG] DATA-001.h2::codec::framed_read: received frame=Data { stream_id: StreamId(1) }
2026-09-16T09:14:24.674858300Z [DEBUG] DATA-001.h2::codec::framed_read: received frame=Data { stream_id: StreamId(1) }
2026-09-16T09:14:24.674867500Z [DEBUG] DATA-001.h2::codec::framed_read: received frame=Data { stream_id: StreamId(1) }
2026-09-16T09:14:24.674870300Z [DEBUG] DATA-001.h2::codec::framed_read: received frame=Data { stream_id: StreamId(1) }
2026-09-16T09:14:24.674874600Z [DEBUG] DATA-001.h2::codec::framed_read: received frame=Data { stream_id: StreamId(1) }
2026-09-16T09:14:24.674937700Z [DEBUG] DATA-001.h2::codec::framed_read: received frame=Data { stream_id: StreamId(1) }
2026-09-16T09:14:24.674960800Z [DEBUG] DATA-001.h2::codec::framed_read: received frame=Data { stream_id: StreamId(1) }
2026-09-16T09:14:24.674972300Z [DEBUG] DATA-001.h2::codec::framed_read: received frame=Data { stream_id: StreamId(1) }
2026-09-16T09:14:24.674974400Z [DEBUG] DATA-001.h2::codec::framed_read: received frame=Data { stream_id: StreamId(1), flags: (0x1: END_STREAM) }
2026-09-16T09:14:24.674980000Z [DEBUG] DATA-001.h2::codec::framed_read: received frame=Ping { ack: true, payload: [59, 124, 219, 122, 11, 135, 22, 180] }
2026-09-16T09:14:24.711062100Z [DEBUG] DATA-001.nautilus_binance::spot::http::client: Loaded spot instruments: count=1
2026-09-16T09:14:24.711157700Z [DEBUG] DATA-001.hyper_util::client::legacy::pool: reuse idle connection for ("https", api.binance.com)
2026-09-16T09:14:24.711309000Z [DEBUG] DATA-001.h2::codec::framed_write: send frame=Headers { stream_id: StreamId(3), flags: (0x5: END_HEADERS | END_STREAM) }
2026-09-16T09:14:24.774132400Z [DEBUG] DATA-001.h2::codec::framed_read: received frame=Data { stream_id: StreamId(3) }
2026-09-16T09:14:24.774165700Z [DEBUG] DATA-001.h2::codec::framed_read: received frame=Data { stream_id: StreamId(3) }
2026-09-16T09:14:24.774187100Z [DEBUG] DATA-001.h2::codec::framed_read: received frame=Data { stream_id: StreamId(3) }
2026-09-16T09:14:24.774189700Z [DEBUG] DATA-001.h2::codec::framed_read: received frame=Data { stream_id: StreamId(3) }
2026-09-16T09:14:24.774324700Z [DEBUG] DATA-001.h2::codec::framed_read: received frame=Data { stream_id: StreamId(3) }
2026-09-16T09:14:24.774357300Z [DEBUG] DATA-001.h2::codec::framed_read: received frame=Data { stream_id: StreamId(3) }
2026-09-16T09:14:24.774710800Z [DEBUG] DATA-001.h2::codec::framed_write: send frame=Ping { ack: false, payload: [59, 124, 219, 122, 11, 135, 22, 180] }
2026-09-16T09:14:24.774727900Z [DEBUG] DATA-001.h2::codec::framed_write: send frame=WindowUpdate { stream_id: StreamId(3), size_increment: 245760 }
2026-09-16T09:14:24.781213700Z [DEBUG] DATA-001.h2::codec::framed_read: received frame=Data { stream_id: StreamId(3) }
2026-09-16T09:14:24.781236400Z [DEBUG] DATA-001.h2::codec::framed_read: received frame=Data { stream_id: StreamId(3) }
2026-09-16T09:14:24.781320900Z [DEBUG] DATA-001.h2::codec::framed_read: received frame=Data { stream_id: StreamId(3) }
2026-09-16T09:14:24.781338300Z [DEBUG] DATA-001.h2::codec::framed_read: received frame=Data { stream_id: StreamId(3) }
2026-09-16T09:14:24.788258500Z [DEBUG] DATA-001.h2::codec::framed_read: received frame=Data { stream_id: StreamId(3) }
2026-09-16T09:14:24.788285700Z [DEBUG] DATA-001.h2::codec::framed_read: received frame=Data { stream_id: StreamId(3) }
2026-09-16T09:14:24.788322500Z [DEBUG] DATA-001.h2::codec::framed_read: received frame=Data { stream_id: StreamId(3) }
2026-09-16T09:14:24.788331700Z [DEBUG] DATA-001.h2::codec::framed_read: received frame=Data { stream_id: StreamId(3) }
2026-09-16T09:14:24.795242900Z [DEBUG] DATA-001.h2::codec::framed_read: received frame=Data { stream_id: StreamId(3) }
2026-09-16T09:14:24.795263100Z [DEBUG] DATA-001.h2::codec::framed_read: received frame=Data { stream_id: StreamId(3) }
2026-09-16T09:14:24.795275300Z [DEBUG] DATA-001.h2::codec::framed_read: received frame=Data { stream_id: StreamId(3) }
2026-09-16T09:14:24.795325400Z [DEBUG] DATA-001.h2::codec::framed_read: received frame=Data { stream_id: StreamId(3) }
2026-09-16T09:14:24.795333300Z [DEBUG] DATA-001.h2::codec::framed_read: received frame=Data { stream_id: StreamId(3) }
2026-09-16T09:14:24.795334600Z [DEBUG] DATA-001.h2::codec::framed_read: received frame=Data { stream_id: StreamId(3) }
2026-09-16T09:14:24.795518000Z [DEBUG] DATA-001.h2::codec::framed_read: received frame=Data { stream_id: StreamId(3) }
2026-09-16T09:14:24.795534200Z [DEBUG] DATA-001.h2::codec::framed_read: received frame=Data { stream_id: StreamId(3) }
2026-09-16T09:14:24.800066000Z [DEBUG] DATA-001.h2::codec::framed_read: received frame=Data { stream_id: StreamId(3) }
2026-09-16T09:14:24.800086700Z [DEBUG] DATA-001.h2::codec::framed_read: received frame=Data { stream_id: StreamId(3) }
2026-09-16T09:14:24.807174800Z [DEBUG] DATA-001.h2::codec::framed_read: received frame=Data { stream_id: StreamId(3) }
2026-09-16T09:14:24.807192400Z [DEBUG] DATA-001.h2::codec::framed_read: received frame=Data { stream_id: StreamId(3) }
2026-09-16T09:14:24.807437800Z [DEBUG] DATA-001.h2::codec::framed_read: received frame=Data { stream_id: StreamId(3) }
2026-09-16T09:14:24.807451700Z [DEBUG] DATA-001.h2::codec::framed_read: received frame=Data { stream_id: StreamId(3) }
2026-09-16T09:14:24.807583200Z [DEBUG] DATA-001.h2::codec::framed_read: received frame=Data { stream_id: StreamId(3) }
2026-09-16T09:14:24.807593800Z [DEBUG] DATA-001.h2::codec::framed_read: received frame=Data { stream_id: StreamId(3) }
2026-09-16T09:14:24.814317300Z [DEBUG] DATA-001.h2::codec::framed_read: received frame=Data { stream_id: StreamId(3) }
2026-09-16T09:14:24.814338000Z [DEBUG] DATA-001.h2::codec::framed_read: received frame=Data { stream_id: StreamId(3) }
2026-09-16T09:14:24.814341400Z [DEBUG] DATA-001.h2::codec::framed_write: send frame=WindowUpdate { stream_id: StreamId(0), size_increment: 229376 }
2026-09-16T09:14:24.814503900Z [DEBUG] DATA-001.h2::codec::framed_read: received frame=Data { stream_id: StreamId(3) }
2026-09-16T09:14:24.818870200Z [DEBUG] DATA-001.h2::codec::framed_read: received frame=Data { stream_id: StreamId(3) }
2026-09-16T09:14:24.818888100Z [DEBUG] DATA-001.h2::codec::framed_read: received frame=Data { stream_id: StreamId(3) }
2026-09-16T09:14:24.826570400Z [DEBUG] DATA-001.h2::codec::framed_read: received frame=Data { stream_id: StreamId(3) }
2026-09-16T09:14:24.826588900Z [DEBUG] DATA-001.h2::codec::framed_read: received frame=Data { stream_id: StreamId(3) }
2026-09-16T09:14:24.826591400Z [DEBUG] DATA-001.h2::codec::framed_read: received frame=Data { stream_id: StreamId(3) }
2026-09-16T09:14:24.826797700Z [DEBUG] DATA-001.h2::codec::framed_read: received frame=Data { stream_id: StreamId(3) }
2026-09-16T09:14:24.826838800Z [DEBUG] DATA-001.h2::codec::framed_read: received frame=Data { stream_id: StreamId(3) }
2026-09-16T09:14:24.826881700Z [DEBUG] DATA-001.h2::codec::framed_read: received frame=Data { stream_id: StreamId(3) }
2026-09-16T09:14:24.826902300Z [DEBUG] DATA-001.h2::codec::framed_write: send frame=WindowUpdate { stream_id: StreamId(3), size_increment: 253952 }
2026-09-16T09:14:24.833952900Z [DEBUG] DATA-001.h2::codec::framed_read: received frame=Data { stream_id: StreamId(3) }
2026-09-16T09:14:24.833977500Z [DEBUG] DATA-001.h2::codec::framed_read: received frame=Data { stream_id: StreamId(3) }
2026-09-16T09:14:24.833980500Z [DEBUG] DATA-001.h2::codec::framed_read: received frame=Data { stream_id: StreamId(3) }
2026-09-16T09:14:24.837929300Z [DEBUG] DATA-001.h2::codec::framed_read: received frame=Data { stream_id: StreamId(3) }
2026-09-16T09:14:24.837946300Z [DEBUG] DATA-001.h2::codec::framed_read: received frame=Data { stream_id: StreamId(3) }
2026-09-16T09:14:24.837956400Z [DEBUG] DATA-001.h2::codec::framed_read: received frame=Data { stream_id: StreamId(3) }
2026-09-16T09:14:24.848499300Z [DEBUG] DATA-001.h2::codec::framed_read: received frame=Data { stream_id: StreamId(3) }
2026-09-16T09:14:24.848540500Z [DEBUG] DATA-001.h2::codec::framed_read: received frame=Data { stream_id: StreamId(3) }
2026-09-16T09:14:24.848608600Z [DEBUG] DATA-001.h2::codec::framed_read: received frame=Data { stream_id: StreamId(3) }
2026-09-16T09:14:24.848614900Z [DEBUG] DATA-001.h2::codec::framed_read: received frame=Data { stream_id: StreamId(3) }
2026-09-16T09:14:24.848649900Z [DEBUG] DATA-001.h2::codec::framed_read: received frame=Data { stream_id: StreamId(3) }
2026-09-16T09:14:24.848659100Z [DEBUG] DATA-001.h2::codec::framed_read: received frame=Data { stream_id: StreamId(3) }
2026-09-16T09:14:24.848666100Z [DEBUG] DATA-001.h2::codec::framed_read: received frame=Data { stream_id: StreamId(3) }
2026-09-16T09:14:24.848680500Z [DEBUG] DATA-001.h2::codec::framed_read: received frame=Data { stream_id: StreamId(3) }
2026-09-16T09:14:24.848688100Z [DEBUG] DATA-001.h2::codec::framed_read: received frame=Data { stream_id: StreamId(3) }
2026-09-16T09:14:24.848703900Z [DEBUG] DATA-001.h2::codec::framed_read: received frame=Data { stream_id: StreamId(3) }
2026-09-16T09:14:24.850120400Z [DEBUG] DATA-001.h2::codec::framed_read: received frame=Data { stream_id: StreamId(3) }
2026-09-16T09:14:24.850145800Z [DEBUG] DATA-001.h2::codec::framed_read: received frame=Data { stream_id: StreamId(3) }
2026-09-16T09:14:24.852241200Z [DEBUG] DATA-001.h2::codec::framed_read: received frame=Data { stream_id: StreamId(3) }
2026-09-16T09:14:24.852260600Z [DEBUG] DATA-001.h2::codec::framed_read: received frame=Data { stream_id: StreamId(3) }
2026-09-16T09:14:24.852267100Z [DEBUG] DATA-001.h2::codec::framed_read: received frame=Data { stream_id: StreamId(3) }
2026-09-16T09:14:24.962811800Z [DEBUG] DATA-001.h2::codec::framed_read: received frame=Ping { ack: true, payload: [59, 124, 219, 122, 11, 135, 22, 180] }
2026-09-16T09:14:24.997411300Z [DEBUG] DATA-001.h2::codec::framed_read: received frame=Data { stream_id: StreamId(3) }
2026-09-16T09:14:24.997444700Z [DEBUG] DATA-001.h2::codec::framed_read: received frame=Data { stream_id: StreamId(3) }
2026-09-16T09:14:24.997474700Z [DEBUG] DATA-001.h2::codec::framed_write: send frame=WindowUpdate { stream_id: StreamId(0), size_increment: 229376 }
2026-09-16T09:14:24.997595500Z [DEBUG] DATA-001.h2::codec::framed_read: received frame=Data { stream_id: StreamId(3) }
2026-09-16T09:14:24.997602600Z [DEBUG] DATA-001.h2::codec::framed_read: received frame=Data { stream_id: StreamId(3) }
2026-09-16T09:14:25.005417400Z [DEBUG] DATA-001.h2::codec::framed_read: received frame=Data { stream_id: StreamId(3) }
2026-09-16T09:14:25.005441400Z [DEBUG] DATA-001.h2::codec::framed_read: received frame=Data { stream_id: StreamId(3) }
2026-09-16T09:14:25.005485200Z [DEBUG] DATA-001.h2::codec::framed_read: received frame=Data { stream_id: StreamId(3) }
2026-09-16T09:14:25.005490400Z [DEBUG] DATA-001.h2::codec::framed_read: received frame=Data { stream_id: StreamId(3) }
2026-09-16T09:14:25.005656700Z [DEBUG] DATA-001.h2::codec::framed_read: received frame=Data { stream_id: StreamId(3) }
2026-09-16T09:14:25.005684900Z [DEBUG] DATA-001.h2::codec::framed_read: received frame=Data { stream_id: StreamId(3) }
2026-09-16T09:14:25.005838300Z [DEBUG] DATA-001.h2::codec::framed_write: send frame=WindowUpdate { stream_id: StreamId(3), size_increment: 237568 }
2026-09-16T09:14:25.010438200Z [DEBUG] DATA-001.h2::codec::framed_read: received frame=Data { stream_id: StreamId(3) }
2026-09-16T09:14:25.010456600Z [DEBUG] DATA-001.h2::codec::framed_read: received frame=Data { stream_id: StreamId(3) }
2026-09-16T09:14:25.018764300Z [DEBUG] DATA-001.h2::codec::framed_read: received frame=Data { stream_id: StreamId(3) }
2026-09-16T09:14:25.018785500Z [DEBUG] DATA-001.h2::codec::framed_read: received frame=Data { stream_id: StreamId(3) }
2026-09-16T09:14:25.018816800Z [DEBUG] DATA-001.h2::codec::framed_read: received frame=Data { stream_id: StreamId(3) }
2026-09-16T09:14:25.018993800Z [DEBUG] DATA-001.h2::codec::framed_read: received frame=Data { stream_id: StreamId(3) }
2026-09-16T09:14:25.019011600Z [DEBUG] DATA-001.h2::codec::framed_read: received frame=Data { stream_id: StreamId(3) }
2026-09-16T09:14:25.019015900Z [DEBUG] DATA-001.h2::codec::framed_read: received frame=Data { stream_id: StreamId(3) }
2026-09-16T09:14:25.025626200Z [DEBUG] DATA-001.h2::codec::framed_read: received frame=Data { stream_id: StreamId(3) }
2026-09-16T09:14:25.025643000Z [DEBUG] DATA-001.h2::codec::framed_read: received frame=Data { stream_id: StreamId(3) }
2026-09-16T09:14:25.025648000Z [DEBUG] DATA-001.h2::codec::framed_read: received frame=Data { stream_id: StreamId(3) }
2026-09-16T09:14:25.025862000Z [DEBUG] DATA-001.h2::codec::framed_read: received frame=Data { stream_id: StreamId(3) }
2026-09-16T09:14:25.025896400Z [DEBUG] DATA-001.h2::codec::framed_read: received frame=Data { stream_id: StreamId(3) }
2026-09-16T09:14:25.025899300Z [DEBUG] DATA-001.h2::codec::framed_read: received frame=Data { stream_id: StreamId(3) }
2026-09-16T09:14:25.030590900Z [DEBUG] DATA-001.h2::codec::framed_read: received frame=Data { stream_id: StreamId(3) }
2026-09-16T09:14:25.030612300Z [DEBUG] DATA-001.h2::codec::framed_read: received frame=Data { stream_id: StreamId(3) }
2026-09-16T09:14:25.033003600Z [DEBUG] DATA-001.h2::codec::framed_read: received frame=Data { stream_id: StreamId(3) }
2026-09-16T09:14:25.033019600Z [DEBUG] DATA-001.h2::codec::framed_read: received frame=Data { stream_id: StreamId(3) }
2026-09-16T09:14:25.033118400Z [DEBUG] DATA-001.h2::codec::framed_read: received frame=Data { stream_id: StreamId(3) }
2026-09-16T09:14:25.033128500Z [DEBUG] DATA-001.h2::codec::framed_read: received frame=Data { stream_id: StreamId(3) }
2026-09-16T09:14:25.033132600Z [DEBUG] DATA-001.h2::codec::framed_read: received frame=Data { stream_id: StreamId(3), flags: (0x1: END_STREAM) }
2026-09-16T09:14:25.041808500Z [INFO] DATA-001.nautilus_binance::futures::data: Connecting to Binance Futures market WebSocket...
2026-09-16T09:14:25.042331900Z [DEBUG] DATA-001.nautilus_network::websocket::client: Connecting
2026-09-16T09:14:25.173466600Z [DEBUG] DATA-001.h2::codec::framed_read: received frame=Headers { stream_id: StreamId(3), flags: (0x4: END_HEADERS) }
2026-09-16T09:14:25.173497700Z [DEBUG] DATA-001.h2::codec::framed_read: received frame=Data { stream_id: StreamId(3) }
2026-09-16T09:14:25.173560400Z [DEBUG] DATA-001.h2::codec::framed_read: received frame=Data { stream_id: StreamId(3) }
2026-09-16T09:14:25.173724800Z [DEBUG] DATA-001.h2::codec::framed_read: received frame=Data { stream_id: StreamId(3) }
2026-09-16T09:14:25.173751000Z [DEBUG] DATA-001.h2::codec::framed_read: received frame=Data { stream_id: StreamId(3) }
2026-09-16T09:14:25.173773700Z [DEBUG] DATA-001.h2::codec::framed_read: received frame=Data { stream_id: StreamId(3) }
2026-09-16T09:14:25.173775500Z [DEBUG] DATA-001.h2::codec::framed_read: received frame=Data { stream_id: StreamId(3) }
2026-09-16T09:14:25.173777100Z [DEBUG] DATA-001.h2::codec::framed_read: received frame=Data { stream_id: StreamId(3) }
2026-09-16T09:14:25.173784000Z [DEBUG] DATA-001.h2::codec::framed_read: received frame=Data { stream_id: StreamId(3) }
2026-09-16T09:14:25.174101700Z [DEBUG] DATA-001.h2::codec::framed_write: send frame=Ping { ack: false, payload: [59, 124, 219, 122, 11, 135, 22, 180] }
2026-09-16T09:14:25.174269200Z [DEBUG] DATA-001.h2::codec::framed_read: received frame=Data { stream_id: StreamId(3) }
2026-09-16T09:14:25.174286600Z [DEBUG] DATA-001.h2::codec::framed_read: received frame=Data { stream_id: StreamId(3) }
2026-09-16T09:14:25.174650500Z [DEBUG] DATA-001.h2::codec::framed_write: send frame=WindowUpdate { stream_id: StreamId(0), size_increment: 1812935 }
2026-09-16T09:14:25.381783300Z [DEBUG] DATA-001.h2::codec::framed_read: received frame=Ping { ack: true, payload: [59, 124, 219, 122, 11, 135, 22, 180] }
2026-09-16T09:14:25.399104000Z [DEBUG] DATA-001.h2::codec::framed_read: received frame=Data { stream_id: StreamId(3) }
2026-09-16T09:14:25.399136200Z [DEBUG] DATA-001.h2::codec::framed_read: received frame=Data { stream_id: StreamId(3) }
2026-09-16T09:14:25.399164900Z [DEBUG] DATA-001.h2::codec::framed_read: received frame=Data { stream_id: StreamId(3) }
2026-09-16T09:14:25.399166800Z [DEBUG] DATA-001.h2::codec::framed_read: received frame=Data { stream_id: StreamId(3) }
2026-09-16T09:14:25.399304300Z [DEBUG] DATA-001.h2::codec::framed_read: received frame=Data { stream_id: StreamId(3) }
2026-09-16T09:14:25.399351500Z [DEBUG] DATA-001.h2::codec::framed_read: received frame=Data { stream_id: StreamId(3) }
2026-09-16T09:14:25.399518200Z [DEBUG] DATA-001.h2::codec::framed_write: send frame=Ping { ack: false, payload: [59, 124, 219, 122, 11, 135, 22, 180] }
2026-09-16T09:14:25.402061100Z [DEBUG] DATA-001.h2::codec::framed_read: received frame=Data { stream_id: StreamId(3) }
2026-09-16T09:14:25.402083100Z [DEBUG] DATA-001.h2::codec::framed_read: received frame=Data { stream_id: StreamId(3) }
2026-09-16T09:14:25.402099700Z [DEBUG] DATA-001.h2::codec::framed_read: received frame=Data { stream_id: StreamId(3) }
2026-09-16T09:14:25.402102200Z [DEBUG] DATA-001.h2::codec::framed_read: received frame=Data { stream_id: StreamId(3) }
2026-09-16T09:14:25.402661700Z [DEBUG] DATA-001.h2::codec::framed_read: received frame=Data { stream_id: StreamId(3) }
2026-09-16T09:14:25.402680600Z [DEBUG] DATA-001.h2::codec::framed_read: received frame=Data { stream_id: StreamId(3) }
2026-09-16T09:14:25.402698300Z [DEBUG] DATA-001.h2::codec::framed_read: received frame=Data { stream_id: StreamId(3) }
2026-09-16T09:14:25.402703700Z [DEBUG] DATA-001.h2::codec::framed_read: received frame=Data { stream_id: StreamId(3) }
2026-09-16T09:14:25.403608100Z [DEBUG] DATA-001.h2::codec::framed_read: received frame=Data { stream_id: StreamId(3) }
2026-09-16T09:14:25.403622900Z [DEBUG] DATA-001.h2::codec::framed_read: received frame=Data { stream_id: StreamId(3) }
2026-09-16T09:14:25.403724300Z [DEBUG] DATA-001.h2::codec::framed_read: received frame=Data { stream_id: StreamId(3) }
2026-09-16T09:14:25.403739000Z [DEBUG] DATA-001.h2::codec::framed_read: received frame=Data { stream_id: StreamId(3) }
2026-09-16T09:14:25.403827000Z [DEBUG] DATA-001.h2::codec::framed_read: received frame=Data { stream_id: StreamId(3) }
2026-09-16T09:14:25.403844200Z [DEBUG] DATA-001.h2::codec::framed_read: received frame=Data { stream_id: StreamId(3) }
2026-09-16T09:14:25.403989500Z [DEBUG] DATA-001.h2::codec::framed_read: received frame=Data { stream_id: StreamId(3) }
2026-09-16T09:14:25.404000900Z [DEBUG] DATA-001.h2::codec::framed_read: received frame=Data { stream_id: StreamId(3) }
2026-09-16T09:14:25.607678700Z [DEBUG] DATA-001.h2::codec::framed_read: received frame=Ping { ack: true, payload: [59, 124, 219, 122, 11, 135, 22, 180] }
2026-09-16T09:14:25.632006500Z [DEBUG] DATA-001.h2::codec::framed_read: received frame=Data { stream_id: StreamId(3) }
2026-09-16T09:14:25.632034700Z [DEBUG] DATA-001.h2::codec::framed_read: received frame=Data { stream_id: StreamId(3) }
2026-09-16T09:14:25.632121600Z [DEBUG] DATA-001.h2::codec::framed_read: received frame=Data { stream_id: StreamId(3) }
2026-09-16T09:14:25.632129600Z [DEBUG] DATA-001.h2::codec::framed_read: received frame=Data { stream_id: StreamId(3) }
2026-09-16T09:14:25.632145900Z [DEBUG] DATA-001.h2::codec::framed_read: received frame=Data { stream_id: StreamId(3) }
2026-09-16T09:14:25.632147700Z [DEBUG] DATA-001.h2::codec::framed_read: received frame=Data { stream_id: StreamId(3) }
2026-09-16T09:14:25.632164400Z [DEBUG] DATA-001.h2::codec::framed_read: received frame=Data { stream_id: StreamId(3) }
2026-09-16T09:14:25.632166300Z [DEBUG] DATA-001.h2::codec::framed_read: received frame=Data { stream_id: StreamId(3) }
2026-09-16T09:14:25.632178800Z [DEBUG] DATA-001.h2::codec::framed_read: received frame=Data { stream_id: StreamId(3) }
2026-09-16T09:14:25.632180700Z [DEBUG] DATA-001.h2::codec::framed_read: received frame=Data { stream_id: StreamId(3) }
2026-09-16T09:14:25.632194700Z [DEBUG] DATA-001.h2::codec::framed_read: received frame=Data { stream_id: StreamId(3) }
2026-09-16T09:14:25.632196700Z [DEBUG] DATA-001.h2::codec::framed_read: received frame=Data { stream_id: StreamId(3) }
2026-09-16T09:14:25.632209100Z [DEBUG] DATA-001.h2::codec::framed_read: received frame=Data { stream_id: StreamId(3) }
2026-09-16T09:14:25.632210400Z [DEBUG] DATA-001.h2::codec::framed_read: received frame=Data { stream_id: StreamId(3) }
2026-09-16T09:14:25.632230700Z [DEBUG] DATA-001.h2::codec::framed_read: received frame=Data { stream_id: StreamId(3) }
2026-09-16T09:14:25.632236100Z [DEBUG] DATA-001.h2::codec::framed_read: received frame=Data { stream_id: StreamId(3) }
2026-09-16T09:14:25.632252300Z [DEBUG] DATA-001.h2::codec::framed_read: received frame=Data { stream_id: StreamId(3) }
2026-09-16T09:14:25.632258000Z [DEBUG] DATA-001.h2::codec::framed_read: received frame=Data { stream_id: StreamId(3) }
2026-09-16T09:14:25.632272100Z [DEBUG] DATA-001.h2::codec::framed_read: received frame=Data { stream_id: StreamId(3) }
2026-09-16T09:14:25.632273700Z [DEBUG] DATA-001.h2::codec::framed_read: received frame=Data { stream_id: StreamId(3) }
2026-09-16T09:14:25.632286800Z [DEBUG] DATA-001.h2::codec::framed_read: received frame=Data { stream_id: StreamId(3) }
2026-09-16T09:14:25.632288300Z [DEBUG] DATA-001.h2::codec::framed_read: received frame=Data { stream_id: StreamId(3) }
2026-09-16T09:14:25.632305400Z [DEBUG] DATA-001.h2::codec::framed_read: received frame=Data { stream_id: StreamId(3) }
2026-09-16T09:14:25.632307000Z [DEBUG] DATA-001.h2::codec::framed_read: received frame=Data { stream_id: StreamId(3) }
2026-09-16T09:14:25.632320200Z [DEBUG] DATA-001.h2::codec::framed_read: received frame=Data { stream_id: StreamId(3) }
2026-09-16T09:14:25.632321800Z [DEBUG] DATA-001.h2::codec::framed_read: received frame=Data { stream_id: StreamId(3) }
2026-09-16T09:14:25.632334300Z [DEBUG] DATA-001.h2::codec::framed_read: received frame=Data { stream_id: StreamId(3) }
2026-09-16T09:14:25.632344100Z [DEBUG] DATA-001.h2::codec::framed_read: received frame=Data { stream_id: StreamId(3) }
2026-09-16T09:14:25.632359400Z [DEBUG] DATA-001.h2::codec::framed_read: received frame=Data { stream_id: StreamId(3) }
2026-09-16T09:14:25.632365200Z [DEBUG] DATA-001.h2::codec::framed_read: received frame=Data { stream_id: StreamId(3) }
2026-09-16T09:14:25.632381400Z [DEBUG] DATA-001.h2::codec::framed_read: received frame=Data { stream_id: StreamId(3) }
2026-09-16T09:14:25.632388100Z [DEBUG] DATA-001.h2::codec::framed_read: received frame=Data { stream_id: StreamId(3) }
2026-09-16T09:14:25.632634900Z [DEBUG] DATA-001.h2::codec::framed_write: send frame=Ping { ack: false, payload: [59, 124, 219, 122, 11, 135, 22, 180] }
2026-09-16T09:14:25.633369600Z [DEBUG] DATA-001.h2::codec::framed_read: received frame=Data { stream_id: StreamId(3) }
2026-09-16T09:14:25.633387800Z [DEBUG] DATA-001.h2::codec::framed_read: received frame=Data { stream_id: StreamId(3) }
2026-09-16T09:14:25.633421200Z [DEBUG] DATA-001.h2::codec::framed_read: received frame=Data { stream_id: StreamId(3) }
2026-09-16T09:14:25.633440100Z [DEBUG] DATA-001.h2::codec::framed_read: received frame=Data { stream_id: StreamId(3) }
2026-09-16T09:14:25.633505700Z [DEBUG] DATA-001.h2::codec::framed_read: received frame=Data { stream_id: StreamId(3) }
2026-09-16T09:14:25.633523200Z [DEBUG] DATA-001.h2::codec::framed_read: received frame=Data { stream_id: StreamId(3) }
2026-09-16T09:14:25.633717100Z [DEBUG] DATA-001.h2::codec::framed_read: received frame=Data { stream_id: StreamId(3) }
2026-09-16T09:14:25.633729300Z [DEBUG] DATA-001.h2::codec::framed_read: received frame=Data { stream_id: StreamId(3) }
2026-09-16T09:14:25.633894600Z [DEBUG] DATA-001.h2::codec::framed_read: received frame=Data { stream_id: StreamId(3) }
2026-09-16T09:14:25.633900300Z [DEBUG] DATA-001.h2::codec::framed_read: received frame=Data { stream_id: StreamId(3) }
2026-09-16T09:14:25.634040200Z [DEBUG] DATA-001.h2::codec::framed_read: received frame=Data { stream_id: StreamId(3) }
2026-09-16T09:14:25.634055100Z [DEBUG] DATA-001.h2::codec::framed_read: received frame=Data { stream_id: StreamId(3) }
2026-09-16T09:14:25.636036200Z [DEBUG] DATA-001.h2::codec::framed_read: received frame=Data { stream_id: StreamId(3) }
2026-09-16T09:14:25.636071200Z [DEBUG] DATA-001.h2::codec::framed_read: received frame=Data { stream_id: StreamId(3) }
2026-09-16T09:14:25.636073900Z [DEBUG] DATA-001.h2::codec::framed_read: received frame=Data { stream_id: StreamId(3) }
2026-09-16T09:14:25.636075000Z [DEBUG] DATA-001.h2::codec::framed_read: received frame=Data { stream_id: StreamId(3) }
2026-09-16T09:14:25.636079500Z [DEBUG] DATA-001.h2::codec::framed_read: received frame=Data { stream_id: StreamId(3) }
2026-09-16T09:14:25.842722600Z [DEBUG] DATA-001.h2::codec::framed_read: received frame=Ping { ack: true, payload: [59, 124, 219, 122, 11, 135, 22, 180] }
2026-09-16T09:14:25.853711200Z [DEBUG] DATA-001.h2::codec::framed_read: received frame=Data { stream_id: StreamId(3) }
2026-09-16T09:14:25.853739000Z [DEBUG] DATA-001.h2::codec::framed_read: received frame=Data { stream_id: StreamId(3) }
2026-09-16T09:14:25.853764200Z [DEBUG] DATA-001.h2::codec::framed_read: received frame=Data { stream_id: StreamId(3) }
2026-09-16T09:14:25.853766600Z [DEBUG] DATA-001.h2::codec::framed_read: received frame=Data { stream_id: StreamId(3) }
2026-09-16T09:14:25.853892600Z [DEBUG] DATA-001.h2::codec::framed_read: received frame=Data { stream_id: StreamId(3) }
2026-09-16T09:14:25.853899200Z [DEBUG] DATA-001.h2::codec::framed_read: received frame=Data { stream_id: StreamId(3) }
2026-09-16T09:14:25.854207200Z [DEBUG] DATA-001.h2::codec::framed_write: send frame=Ping { ack: false, payload: [59, 124, 219, 122, 11, 135, 22, 180] }
2026-09-16T09:14:25.855256300Z [DEBUG] DATA-001.h2::codec::framed_read: received frame=Data { stream_id: StreamId(3) }
2026-09-16T09:14:25.855303200Z [DEBUG] DATA-001.h2::codec::framed_read: received frame=Data { stream_id: StreamId(3) }
2026-09-16T09:14:25.855529900Z [DEBUG] DATA-001.h2::codec::framed_read: received frame=Data { stream_id: StreamId(3) }
2026-09-16T09:14:25.855548300Z [DEBUG] DATA-001.h2::codec::framed_read: received frame=Data { stream_id: StreamId(3) }
2026-09-16T09:14:25.855593400Z [DEBUG] DATA-001.h2::codec::framed_read: received frame=Data { stream_id: StreamId(3) }
2026-09-16T09:14:25.855599700Z [DEBUG] DATA-001.h2::codec::framed_read: received frame=Data { stream_id: StreamId(3) }
2026-09-16T09:14:25.855760100Z [DEBUG] DATA-001.h2::codec::framed_read: received frame=Data { stream_id: StreamId(3) }
2026-09-16T09:14:25.855774100Z [DEBUG] DATA-001.h2::codec::framed_read: received frame=Data { stream_id: StreamId(3) }
2026-09-16T09:14:25.855811900Z [DEBUG] DATA-001.h2::codec::framed_read: received frame=Data { stream_id: StreamId(3) }
2026-09-16T09:14:25.855818500Z [DEBUG] DATA-001.h2::codec::framed_read: received frame=Data { stream_id: StreamId(3) }
2026-09-16T09:14:25.857499200Z [DEBUG] DATA-001.h2::codec::framed_read: received frame=Data { stream_id: StreamId(3) }
2026-09-16T09:14:25.857548800Z [DEBUG] DATA-001.h2::codec::framed_read: received frame=Data { stream_id: StreamId(3) }
2026-09-16T09:14:25.857579600Z [DEBUG] DATA-001.h2::codec::framed_read: received frame=Data { stream_id: StreamId(3) }
2026-09-16T09:14:25.857589500Z [DEBUG] DATA-001.h2::codec::framed_read: received frame=Data { stream_id: StreamId(3) }
2026-09-16T09:14:25.857613900Z [DEBUG] DATA-001.h2::codec::framed_read: received frame=Data { stream_id: StreamId(3) }
2026-09-16T09:14:25.857617100Z [DEBUG] DATA-001.h2::codec::framed_read: received frame=Data { stream_id: StreamId(3) }
2026-09-16T09:14:25.857638400Z [DEBUG] DATA-001.h2::codec::framed_read: received frame=Data { stream_id: StreamId(3) }
2026-09-16T09:14:25.857647200Z [DEBUG] DATA-001.h2::codec::framed_read: received frame=Data { stream_id: StreamId(3) }
2026-09-16T09:14:25.857663300Z [DEBUG] DATA-001.h2::codec::framed_read: received frame=Data { stream_id: StreamId(3) }
2026-09-16T09:14:25.859224100Z [DEBUG] DATA-001.h2::codec::framed_read: received frame=Data { stream_id: StreamId(3) }
2026-09-16T09:14:25.859267700Z [DEBUG] DATA-001.h2::codec::framed_read: received frame=Data { stream_id: StreamId(3) }
2026-09-16T09:14:25.859593600Z [DEBUG] DATA-001.h2::codec::framed_read: received frame=Data { stream_id: StreamId(3) }
2026-09-16T09:14:25.859603900Z [DEBUG] DATA-001.h2::codec::framed_read: received frame=Data { stream_id: StreamId(3) }
2026-09-16T09:14:25.859659200Z [DEBUG] DATA-001.h2::codec::framed_read: received frame=Data { stream_id: StreamId(3) }
2026-09-16T09:14:25.859661100Z [DEBUG] DATA-001.h2::codec::framed_read: received frame=Data { stream_id: StreamId(3) }
2026-09-16T09:14:25.859800400Z [DEBUG] DATA-001.h2::codec::framed_read: received frame=Data { stream_id: StreamId(3) }
2026-09-16T09:14:25.859813200Z [DEBUG] DATA-001.h2::codec::framed_read: received frame=Data { stream_id: StreamId(3) }
2026-09-16T09:14:25.861461200Z [DEBUG] DATA-001.h2::codec::framed_read: received frame=Data { stream_id: StreamId(3) }
2026-09-16T09:14:25.861483200Z [DEBUG] DATA-001.h2::codec::framed_read: received frame=Data { stream_id: StreamId(3) }
2026-09-16T09:14:25.861502300Z [DEBUG] DATA-001.h2::codec::framed_read: received frame=Data { stream_id: StreamId(3) }
2026-09-16T09:14:25.861504200Z [DEBUG] DATA-001.h2::codec::framed_read: received frame=Data { stream_id: StreamId(3) }
2026-09-16T09:14:25.861631000Z [DEBUG] DATA-001.h2::codec::framed_read: received frame=Data { stream_id: StreamId(3) }
2026-09-16T09:14:25.861647100Z [DEBUG] DATA-001.h2::codec::framed_read: received frame=Data { stream_id: StreamId(3) }
2026-09-16T09:14:25.861670200Z [DEBUG] DATA-001.h2::codec::framed_read: received frame=Data { stream_id: StreamId(3) }
2026-09-16T09:14:25.861683200Z [DEBUG] DATA-001.h2::codec::framed_read: received frame=Data { stream_id: StreamId(3) }
2026-09-16T09:14:25.863407900Z [DEBUG] DATA-001.h2::codec::framed_read: received frame=Data { stream_id: StreamId(3) }
2026-09-16T09:14:25.863431200Z [DEBUG] DATA-001.h2::codec::framed_read: received frame=Data { stream_id: StreamId(3) }
2026-09-16T09:14:25.863450300Z [DEBUG] DATA-001.h2::codec::framed_read: received frame=Data { stream_id: StreamId(3) }
2026-09-16T09:14:25.863451900Z [DEBUG] DATA-001.h2::codec::framed_read: received frame=Data { stream_id: StreamId(3) }
2026-09-16T09:14:25.863468800Z [DEBUG] DATA-001.h2::codec::framed_read: received frame=Data { stream_id: StreamId(3) }
2026-09-16T09:14:25.863471200Z [DEBUG] DATA-001.h2::codec::framed_read: received frame=Data { stream_id: StreamId(3) }
2026-09-16T09:14:25.863516400Z [DEBUG] DATA-001.h2::codec::framed_read: received frame=Data { stream_id: StreamId(3) }
2026-09-16T09:14:25.863521800Z [DEBUG] DATA-001.h2::codec::framed_read: received frame=Data { stream_id: StreamId(3) }
2026-09-16T09:14:25.863621400Z [DEBUG] DATA-001.h2::codec::framed_read: received frame=Data { stream_id: StreamId(3) }
2026-09-16T09:14:25.863654500Z [DEBUG] DATA-001.h2::codec::framed_read: received frame=Data { stream_id: StreamId(3) }
2026-09-16T09:14:25.865035300Z [DEBUG] DATA-001.h2::codec::framed_read: received frame=Data { stream_id: StreamId(3) }
2026-09-16T09:14:25.865054100Z [DEBUG] DATA-001.h2::codec::framed_read: received frame=Data { stream_id: StreamId(3) }
2026-09-16T09:14:25.865067200Z [DEBUG] DATA-001.h2::codec::framed_read: received frame=Data { stream_id: StreamId(3) }
2026-09-16T09:14:25.865269700Z [DEBUG] DATA-001.h2::codec::framed_read: received frame=Data { stream_id: StreamId(3) }
2026-09-16T09:14:25.865321800Z [DEBUG] DATA-001.h2::codec::framed_read: received frame=Data { stream_id: StreamId(3) }
2026-09-16T09:14:25.865333400Z [DEBUG] DATA-001.h2::codec::framed_read: received frame=Data { stream_id: StreamId(3) }
2026-09-16T09:14:25.865344300Z [DEBUG] DATA-001.h2::codec::framed_read: received frame=Data { stream_id: StreamId(3) }
2026-09-16T09:14:25.865385800Z [DEBUG] DATA-001.h2::codec::framed_read: received frame=Data { stream_id: StreamId(3) }
2026-09-16T09:14:25.865390000Z [DEBUG] DATA-001.h2::codec::framed_read: received frame=Data { stream_id: StreamId(3) }
2026-09-16T09:14:25.865421100Z [DEBUG] DATA-001.h2::codec::framed_read: received frame=Data { stream_id: StreamId(3) }
2026-09-16T09:14:25.865429800Z [DEBUG] DATA-001.h2::codec::framed_read: received frame=Data { stream_id: StreamId(3) }
2026-09-16T09:14:25.868040100Z [DEBUG] DATA-001.h2::codec::framed_read: received frame=Data { stream_id: StreamId(3) }
2026-09-16T09:14:25.868060500Z [DEBUG] DATA-001.h2::codec::framed_read: received frame=Data { stream_id: StreamId(3) }
2026-09-16T09:14:25.868074900Z [DEBUG] DATA-001.h2::codec::framed_read: received frame=Data { stream_id: StreamId(3) }
2026-09-16T09:14:25.868077000Z [DEBUG] DATA-001.h2::codec::framed_read: received frame=Data { stream_id: StreamId(3) }
2026-09-16T09:14:25.868209400Z [DEBUG] DATA-001.h2::codec::framed_read: received frame=Data { stream_id: StreamId(3) }
2026-09-16T09:14:25.868220900Z [DEBUG] DATA-001.h2::codec::framed_read: received frame=Data { stream_id: StreamId(3) }
2026-09-16T09:14:25.868264300Z [DEBUG] DATA-001.h2::codec::framed_read: received frame=Data { stream_id: StreamId(3) }
2026-09-16T09:14:25.868269600Z [DEBUG] DATA-001.h2::codec::framed_read: received frame=Data { stream_id: StreamId(3) }
2026-09-16T09:14:25.868276000Z [DEBUG] DATA-001.h2::codec::framed_read: received frame=Data { stream_id: StreamId(3) }
2026-09-16T09:14:25.869162500Z [DEBUG] DATA-001.h2::codec::framed_read: received frame=Data { stream_id: StreamId(3) }
2026-09-16T09:14:25.869185800Z [DEBUG] DATA-001.h2::codec::framed_read: received frame=Data { stream_id: StreamId(3) }
2026-09-16T09:14:25.869200500Z [DEBUG] DATA-001.h2::codec::framed_read: received frame=Data { stream_id: StreamId(3) }
2026-09-16T09:14:25.869273300Z [DEBUG] DATA-001.h2::codec::framed_read: received frame=Data { stream_id: StreamId(3) }
2026-09-16T09:14:25.869286600Z [DEBUG] DATA-001.h2::codec::framed_read: received frame=Data { stream_id: StreamId(3) }
2026-09-16T09:14:25.869308100Z [DEBUG] DATA-001.h2::codec::framed_read: received frame=Data { stream_id: StreamId(3) }
2026-09-16T09:14:25.869311200Z [DEBUG] DATA-001.h2::codec::framed_read: received frame=Data { stream_id: StreamId(3) }
2026-09-16T09:14:25.869321700Z [DEBUG] DATA-001.h2::codec::framed_read: received frame=Data { stream_id: StreamId(3) }
2026-09-16T09:14:25.869359100Z [DEBUG] DATA-001.h2::codec::framed_read: received frame=Data { stream_id: StreamId(3) }
2026-09-16T09:14:25.869384300Z [DEBUG] DATA-001.h2::codec::framed_read: received frame=Data { stream_id: StreamId(3) }
2026-09-16T09:14:25.871168100Z [DEBUG] DATA-001.h2::codec::framed_read: received frame=Data { stream_id: StreamId(3) }
2026-09-16T09:14:25.871188800Z [DEBUG] DATA-001.h2::codec::framed_read: received frame=Data { stream_id: StreamId(3) }
2026-09-16T09:14:25.871274700Z [DEBUG] DATA-001.h2::codec::framed_read: received frame=Data { stream_id: StreamId(3) }
2026-09-16T09:14:25.871290500Z [DEBUG] DATA-001.h2::codec::framed_read: received frame=Data { stream_id: StreamId(3) }
2026-09-16T09:14:25.871331100Z [DEBUG] DATA-001.h2::codec::framed_read: received frame=Data { stream_id: StreamId(3) }
2026-09-16T09:14:25.871337000Z [DEBUG] DATA-001.h2::codec::framed_read: received frame=Data { stream_id: StreamId(3) }
2026-09-16T09:14:25.871365700Z [DEBUG] DATA-001.h2::codec::framed_read: received frame=Data { stream_id: StreamId(3) }
2026-09-16T09:14:25.871366600Z [DEBUG] DATA-001.h2::codec::framed_read: received frame=Data { stream_id: StreamId(3) }
2026-09-16T09:14:25.871373700Z [DEBUG] DATA-001.h2::codec::framed_read: received frame=Data { stream_id: StreamId(3) }
2026-09-16T09:14:25.873313300Z [DEBUG] DATA-001.h2::codec::framed_read: received frame=Data { stream_id: StreamId(3) }
2026-09-16T09:14:25.873333400Z [DEBUG] DATA-001.h2::codec::framed_read: received frame=Data { stream_id: StreamId(3) }
2026-09-16T09:14:25.873398700Z [DEBUG] DATA-001.h2::codec::framed_read: received frame=Data { stream_id: StreamId(3) }
2026-09-16T09:14:25.873404800Z [DEBUG] DATA-001.h2::codec::framed_read: received frame=Data { stream_id: StreamId(3) }
2026-09-16T09:14:25.873477000Z [DEBUG] DATA-001.h2::codec::framed_read: received frame=Data { stream_id: StreamId(3) }
2026-09-16T09:14:25.873489000Z [DEBUG] DATA-001.h2::codec::framed_read: received frame=Data { stream_id: StreamId(3) }
2026-09-16T09:14:25.905621000Z [DEBUG] DATA-001.h2::codec::framed_read: received frame=Data { stream_id: StreamId(3) }
2026-09-16T09:14:25.905641500Z [DEBUG] DATA-001.h2::codec::framed_read: received frame=Data { stream_id: StreamId(3) }
2026-09-16T09:14:26.070528000Z [DEBUG] DATA-001.h2::codec::framed_read: received frame=Ping { ack: true, payload: [59, 124, 219, 122, 11, 135, 22, 180] }
2026-09-16T09:14:26.082898500Z [DEBUG] DATA-001.h2::codec::framed_read: received frame=Data { stream_id: StreamId(3) }
2026-09-16T09:14:26.082928100Z [DEBUG] DATA-001.h2::codec::framed_read: received frame=Data { stream_id: StreamId(3) }
2026-09-16T09:14:26.082994400Z [DEBUG] DATA-001.h2::codec::framed_read: received frame=Data { stream_id: StreamId(3) }
2026-09-16T09:14:26.083092900Z [DEBUG] DATA-001.h2::codec::framed_read: received frame=Data { stream_id: StreamId(3) }
2026-09-16T09:14:26.083145100Z [DEBUG] DATA-001.h2::codec::framed_read: received frame=Data { stream_id: StreamId(3) }
2026-09-16T09:14:26.083151200Z [DEBUG] DATA-001.h2::codec::framed_read: received frame=Data { stream_id: StreamId(3) }
2026-09-16T09:14:26.083153300Z [DEBUG] DATA-001.h2::codec::framed_read: received frame=Data { stream_id: StreamId(3) }
2026-09-16T09:14:26.083158700Z [DEBUG] DATA-001.h2::codec::framed_read: received frame=Data { stream_id: StreamId(3) }
2026-09-16T09:14:26.083229300Z [DEBUG] DATA-001.h2::codec::framed_read: received frame=Data { stream_id: StreamId(3) }
2026-09-16T09:14:26.083301800Z [DEBUG] DATA-001.h2::codec::framed_read: received frame=Data { stream_id: StreamId(3) }
2026-09-16T09:14:26.083327400Z [DEBUG] DATA-001.h2::codec::framed_read: received frame=Data { stream_id: StreamId(3) }
2026-09-16T09:14:26.083381300Z [DEBUG] DATA-001.h2::codec::framed_write: send frame=Ping { ack: false, payload: [59, 124, 219, 122, 11, 135, 22, 180] }
2026-09-16T09:14:26.085164300Z [DEBUG] DATA-001.h2::codec::framed_read: received frame=Data { stream_id: StreamId(3) }
2026-09-16T09:14:26.085185200Z [DEBUG] DATA-001.h2::codec::framed_read: received frame=Data { stream_id: StreamId(3) }
2026-09-16T09:14:26.085203100Z [DEBUG] DATA-001.h2::codec::framed_read: received frame=Data { stream_id: StreamId(3) }
2026-09-16T09:14:26.085234700Z [DEBUG] DATA-001.h2::codec::framed_read: received frame=Data { stream_id: StreamId(3) }
2026-09-16T09:14:26.085339100Z [DEBUG] DATA-001.h2::codec::framed_read: received frame=Data { stream_id: StreamId(3) }
2026-09-16T09:14:26.085355600Z [DEBUG] DATA-001.h2::codec::framed_read: received frame=Data { stream_id: StreamId(3) }
2026-09-16T09:14:26.096137000Z [DEBUG] DATA-001.h2::codec::framed_read: received frame=Data { stream_id: StreamId(3) }
2026-09-16T09:14:26.096159700Z [DEBUG] DATA-001.h2::codec::framed_read: received frame=Data { stream_id: StreamId(3) }
2026-09-16T09:14:26.096181500Z [DEBUG] DATA-001.h2::codec::framed_read: received frame=Data { stream_id: StreamId(3) }
2026-09-16T09:14:26.096182900Z [DEBUG] DATA-001.h2::codec::framed_read: received frame=Data { stream_id: StreamId(3) }
2026-09-16T09:14:26.096218200Z [DEBUG] DATA-001.h2::codec::framed_read: received frame=Data { stream_id: StreamId(3) }
2026-09-16T09:14:26.096353500Z [DEBUG] DATA-001.h2::codec::framed_read: received frame=Data { stream_id: StreamId(3) }
2026-09-16T09:14:26.096403300Z [DEBUG] DATA-001.h2::codec::framed_read: received frame=Data { stream_id: StreamId(3) }
2026-09-16T09:14:26.096447800Z [DEBUG] DATA-001.h2::codec::framed_read: received frame=Data { stream_id: StreamId(3) }
2026-09-16T09:14:26.096475900Z [DEBUG] DATA-001.h2::codec::framed_read: received frame=Data { stream_id: StreamId(3) }
2026-09-16T09:14:26.096485300Z [DEBUG] DATA-001.h2::codec::framed_read: received frame=Data { stream_id: StreamId(3) }
2026-09-16T09:14:26.096509100Z [DEBUG] DATA-001.h2::codec::framed_read: received frame=Data { stream_id: StreamId(3) }
2026-09-16T09:14:26.096519200Z [DEBUG] DATA-001.h2::codec::framed_read: received frame=Data { stream_id: StreamId(3) }
2026-09-16T09:14:26.096540900Z [DEBUG] DATA-001.h2::codec::framed_read: received frame=Data { stream_id: StreamId(3) }
2026-09-16T09:14:26.096543700Z [DEBUG] DATA-001.h2::codec::framed_read: received frame=Data { stream_id: StreamId(3) }
2026-09-16T09:14:26.096557300Z [DEBUG] DATA-001.h2::codec::framed_read: received frame=Data { stream_id: StreamId(3) }
2026-09-16T09:14:26.096621100Z [DEBUG] DATA-001.h2::codec::framed_read: received frame=Data { stream_id: StreamId(3) }
2026-09-16T09:14:26.096648800Z [DEBUG] DATA-001.h2::codec::framed_read: received frame=Data { stream_id: StreamId(3) }
2026-09-16T09:14:26.096710500Z [DEBUG] DATA-001.h2::codec::framed_read: received frame=Data { stream_id: StreamId(3) }
2026-09-16T09:14:26.096740300Z [DEBUG] DATA-001.h2::codec::framed_read: received frame=Data { stream_id: StreamId(3) }
2026-09-16T09:14:26.096746100Z [DEBUG] DATA-001.h2::codec::framed_read: received frame=Data { stream_id: StreamId(3) }
2026-09-16T09:14:26.096827100Z [DEBUG] DATA-001.h2::codec::framed_read: received frame=Data { stream_id: StreamId(3) }
2026-09-16T09:14:26.096846700Z [DEBUG] DATA-001.h2::codec::framed_read: received frame=Data { stream_id: StreamId(3) }
2026-09-16T09:14:26.096859800Z [DEBUG] DATA-001.h2::codec::framed_read: received frame=Data { stream_id: StreamId(3) }
2026-09-16T09:14:26.096941600Z [DEBUG] DATA-001.h2::codec::framed_read: received frame=Data { stream_id: StreamId(3) }
2026-09-16T09:14:26.096971100Z [DEBUG] DATA-001.h2::codec::framed_read: received frame=Data { stream_id: StreamId(3) }
2026-09-16T09:14:26.096973100Z [DEBUG] DATA-001.h2::codec::framed_read: received frame=Data { stream_id: StreamId(3) }
2026-09-16T09:14:26.096974100Z [DEBUG] DATA-001.h2::codec::framed_read: received frame=Data { stream_id: StreamId(3) }
2026-09-16T09:14:26.096976100Z [DEBUG] DATA-001.h2::codec::framed_read: received frame=Data { stream_id: StreamId(3) }
2026-09-16T09:14:26.097019100Z [DEBUG] DATA-001.h2::codec::framed_read: received frame=Data { stream_id: StreamId(3) }
2026-09-16T09:14:26.097026400Z [DEBUG] DATA-001.h2::codec::framed_read: received frame=Data { stream_id: StreamId(3) }
2026-09-16T09:14:26.097028000Z [DEBUG] DATA-001.h2::codec::framed_read: received frame=Data { stream_id: StreamId(3) }
2026-09-16T09:14:26.097033300Z [DEBUG] DATA-001.h2::codec::framed_read: received frame=Data { stream_id: StreamId(3) }
2026-09-16T09:14:26.097114500Z [DEBUG] DATA-001.h2::codec::framed_read: received frame=Data { stream_id: StreamId(3) }
2026-09-16T09:14:26.097158000Z [DEBUG] DATA-001.h2::codec::framed_read: received frame=Data { stream_id: StreamId(3) }
2026-09-16T09:14:26.097166500Z [DEBUG] DATA-001.h2::codec::framed_read: received frame=Data { stream_id: StreamId(3) }
2026-09-16T09:14:26.097187000Z [DEBUG] DATA-001.h2::codec::framed_read: received frame=Data { stream_id: StreamId(3) }
2026-09-16T09:14:26.097196300Z [DEBUG] DATA-001.h2::codec::framed_read: received frame=Data { stream_id: StreamId(3) }
2026-09-16T09:14:26.097243800Z [DEBUG] DATA-001.h2::codec::framed_read: received frame=Data { stream_id: StreamId(3) }
2026-09-16T09:14:26.097250600Z [DEBUG] DATA-001.h2::codec::framed_read: received frame=Data { stream_id: StreamId(3) }
2026-09-16T09:14:26.097285800Z [DEBUG] DATA-001.h2::codec::framed_read: received frame=Data { stream_id: StreamId(3) }
2026-09-16T09:14:26.097291800Z [DEBUG] DATA-001.h2::codec::framed_read: received frame=Data { stream_id: StreamId(3) }
2026-09-16T09:14:26.097393900Z [DEBUG] DATA-001.h2::codec::framed_read: received frame=Data { stream_id: StreamId(3) }
2026-09-16T09:14:26.097402100Z [DEBUG] DATA-001.h2::codec::framed_read: received frame=Data { stream_id: StreamId(3) }
2026-09-16T09:14:26.097456800Z [DEBUG] DATA-001.h2::codec::framed_read: received frame=Data { stream_id: StreamId(3) }
2026-09-16T09:14:26.097465700Z [DEBUG] DATA-001.h2::codec::framed_read: received frame=Data { stream_id: StreamId(3) }
2026-09-16T09:14:26.097478100Z [DEBUG] DATA-001.h2::codec::framed_write: send frame=WindowUpdate { stream_id: StreamId(3), size_increment: 1818401 }
2026-09-16T09:14:26.097594700Z [DEBUG] DATA-001.h2::codec::framed_read: received frame=Data { stream_id: StreamId(3) }
2026-09-16T09:14:26.097601100Z [DEBUG] DATA-001.h2::codec::framed_read: received frame=Data { stream_id: StreamId(3) }
2026-09-16T09:14:26.111027500Z [DEBUG] DATA-001.h2::codec::framed_read: received frame=Data { stream_id: StreamId(3) }
2026-09-16T09:14:26.111050000Z [DEBUG] DATA-001.h2::codec::framed_read: received frame=Data { stream_id: StreamId(3) }
2026-09-16T09:14:26.111095400Z [DEBUG] DATA-001.h2::codec::framed_read: received frame=Data { stream_id: StreamId(3) }
2026-09-16T09:14:26.111100500Z [DEBUG] DATA-001.h2::codec::framed_read: received frame=Data { stream_id: StreamId(3) }
2026-09-16T09:14:26.111139500Z [DEBUG] DATA-001.h2::codec::framed_read: received frame=Data { stream_id: StreamId(3) }
2026-09-16T09:14:26.111141800Z [DEBUG] DATA-001.h2::codec::framed_read: received frame=Data { stream_id: StreamId(3) }
2026-09-16T09:14:26.111273500Z [DEBUG] DATA-001.h2::codec::framed_read: received frame=Data { stream_id: StreamId(3) }
2026-09-16T09:14:26.111290000Z [DEBUG] DATA-001.h2::codec::framed_read: received frame=Data { stream_id: StreamId(3) }
2026-09-16T09:14:26.111321300Z [DEBUG] DATA-001.h2::codec::framed_read: received frame=Data { stream_id: StreamId(3) }
2026-09-16T09:14:26.111325100Z [DEBUG] DATA-001.h2::codec::framed_read: received frame=Data { stream_id: StreamId(3) }
2026-09-16T09:14:26.111352100Z [DEBUG] DATA-001.h2::codec::framed_read: received frame=Data { stream_id: StreamId(3) }
2026-09-16T09:14:26.111368500Z [DEBUG] DATA-001.h2::codec::framed_read: received frame=Data { stream_id: StreamId(3) }
2026-09-16T09:14:26.111393600Z [DEBUG] DATA-001.h2::codec::framed_read: received frame=Data { stream_id: StreamId(3) }
2026-09-16T09:14:26.111396500Z [DEBUG] DATA-001.h2::codec::framed_read: received frame=Data { stream_id: StreamId(3) }
2026-09-16T09:14:26.111418900Z [DEBUG] DATA-001.h2::codec::framed_read: received frame=Data { stream_id: StreamId(3) }
2026-09-16T09:14:26.111431200Z [DEBUG] DATA-001.h2::codec::framed_read: received frame=Data { stream_id: StreamId(3) }
2026-09-16T09:14:26.111451200Z [DEBUG] DATA-001.h2::codec::framed_read: received frame=Data { stream_id: StreamId(3) }
2026-09-16T09:14:26.111453600Z [DEBUG] DATA-001.h2::codec::framed_read: received frame=Data { stream_id: StreamId(3) }
2026-09-16T09:14:26.111465900Z [DEBUG] DATA-001.h2::codec::framed_read: received frame=Data { stream_id: StreamId(3) }
2026-09-16T09:14:26.111467000Z [DEBUG] DATA-001.h2::codec::framed_read: received frame=Data { stream_id: StreamId(3) }
2026-09-16T09:14:26.111468800Z [DEBUG] DATA-001.h2::codec::framed_write: send frame=WindowUpdate { stream_id: StreamId(0), size_increment: 1859236 }
2026-09-16T09:14:26.111571500Z [DEBUG] DATA-001.h2::codec::framed_read: received frame=Data { stream_id: StreamId(3) }
2026-09-16T09:14:26.111591200Z [DEBUG] DATA-001.h2::codec::framed_read: received frame=Data { stream_id: StreamId(3) }
2026-09-16T09:14:26.111599200Z [DEBUG] DATA-001.h2::codec::framed_read: received frame=Data { stream_id: StreamId(3) }
2026-09-16T09:14:26.111948700Z [DEBUG] DATA-001.h2::codec::framed_read: received frame=Data { stream_id: StreamId(3) }
2026-09-16T09:14:26.111974800Z [DEBUG] DATA-001.h2::codec::framed_read: received frame=Data { stream_id: StreamId(3) }
2026-09-16T09:14:26.111999000Z [DEBUG] DATA-001.h2::codec::framed_read: received frame=Data { stream_id: StreamId(3) }
2026-09-16T09:14:26.112002000Z [DEBUG] DATA-001.h2::codec::framed_read: received frame=Data { stream_id: StreamId(3) }
2026-09-16T09:14:26.112010800Z [DEBUG] DATA-001.h2::codec::framed_read: received frame=Data { stream_id: StreamId(3) }
2026-09-16T09:14:26.112083000Z [DEBUG] DATA-001.h2::codec::framed_read: received frame=Data { stream_id: StreamId(3) }
2026-09-16T09:14:26.112113300Z [DEBUG] DATA-001.h2::codec::framed_read: received frame=Data { stream_id: StreamId(3) }
2026-09-16T09:14:26.112116600Z [DEBUG] DATA-001.h2::codec::framed_read: received frame=Data { stream_id: StreamId(3) }
2026-09-16T09:14:26.112117700Z [DEBUG] DATA-001.h2::codec::framed_read: received frame=Data { stream_id: StreamId(3) }
2026-09-16T09:14:26.112125300Z [DEBUG] DATA-001.h2::codec::framed_read: received frame=Data { stream_id: StreamId(3) }
2026-09-16T09:14:26.112189400Z [DEBUG] DATA-001.h2::codec::framed_read: received frame=Data { stream_id: StreamId(3) }
2026-09-16T09:14:26.112211900Z [DEBUG] DATA-001.h2::codec::framed_read: received frame=Data { stream_id: StreamId(3) }
2026-09-16T09:14:26.112240600Z [DEBUG] DATA-001.h2::codec::framed_read: received frame=Data { stream_id: StreamId(3) }
2026-09-16T09:14:26.112260400Z [DEBUG] DATA-001.h2::codec::framed_read: received frame=Data { stream_id: StreamId(3) }
2026-09-16T09:14:26.112282400Z [DEBUG] DATA-001.h2::codec::framed_read: received frame=Data { stream_id: StreamId(3) }
2026-09-16T09:14:26.112361800Z [DEBUG] DATA-001.h2::codec::framed_read: received frame=Data { stream_id: StreamId(3) }
2026-09-16T09:14:26.112375300Z [DEBUG] DATA-001.h2::codec::framed_read: received frame=Data { stream_id: StreamId(3) }
2026-09-16T09:14:26.112391500Z [DEBUG] DATA-001.h2::codec::framed_read: received frame=Data { stream_id: StreamId(3) }
2026-09-16T09:14:26.112425800Z [DEBUG] DATA-001.h2::codec::framed_read: received frame=Data { stream_id: StreamId(3) }
2026-09-16T09:14:26.112436200Z [DEBUG] DATA-001.h2::codec::framed_read: received frame=Data { stream_id: StreamId(3) }
2026-09-16T09:14:26.112485400Z [DEBUG] DATA-001.h2::codec::framed_read: received frame=Data { stream_id: StreamId(3) }
2026-09-16T09:14:26.112493500Z [DEBUG] DATA-001.h2::codec::framed_read: received frame=Data { stream_id: StreamId(3) }
2026-09-16T09:14:26.112538800Z [DEBUG] DATA-001.h2::codec::framed_read: received frame=Data { stream_id: StreamId(3) }
2026-09-16T09:14:26.112544300Z [DEBUG] DATA-001.h2::codec::framed_read: received frame=Data { stream_id: StreamId(3) }
2026-09-16T09:14:26.112607000Z [DEBUG] DATA-001.h2::codec::framed_read: received frame=Data { stream_id: StreamId(3) }
2026-09-16T09:14:26.112614000Z [DEBUG] DATA-001.h2::codec::framed_read: received frame=Data { stream_id: StreamId(3) }
2026-09-16T09:14:26.112681100Z [DEBUG] DATA-001.h2::codec::framed_read: received frame=Data { stream_id: StreamId(3) }
2026-09-16T09:14:26.112685800Z [DEBUG] DATA-001.h2::codec::framed_read: received frame=Data { stream_id: StreamId(3) }
2026-09-16T09:14:26.112763400Z [DEBUG] DATA-001.h2::codec::framed_read: received frame=Data { stream_id: StreamId(3) }
2026-09-16T09:14:26.112780100Z [DEBUG] DATA-001.h2::codec::framed_read: received frame=Data { stream_id: StreamId(3) }
2026-09-16T09:14:26.112792300Z [DEBUG] DATA-001.h2::codec::framed_read: received frame=Data { stream_id: StreamId(3) }
2026-09-16T09:14:26.112794600Z [DEBUG] DATA-001.h2::codec::framed_read: received frame=Data { stream_id: StreamId(3) }
2026-09-16T09:14:26.112852000Z [DEBUG] DATA-001.h2::codec::framed_read: received frame=Data { stream_id: StreamId(3) }
2026-09-16T09:14:26.112857400Z [DEBUG] DATA-001.h2::codec::framed_read: received frame=Data { stream_id: StreamId(3) }
2026-09-16T09:14:26.113035100Z [DEBUG] DATA-001.h2::codec::framed_read: received frame=Data { stream_id: StreamId(3) }
2026-09-16T09:14:26.113044000Z [DEBUG] DATA-001.h2::codec::framed_read: received frame=Data { stream_id: StreamId(3) }
2026-09-16T09:14:26.113072500Z [DEBUG] DATA-001.h2::codec::framed_read: received frame=Data { stream_id: StreamId(3) }
2026-09-16T09:14:26.113077000Z [DEBUG] DATA-001.h2::codec::framed_read: received frame=Data { stream_id: StreamId(3) }
2026-09-16T09:14:26.113229900Z [DEBUG] DATA-001.h2::codec::framed_read: received frame=Data { stream_id: StreamId(3) }
2026-09-16T09:14:26.113248200Z [DEBUG] DATA-001.h2::codec::framed_read: received frame=Data { stream_id: StreamId(3) }
2026-09-16T09:14:26.113309300Z [DEBUG] DATA-001.h2::codec::framed_read: received frame=Data { stream_id: StreamId(3) }
2026-09-16T09:14:26.113321200Z [DEBUG] DATA-001.h2::codec::framed_read: received frame=Data { stream_id: StreamId(3) }
2026-09-16T09:14:26.113322300Z [DEBUG] DATA-001.h2::codec::framed_read: received frame=Data { stream_id: StreamId(3) }
2026-09-16T09:14:26.113343500Z [DEBUG] DATA-001.h2::codec::framed_read: received frame=Data { stream_id: StreamId(3) }
2026-09-16T09:14:26.113356100Z [DEBUG] DATA-001.h2::codec::framed_read: received frame=Data { stream_id: StreamId(3) }
2026-09-16T09:14:26.113357200Z [DEBUG] DATA-001.h2::codec::framed_read: received frame=Data { stream_id: StreamId(3) }
2026-09-16T09:14:26.113459700Z [DEBUG] DATA-001.h2::codec::framed_read: received frame=Data { stream_id: StreamId(3) }
2026-09-16T09:14:26.113472900Z [DEBUG] DATA-001.h2::codec::framed_read: received frame=Data { stream_id: StreamId(3) }
2026-09-16T09:14:26.113511600Z [DEBUG] DATA-001.h2::codec::framed_read: received frame=Data { stream_id: StreamId(3) }
2026-09-16T09:14:26.113524900Z [DEBUG] DATA-001.h2::codec::framed_read: received frame=Data { stream_id: StreamId(3) }
2026-09-16T09:14:26.113544700Z [DEBUG] DATA-001.h2::codec::framed_read: received frame=Data { stream_id: StreamId(3) }
2026-09-16T09:14:26.113552400Z [DEBUG] DATA-001.h2::codec::framed_read: received frame=Data { stream_id: StreamId(3) }
2026-09-16T09:14:26.113631600Z [DEBUG] DATA-001.h2::codec::framed_read: received frame=Data { stream_id: StreamId(3) }
2026-09-16T09:14:26.113663900Z [DEBUG] DATA-001.h2::codec::framed_read: received frame=Data { stream_id: StreamId(3) }
2026-09-16T09:14:26.113666400Z [DEBUG] DATA-001.h2::codec::framed_read: received frame=Data { stream_id: StreamId(3) }
2026-09-16T09:14:26.113668000Z [DEBUG] DATA-001.h2::codec::framed_read: received frame=Data { stream_id: StreamId(3) }
2026-09-16T09:14:26.113677900Z [DEBUG] DATA-001.h2::codec::framed_read: received frame=Data { stream_id: StreamId(3) }
2026-09-16T09:14:26.113709500Z [DEBUG] DATA-001.h2::codec::framed_read: received frame=Data { stream_id: StreamId(3) }
2026-09-16T09:14:26.113725700Z [DEBUG] DATA-001.h2::codec::framed_read: received frame=Data { stream_id: StreamId(3) }
2026-09-16T09:14:26.113751900Z [DEBUG] DATA-001.h2::codec::framed_read: received frame=Data { stream_id: StreamId(3) }
2026-09-16T09:14:26.113763900Z [DEBUG] DATA-001.h2::codec::framed_read: received frame=Data { stream_id: StreamId(3) }
2026-09-16T09:14:26.113830700Z [DEBUG] DATA-001.h2::codec::framed_read: received frame=Data { stream_id: StreamId(3) }
2026-09-16T09:14:26.113857500Z [DEBUG] DATA-001.h2::codec::framed_read: received frame=Data { stream_id: StreamId(3) }
2026-09-16T09:14:26.113859100Z [DEBUG] DATA-001.h2::codec::framed_read: received frame=Data { stream_id: StreamId(3) }
2026-09-16T09:14:26.113860900Z [DEBUG] DATA-001.h2::codec::framed_read: received frame=Data { stream_id: StreamId(3) }
2026-09-16T09:14:26.113870600Z [DEBUG] DATA-001.h2::codec::framed_read: received frame=Data { stream_id: StreamId(3) }
2026-09-16T09:14:26.113904900Z [DEBUG] DATA-001.h2::codec::framed_read: received frame=Data { stream_id: StreamId(3) }
2026-09-16T09:14:26.113954500Z [DEBUG] DATA-001.h2::codec::framed_read: received frame=Data { stream_id: StreamId(3) }
2026-09-16T09:14:26.113961000Z [DEBUG] DATA-001.h2::codec::framed_read: received frame=Data { stream_id: StreamId(3) }
2026-09-16T09:14:26.113962800Z [DEBUG] DATA-001.h2::codec::framed_read: received frame=Data { stream_id: StreamId(3) }
2026-09-16T09:14:26.115080600Z [DEBUG] DATA-001.h2::codec::framed_read: received frame=Data { stream_id: StreamId(3) }
2026-09-16T09:14:26.115098100Z [DEBUG] DATA-001.h2::codec::framed_read: received frame=Data { stream_id: StreamId(3) }
2026-09-16T09:14:26.115219900Z [DEBUG] DATA-001.h2::codec::framed_read: received frame=Data { stream_id: StreamId(3) }
2026-09-16T09:14:26.115231300Z [DEBUG] DATA-001.h2::codec::framed_read: received frame=Data { stream_id: StreamId(3) }
2026-09-16T09:14:26.115260400Z [DEBUG] DATA-001.h2::codec::framed_read: received frame=Data { stream_id: StreamId(3) }
2026-09-16T09:14:26.115263400Z [DEBUG] DATA-001.h2::codec::framed_read: received frame=Data { stream_id: StreamId(3) }
2026-09-16T09:14:26.115275400Z [DEBUG] DATA-001.h2::codec::framed_read: received frame=Data { stream_id: StreamId(3) }
2026-09-16T09:14:26.121802300Z [DEBUG] DATA-001.h2::codec::framed_read: received frame=Data { stream_id: StreamId(3) }
2026-09-16T09:14:26.121819900Z [DEBUG] DATA-001.h2::codec::framed_read: received frame=Data { stream_id: StreamId(3) }
2026-09-16T09:14:26.121831600Z [DEBUG] DATA-001.h2::codec::framed_read: received frame=Data { stream_id: StreamId(3) }
2026-09-16T09:14:26.121858100Z [DEBUG] DATA-001.h2::codec::framed_read: received frame=Data { stream_id: StreamId(3) }
2026-09-16T09:14:26.121866700Z [DEBUG] DATA-001.h2::codec::framed_read: received frame=Data { stream_id: StreamId(3) }
2026-09-16T09:14:26.121932500Z [DEBUG] DATA-001.h2::codec::framed_read: received frame=Data { stream_id: StreamId(3) }
2026-09-16T09:14:26.121943600Z [DEBUG] DATA-001.h2::codec::framed_read: received frame=Data { stream_id: StreamId(3) }
2026-09-16T09:14:26.121989300Z [DEBUG] DATA-001.h2::codec::framed_read: received frame=Data { stream_id: StreamId(3) }
2026-09-16T09:14:26.121998800Z [DEBUG] DATA-001.h2::codec::framed_read: received frame=Data { stream_id: StreamId(3) }
2026-09-16T09:14:26.122108200Z [DEBUG] DATA-001.h2::codec::framed_read: received frame=Data { stream_id: StreamId(3) }
2026-09-16T09:14:26.122135500Z [DEBUG] DATA-001.h2::codec::framed_read: received frame=Data { stream_id: StreamId(3) }
2026-09-16T09:14:26.122140300Z [DEBUG] DATA-001.h2::codec::framed_read: received frame=Data { stream_id: StreamId(3) }
2026-09-16T09:14:26.122174000Z [DEBUG] DATA-001.h2::codec::framed_read: received frame=Data { stream_id: StreamId(3) }
2026-09-16T09:14:26.122185600Z [DEBUG] DATA-001.h2::codec::framed_read: received frame=Data { stream_id: StreamId(3) }
2026-09-16T09:14:26.122245700Z [DEBUG] DATA-001.h2::codec::framed_read: received frame=Data { stream_id: StreamId(3) }
2026-09-16T09:14:26.122269000Z [DEBUG] DATA-001.h2::codec::framed_read: received frame=Data { stream_id: StreamId(3) }
2026-09-16T09:14:26.122300600Z [DEBUG] DATA-001.h2::codec::framed_read: received frame=Data { stream_id: StreamId(3) }
2026-09-16T09:14:26.122364700Z [DEBUG] DATA-001.h2::codec::framed_read: received frame=Data { stream_id: StreamId(3) }
2026-09-16T09:14:26.122369800Z [DEBUG] DATA-001.h2::codec::framed_read: received frame=Data { stream_id: StreamId(3) }
2026-09-16T09:14:26.122372900Z [DEBUG] DATA-001.h2::codec::framed_read: received frame=Data { stream_id: StreamId(3) }
2026-09-16T09:14:26.122376000Z [DEBUG] DATA-001.h2::codec::framed_read: received frame=Data { stream_id: StreamId(3) }
2026-09-16T09:14:26.133380600Z [DEBUG] DATA-001.h2::codec::framed_read: received frame=Data { stream_id: StreamId(3) }
2026-09-16T09:14:26.133403200Z [DEBUG] DATA-001.h2::codec::framed_read: received frame=Data { stream_id: StreamId(3) }
2026-09-16T09:14:26.133429700Z [DEBUG] DATA-001.h2::codec::framed_read: received frame=Data { stream_id: StreamId(3) }
2026-09-16T09:14:26.133535400Z [DEBUG] DATA-001.h2::codec::framed_read: received frame=Data { stream_id: StreamId(3) }
2026-09-16T09:14:26.133549900Z [DEBUG] DATA-001.h2::codec::framed_read: received frame=Data { stream_id: StreamId(3) }
2026-09-16T09:14:26.133551400Z [DEBUG] DATA-001.h2::codec::framed_read: received frame=Data { stream_id: StreamId(3) }
2026-09-16T09:14:26.133681800Z [DEBUG] DATA-001.h2::codec::framed_read: received frame=Data { stream_id: StreamId(3) }
2026-09-16T09:14:26.135084100Z [DEBUG] DATA-001.h2::codec::framed_read: received frame=Data { stream_id: StreamId(3) }
2026-09-16T09:14:26.135107300Z [DEBUG] DATA-001.h2::codec::framed_read: received frame=Data { stream_id: StreamId(3) }
2026-09-16T09:14:26.135115200Z [DEBUG] DATA-001.h2::codec::framed_read: received frame=Data { stream_id: StreamId(3) }
2026-09-16T09:14:26.135116600Z [DEBUG] DATA-001.h2::codec::framed_read: received frame=Data { stream_id: StreamId(3) }
2026-09-16T09:14:26.135134300Z [DEBUG] DATA-001.h2::codec::framed_read: received frame=Data { stream_id: StreamId(3) }
2026-09-16T09:14:26.135200500Z [DEBUG] DATA-001.h2::codec::framed_read: received frame=Data { stream_id: StreamId(3) }
2026-09-16T09:14:26.135213700Z [DEBUG] DATA-001.h2::codec::framed_read: received frame=Data { stream_id: StreamId(3) }
2026-09-16T09:14:26.135216800Z [DEBUG] DATA-001.h2::codec::framed_read: received frame=Data { stream_id: StreamId(3) }
2026-09-16T09:14:26.135222300Z [DEBUG] DATA-001.h2::codec::framed_read: received frame=Data { stream_id: StreamId(3) }
2026-09-16T09:14:26.293917000Z [DEBUG] DATA-001.h2::codec::framed_read: received frame=Ping { ack: true, payload: [59, 124, 219, 122, 11, 135, 22, 180] }
2026-09-16T09:14:26.309913000Z [DEBUG] DATA-001.h2::codec::framed_read: received frame=Data { stream_id: StreamId(3) }
2026-09-16T09:14:26.309949000Z [DEBUG] DATA-001.h2::codec::framed_read: received frame=Data { stream_id: StreamId(3) }
2026-09-16T09:14:26.309953300Z [DEBUG] DATA-001.h2::codec::framed_read: received frame=Data { stream_id: StreamId(3) }
2026-09-16T09:14:26.309970700Z [DEBUG] DATA-001.h2::codec::framed_read: received frame=Data { stream_id: StreamId(3) }
2026-09-16T09:14:26.309971800Z [DEBUG] DATA-001.h2::codec::framed_read: received frame=Data { stream_id: StreamId(3) }
2026-09-16T09:14:26.309973100Z [DEBUG] DATA-001.h2::codec::framed_read: received frame=Data { stream_id: StreamId(3) }
2026-09-16T09:14:26.309975000Z [DEBUG] DATA-001.h2::codec::framed_read: received frame=Data { stream_id: StreamId(3) }
2026-09-16T09:14:26.310365900Z [DEBUG] DATA-001.h2::codec::framed_write: send frame=Ping { ack: false, payload: [59, 124, 219, 122, 11, 135, 22, 180] }
2026-09-16T09:14:26.312336900Z [DEBUG] DATA-001.h2::codec::framed_read: received frame=Data { stream_id: StreamId(3) }
2026-09-16T09:14:26.312367800Z [DEBUG] DATA-001.h2::codec::framed_read: received frame=Data { stream_id: StreamId(3) }
2026-09-16T09:14:26.312373700Z [DEBUG] DATA-001.h2::codec::framed_read: received frame=Data { stream_id: StreamId(3) }
2026-09-16T09:14:26.312379300Z [DEBUG] DATA-001.h2::codec::framed_read: received frame=Data { stream_id: StreamId(3) }
2026-09-16T09:14:26.312467800Z [DEBUG] DATA-001.h2::codec::framed_read: received frame=Data { stream_id: StreamId(3) }
2026-09-16T09:14:26.312491300Z [DEBUG] DATA-001.h2::codec::framed_read: received frame=Data { stream_id: StreamId(3) }
2026-09-16T09:14:26.312493000Z [DEBUG] DATA-001.h2::codec::framed_read: received frame=Data { stream_id: StreamId(3) }
2026-09-16T09:14:26.312497000Z [DEBUG] DATA-001.h2::codec::framed_read: received frame=Data { stream_id: StreamId(3) }
2026-09-16T09:14:26.312524000Z [DEBUG] DATA-001.h2::codec::framed_read: received frame=Data { stream_id: StreamId(3) }
2026-09-16T09:14:26.312580600Z [DEBUG] DATA-001.h2::codec::framed_read: received frame=Data { stream_id: StreamId(3) }
2026-09-16T09:14:26.312595600Z [DEBUG] DATA-001.h2::codec::framed_read: received frame=Data { stream_id: StreamId(3) }
2026-09-16T09:14:26.312598300Z [DEBUG] DATA-001.h2::codec::framed_read: received frame=Data { stream_id: StreamId(3) }
2026-09-16T09:14:26.312601000Z [DEBUG] DATA-001.h2::codec::framed_read: received frame=Data { stream_id: StreamId(3) }
2026-09-16T09:14:26.313502100Z [DEBUG] DATA-001.h2::codec::framed_read: received frame=Data { stream_id: StreamId(3) }
2026-09-16T09:14:26.313526000Z [DEBUG] DATA-001.h2::codec::framed_read: received frame=Data { stream_id: StreamId(3) }
2026-09-16T09:14:26.313539900Z [DEBUG] DATA-001.h2::codec::framed_read: received frame=Data { stream_id: StreamId(3) }
2026-09-16T09:14:26.313541600Z [DEBUG] DATA-001.h2::codec::framed_read: received frame=Data { stream_id: StreamId(3) }
2026-09-16T09:14:26.313548700Z [DEBUG] DATA-001.h2::codec::framed_read: received frame=Data { stream_id: StreamId(3) }
2026-09-16T09:14:26.313642700Z [DEBUG] DATA-001.h2::codec::framed_read: received frame=Data { stream_id: StreamId(3) }
2026-09-16T09:14:26.313685800Z [DEBUG] DATA-001.h2::codec::framed_read: received frame=Data { stream_id: StreamId(3) }
2026-09-16T09:14:26.319573500Z [DEBUG] DATA-001.h2::codec::framed_read: received frame=Data { stream_id: StreamId(3) }
2026-09-16T09:14:26.319603400Z [DEBUG] DATA-001.h2::codec::framed_read: received frame=Data { stream_id: StreamId(3) }
2026-09-16T09:14:26.319626300Z [DEBUG] DATA-001.h2::codec::framed_read: received frame=Data { stream_id: StreamId(3) }
2026-09-16T09:14:26.319628700Z [DEBUG] DATA-001.h2::codec::framed_read: received frame=Data { stream_id: StreamId(3) }
2026-09-16T09:14:26.319683100Z [DEBUG] DATA-001.h2::codec::framed_read: received frame=Data { stream_id: StreamId(3) }
2026-09-16T09:14:26.319687300Z [DEBUG] DATA-001.h2::codec::framed_read: received frame=Data { stream_id: StreamId(3) }
2026-09-16T09:14:26.319739700Z [DEBUG] DATA-001.h2::codec::framed_read: received frame=Data { stream_id: StreamId(3) }
2026-09-16T09:14:26.319752800Z [DEBUG] DATA-001.h2::codec::framed_read: received frame=Data { stream_id: StreamId(3) }
2026-09-16T09:14:26.319855900Z [DEBUG] DATA-001.h2::codec::framed_read: received frame=Data { stream_id: StreamId(3) }
2026-09-16T09:14:26.319874400Z [DEBUG] DATA-001.h2::codec::framed_read: received frame=Data { stream_id: StreamId(3) }
2026-09-16T09:14:26.319940800Z [DEBUG] DATA-001.h2::codec::framed_read: received frame=Data { stream_id: StreamId(3) }
2026-09-16T09:14:26.319951100Z [DEBUG] DATA-001.h2::codec::framed_read: received frame=Data { stream_id: StreamId(3) }
2026-09-16T09:14:26.319953500Z [DEBUG] DATA-001.h2::codec::framed_read: received frame=Data { stream_id: StreamId(3) }
2026-09-16T09:14:26.319955400Z [DEBUG] DATA-001.h2::codec::framed_read: received frame=Data { stream_id: StreamId(3) }
2026-09-16T09:14:26.319969200Z [DEBUG] DATA-001.h2::codec::framed_read: received frame=Data { stream_id: StreamId(3) }
2026-09-16T09:14:26.320080900Z [DEBUG] DATA-001.h2::codec::framed_read: received frame=Data { stream_id: StreamId(3) }
2026-09-16T09:14:26.320102300Z [DEBUG] DATA-001.h2::codec::framed_read: received frame=Data { stream_id: StreamId(3) }
2026-09-16T09:14:26.320118700Z [DEBUG] DATA-001.h2::codec::framed_read: received frame=Data { stream_id: StreamId(3) }
2026-09-16T09:14:26.320121700Z [DEBUG] DATA-001.h2::codec::framed_read: received frame=Data { stream_id: StreamId(3) }
2026-09-16T09:14:26.320209800Z [DEBUG] DATA-001.h2::codec::framed_read: received frame=Data { stream_id: StreamId(3) }
2026-09-16T09:14:26.320225800Z [DEBUG] DATA-001.h2::codec::framed_read: received frame=Data { stream_id: StreamId(3) }
2026-09-16T09:14:26.320246100Z [DEBUG] DATA-001.h2::codec::framed_read: received frame=Data { stream_id: StreamId(3) }
2026-09-16T09:14:26.320250700Z [DEBUG] DATA-001.h2::codec::framed_read: received frame=Data { stream_id: StreamId(3) }
2026-09-16T09:14:26.320258500Z [DEBUG] DATA-001.h2::codec::framed_read: received frame=Data { stream_id: StreamId(3) }
2026-09-16T09:14:26.320316000Z [DEBUG] DATA-001.h2::codec::framed_read: received frame=Data { stream_id: StreamId(3) }
2026-09-16T09:14:26.320328500Z [DEBUG] DATA-001.h2::codec::framed_read: received frame=Data { stream_id: StreamId(3) }
2026-09-16T09:14:26.320337300Z [DEBUG] DATA-001.h2::codec::framed_read: received frame=Data { stream_id: StreamId(3) }
2026-09-16T09:14:26.320357500Z [DEBUG] DATA-001.h2::codec::framed_read: received frame=Data { stream_id: StreamId(3) }
2026-09-16T09:14:26.320366900Z [DEBUG] DATA-001.h2::codec::framed_read: received frame=Data { stream_id: StreamId(3) }
2026-09-16T09:14:26.320482100Z [DEBUG] DATA-001.h2::codec::framed_read: received frame=Data { stream_id: StreamId(3) }
2026-09-16T09:14:26.320506800Z [DEBUG] DATA-001.h2::codec::framed_read: received frame=Data { stream_id: StreamId(3) }
2026-09-16T09:14:26.322815900Z [DEBUG] DATA-001.h2::codec::framed_read: received frame=Data { stream_id: StreamId(3) }
2026-09-16T09:14:26.322835400Z [DEBUG] DATA-001.h2::codec::framed_read: received frame=Data { stream_id: StreamId(3) }
2026-09-16T09:14:26.322856500Z [DEBUG] DATA-001.h2::codec::framed_read: received frame=Data { stream_id: StreamId(3) }
2026-09-16T09:14:26.322859200Z [DEBUG] DATA-001.h2::codec::framed_read: received frame=Data { stream_id: StreamId(3) }
2026-09-16T09:14:26.322868000Z [DEBUG] DATA-001.h2::codec::framed_read: received frame=Data { stream_id: StreamId(3) }
2026-09-16T09:14:26.322899300Z [DEBUG] DATA-001.h2::codec::framed_read: received frame=Data { stream_id: StreamId(3) }
2026-09-16T09:14:26.322901400Z [DEBUG] DATA-001.h2::codec::framed_read: received frame=Data { stream_id: StreamId(3) }
2026-09-16T09:14:26.322910500Z [DEBUG] DATA-001.h2::codec::framed_read: received frame=Data { stream_id: StreamId(3) }
2026-09-16T09:14:26.323043100Z [DEBUG] DATA-001.h2::codec::framed_read: received frame=Data { stream_id: StreamId(3) }
2026-09-16T09:14:26.323089700Z [DEBUG] DATA-001.h2::codec::framed_read: received frame=Data { stream_id: StreamId(3) }
2026-09-16T09:14:26.323106600Z [DEBUG] DATA-001.h2::codec::framed_read: received frame=Data { stream_id: StreamId(3) }
2026-09-16T09:14:26.323111400Z [DEBUG] DATA-001.h2::codec::framed_read: received frame=Data { stream_id: StreamId(3) }
2026-09-16T09:14:26.323137900Z [DEBUG] DATA-001.h2::codec::framed_read: received frame=Data { stream_id: StreamId(3) }
2026-09-16T09:14:26.323142100Z [DEBUG] DATA-001.h2::codec::framed_read: received frame=Data { stream_id: StreamId(3) }
2026-09-16T09:14:26.323153600Z [DEBUG] DATA-001.h2::codec::framed_read: received frame=Data { stream_id: StreamId(3) }
2026-09-16T09:14:26.323195000Z [DEBUG] DATA-001.h2::codec::framed_read: received frame=Data { stream_id: StreamId(3) }
2026-09-16T09:14:26.323222300Z [DEBUG] DATA-001.h2::codec::framed_read: received frame=Data { stream_id: StreamId(3) }
2026-09-16T09:14:26.323223900Z [DEBUG] DATA-001.h2::codec::framed_read: received frame=Data { stream_id: StreamId(3) }
2026-09-16T09:14:26.323250500Z [DEBUG] DATA-001.h2::codec::framed_read: received frame=Data { stream_id: StreamId(3) }
2026-09-16T09:14:26.323261600Z [DEBUG] DATA-001.h2::codec::framed_read: received frame=Data { stream_id: StreamId(3) }
2026-09-16T09:14:26.323334100Z [DEBUG] DATA-001.h2::codec::framed_read: received frame=Data { stream_id: StreamId(3) }
2026-09-16T09:14:26.323348400Z [DEBUG] DATA-001.h2::codec::framed_read: received frame=Data { stream_id: StreamId(3) }
2026-09-16T09:14:26.323364100Z [DEBUG] DATA-001.h2::codec::framed_read: received frame=Data { stream_id: StreamId(3) }
2026-09-16T09:14:26.323437300Z [DEBUG] DATA-001.h2::codec::framed_read: received frame=Data { stream_id: StreamId(3) }
2026-09-16T09:14:26.323456400Z [DEBUG] DATA-001.h2::codec::framed_read: received frame=Data { stream_id: StreamId(3) }
2026-09-16T09:14:26.323478000Z [DEBUG] DATA-001.h2::codec::framed_read: received frame=Data { stream_id: StreamId(3) }
2026-09-16T09:14:26.323480300Z [DEBUG] DATA-001.h2::codec::framed_read: received frame=Data { stream_id: StreamId(3) }
2026-09-16T09:14:26.323491400Z [DEBUG] DATA-001.h2::codec::framed_read: received frame=Data { stream_id: StreamId(3) }
2026-09-16T09:14:26.323536600Z [DEBUG] DATA-001.h2::codec::framed_read: received frame=Data { stream_id: StreamId(3) }
2026-09-16T09:14:26.323547300Z [DEBUG] DATA-001.h2::codec::framed_read: received frame=Data { stream_id: StreamId(3) }
2026-09-16T09:14:26.325858100Z [DEBUG] DATA-001.h2::codec::framed_read: received frame=Data { stream_id: StreamId(3) }
2026-09-16T09:14:26.325880600Z [DEBUG] DATA-001.h2::codec::framed_read: received frame=Data { stream_id: StreamId(3) }
2026-09-16T09:14:26.325899000Z [DEBUG] DATA-001.h2::codec::framed_read: received frame=Data { stream_id: StreamId(3) }
2026-09-16T09:14:26.325900000Z [DEBUG] DATA-001.h2::codec::framed_read: received frame=Data { stream_id: StreamId(3) }
2026-09-16T09:14:26.325913200Z [DEBUG] DATA-001.h2::codec::framed_read: received frame=Data { stream_id: StreamId(3) }
2026-09-16T09:14:26.325916300Z [DEBUG] DATA-001.h2::codec::framed_read: received frame=Data { stream_id: StreamId(3) }
2026-09-16T09:14:26.325917700Z [DEBUG] DATA-001.h2::codec::framed_read: received frame=Data { stream_id: StreamId(3) }
2026-09-16T09:14:26.325924900Z [DEBUG] DATA-001.h2::codec::framed_read: received frame=Data { stream_id: StreamId(3) }
2026-09-16T09:14:26.325980800Z [DEBUG] DATA-001.h2::codec::framed_read: received frame=Data { stream_id: StreamId(3) }
2026-09-16T09:14:26.325986100Z [DEBUG] DATA-001.h2::codec::framed_read: received frame=Data { stream_id: StreamId(3) }
2026-09-16T09:14:26.325991800Z [DEBUG] DATA-001.h2::codec::framed_read: received frame=Data { stream_id: StreamId(3) }
2026-09-16T09:14:26.327074000Z [DEBUG] DATA-001.h2::codec::framed_read: received frame=Data { stream_id: StreamId(3) }
2026-09-16T09:14:26.327102000Z [DEBUG] DATA-001.h2::codec::framed_read: received frame=Data { stream_id: StreamId(3) }
2026-09-16T09:14:26.327130400Z [DEBUG] DATA-001.h2::codec::framed_read: received frame=Data { stream_id: StreamId(3) }
2026-09-16T09:14:26.327137200Z [DEBUG] DATA-001.h2::codec::framed_read: received frame=Data { stream_id: StreamId(3) }
2026-09-16T09:14:26.327138600Z [DEBUG] DATA-001.h2::codec::framed_read: received frame=Data { stream_id: StreamId(3) }
2026-09-16T09:14:26.327234100Z [DEBUG] DATA-001.h2::codec::framed_read: received frame=Data { stream_id: StreamId(3) }
2026-09-16T09:14:26.327281400Z [DEBUG] DATA-001.h2::codec::framed_read: received frame=Data { stream_id: StreamId(3) }
2026-09-16T09:14:26.327285600Z [DEBUG] DATA-001.h2::codec::framed_read: received frame=Data { stream_id: StreamId(3) }
2026-09-16T09:14:26.327291500Z [DEBUG] DATA-001.h2::codec::framed_read: received frame=Data { stream_id: StreamId(3) }
2026-09-16T09:14:26.329077100Z [DEBUG] DATA-001.h2::codec::framed_read: received frame=Data { stream_id: StreamId(3) }
2026-09-16T09:14:26.329099000Z [DEBUG] DATA-001.h2::codec::framed_read: received frame=Data { stream_id: StreamId(3) }
2026-09-16T09:14:26.329104600Z [DEBUG] DATA-001.h2::codec::framed_read: received frame=Data { stream_id: StreamId(3) }
2026-09-16T09:14:26.329105900Z [DEBUG] DATA-001.h2::codec::framed_read: received frame=Data { stream_id: StreamId(3) }
2026-09-16T09:14:26.333431000Z [DEBUG] DATA-001.h2::codec::framed_read: received frame=Data { stream_id: StreamId(3) }
2026-09-16T09:14:26.333497300Z [DEBUG] DATA-001.h2::codec::framed_read: received frame=Data { stream_id: StreamId(3) }
2026-09-16T09:14:26.333505300Z [DEBUG] DATA-001.h2::codec::framed_read: received frame=Data { stream_id: StreamId(3) }
2026-09-16T09:14:26.333506200Z [DEBUG] DATA-001.h2::codec::framed_read: received frame=Data { stream_id: StreamId(3) }
2026-09-16T09:14:26.333508900Z [DEBUG] DATA-001.h2::codec::framed_read: received frame=Data { stream_id: StreamId(3) }
2026-09-16T09:14:26.333623600Z [DEBUG] DATA-001.h2::codec::framed_read: received frame=Data { stream_id: StreamId(3) }
2026-09-16T09:14:26.333641000Z [DEBUG] DATA-001.h2::codec::framed_read: received frame=Data { stream_id: StreamId(3) }
2026-09-16T09:14:26.333654200Z [DEBUG] DATA-001.h2::codec::framed_read: received frame=Data { stream_id: StreamId(3) }
2026-09-16T09:14:26.333656200Z [DEBUG] DATA-001.h2::codec::framed_read: received frame=Data { stream_id: StreamId(3) }
2026-09-16T09:14:26.333660700Z [DEBUG] DATA-001.h2::codec::framed_read: received frame=Data { stream_id: StreamId(3) }
2026-09-16T09:14:26.333738700Z [DEBUG] DATA-001.h2::codec::framed_write: send frame=WindowUpdate { stream_id: StreamId(3), size_increment: 1855992 }
2026-09-16T09:14:26.333909600Z [DEBUG] DATA-001.h2::codec::framed_read: received frame=Data { stream_id: StreamId(3) }
2026-09-16T09:14:26.333943800Z [DEBUG] DATA-001.h2::codec::framed_read: received frame=Data { stream_id: StreamId(3) }
2026-09-16T09:14:26.333954700Z [DEBUG] DATA-001.h2::codec::framed_read: received frame=Data { stream_id: StreamId(3) }
2026-09-16T09:14:26.334046500Z [DEBUG] DATA-001.h2::codec::framed_read: received frame=Data { stream_id: StreamId(3) }
2026-09-16T09:14:26.334069600Z [DEBUG] DATA-001.h2::codec::framed_read: received frame=Data { stream_id: StreamId(3) }
2026-09-16T09:14:26.334102300Z [DEBUG] DATA-001.h2::codec::framed_read: received frame=Data { stream_id: StreamId(3) }
2026-09-16T09:14:26.334168100Z [DEBUG] DATA-001.h2::codec::framed_read: received frame=Data { stream_id: StreamId(3) }
2026-09-16T09:14:26.334172800Z [DEBUG] DATA-001.h2::codec::framed_read: received frame=Data { stream_id: StreamId(3) }
2026-09-16T09:14:26.334174800Z [DEBUG] DATA-001.h2::codec::framed_read: received frame=Data { stream_id: StreamId(3) }
2026-09-16T09:14:26.334190600Z [DEBUG] DATA-001.h2::codec::framed_read: received frame=Data { stream_id: StreamId(3) }
2026-09-16T09:14:26.334196700Z [DEBUG] DATA-001.h2::codec::framed_read: received frame=Data { stream_id: StreamId(3) }
2026-09-16T09:14:26.334202900Z [DEBUG] DATA-001.h2::codec::framed_read: received frame=Data { stream_id: StreamId(3) }
2026-09-16T09:14:26.334252000Z [DEBUG] DATA-001.h2::codec::framed_read: received frame=Data { stream_id: StreamId(3) }
2026-09-16T09:14:26.334354100Z [DEBUG] DATA-001.h2::codec::framed_read: received frame=Data { stream_id: StreamId(3) }
2026-09-16T09:14:26.334372900Z [DEBUG] DATA-001.h2::codec::framed_read: received frame=Data { stream_id: StreamId(3) }
2026-09-16T09:14:26.334389200Z [DEBUG] DATA-001.h2::codec::framed_read: received frame=Data { stream_id: StreamId(3) }
2026-09-16T09:14:26.334398300Z [DEBUG] DATA-001.h2::codec::framed_write: send frame=WindowUpdate { stream_id: StreamId(0), size_increment: 1835356 }
2026-09-16T09:14:26.334594400Z [DEBUG] DATA-001.h2::codec::framed_read: received frame=Data { stream_id: StreamId(3) }
2026-09-16T09:14:26.334621100Z [DEBUG] DATA-001.h2::codec::framed_read: received frame=Data { stream_id: StreamId(3) }
2026-09-16T09:14:26.334624100Z [DEBUG] DATA-001.h2::codec::framed_read: received frame=Data { stream_id: StreamId(3) }
2026-09-16T09:14:26.334642800Z [DEBUG] DATA-001.h2::codec::framed_read: received frame=Data { stream_id: StreamId(3) }
2026-09-16T09:14:26.334833000Z [DEBUG] DATA-001.h2::codec::framed_read: received frame=Data { stream_id: StreamId(3) }
2026-09-16T09:14:26.334846300Z [DEBUG] DATA-001.h2::codec::framed_read: received frame=Data { stream_id: StreamId(3) }
2026-09-16T09:14:26.334863500Z [DEBUG] DATA-001.h2::codec::framed_read: received frame=Data { stream_id: StreamId(3) }
2026-09-16T09:14:26.334866500Z [DEBUG] DATA-001.h2::codec::framed_read: received frame=Data { stream_id: StreamId(3) }
2026-09-16T09:14:26.334869600Z [DEBUG] DATA-001.h2::codec::framed_read: received frame=Data { stream_id: StreamId(3) }
2026-09-16T09:14:26.334878100Z [DEBUG] DATA-001.h2::codec::framed_read: received frame=Data { stream_id: StreamId(3) }
2026-09-16T09:14:26.337957900Z [DEBUG] DATA-001.h2::codec::framed_read: received frame=Data { stream_id: StreamId(3) }
2026-09-16T09:14:26.338223900Z [DEBUG] DATA-001.h2::codec::framed_read: received frame=Data { stream_id: StreamId(3) }
2026-09-16T09:14:26.338233600Z [DEBUG] DATA-001.h2::codec::framed_read: received frame=Data { stream_id: StreamId(3) }
2026-09-16T09:14:26.338245600Z [DEBUG] DATA-001.h2::codec::framed_read: received frame=Data { stream_id: StreamId(3) }
2026-09-16T09:14:26.338246700Z [DEBUG] DATA-001.h2::codec::framed_read: received frame=Data { stream_id: StreamId(3) }
2026-09-16T09:14:26.344748400Z [DEBUG] DATA-001.h2::codec::framed_read: received frame=Data { stream_id: StreamId(3) }
2026-09-16T09:14:26.344767600Z [DEBUG] DATA-001.h2::codec::framed_read: received frame=Data { stream_id: StreamId(3) }
2026-09-16T09:14:26.344799800Z [DEBUG] DATA-001.h2::codec::framed_read: received frame=Data { stream_id: StreamId(3) }
2026-09-16T09:14:26.344806400Z [DEBUG] DATA-001.h2::codec::framed_read: received frame=Data { stream_id: StreamId(3) }
2026-09-16T09:14:26.344956100Z [DEBUG] DATA-001.h2::codec::framed_read: received frame=Data { stream_id: StreamId(3) }
2026-09-16T09:14:26.344994600Z [DEBUG] DATA-001.h2::codec::framed_read: received frame=Data { stream_id: StreamId(3) }
2026-09-16T09:14:26.344996800Z [DEBUG] DATA-001.h2::codec::framed_read: received frame=Data { stream_id: StreamId(3) }
2026-09-16T09:14:26.344998700Z [DEBUG] DATA-001.h2::codec::framed_read: received frame=Data { stream_id: StreamId(3) }
2026-09-16T09:14:26.345014300Z [DEBUG] DATA-001.h2::codec::framed_read: received frame=Data { stream_id: StreamId(3) }
2026-09-16T09:14:26.345016700Z [DEBUG] DATA-001.h2::codec::framed_read: received frame=Data { stream_id: StreamId(3) }
2026-09-16T09:14:26.345018100Z [DEBUG] DATA-001.h2::codec::framed_read: received frame=Data { stream_id: StreamId(3) }
2026-09-16T09:14:26.345026900Z [DEBUG] DATA-001.h2::codec::framed_read: received frame=Data { stream_id: StreamId(3) }
2026-09-16T09:14:26.345069400Z [DEBUG] DATA-001.h2::codec::framed_read: received frame=Data { stream_id: StreamId(3) }
2026-09-16T09:14:26.345084400Z [DEBUG] DATA-001.h2::codec::framed_read: received frame=Data { stream_id: StreamId(3) }
2026-09-16T09:14:26.345118500Z [DEBUG] DATA-001.h2::codec::framed_read: received frame=Data { stream_id: StreamId(3) }
2026-09-16T09:14:26.345126500Z [DEBUG] DATA-001.h2::codec::framed_read: received frame=Data { stream_id: StreamId(3) }
2026-09-16T09:14:26.345195500Z [DEBUG] DATA-001.h2::codec::framed_read: received frame=Data { stream_id: StreamId(3) }
2026-09-16T09:14:26.345259900Z [DEBUG] DATA-001.h2::codec::framed_read: received frame=Data { stream_id: StreamId(3) }
2026-09-16T09:14:26.345267800Z [DEBUG] DATA-001.h2::codec::framed_read: received frame=Data { stream_id: StreamId(3) }
2026-09-16T09:14:26.345276600Z [DEBUG] DATA-001.h2::codec::framed_read: received frame=Data { stream_id: StreamId(3) }
2026-09-16T09:14:26.345302800Z [DEBUG] DATA-001.h2::codec::framed_read: received frame=Data { stream_id: StreamId(3) }
2026-09-16T09:14:26.345314700Z [DEBUG] DATA-001.h2::codec::framed_read: received frame=Data { stream_id: StreamId(3) }
2026-09-16T09:14:26.345315600Z [DEBUG] DATA-001.h2::codec::framed_read: received frame=Data { stream_id: StreamId(3) }
2026-09-16T09:14:26.345407600Z [DEBUG] DATA-001.h2::codec::framed_read: received frame=Data { stream_id: StreamId(3) }
2026-09-16T09:14:26.345442100Z [DEBUG] DATA-001.h2::codec::framed_read: received frame=Data { stream_id: StreamId(3) }
2026-09-16T09:14:26.345445200Z [DEBUG] DATA-001.h2::codec::framed_read: received frame=Data { stream_id: StreamId(3) }
2026-09-16T09:14:26.345453800Z [DEBUG] DATA-001.h2::codec::framed_read: received frame=Data { stream_id: StreamId(3) }
2026-09-16T09:14:26.345527700Z [DEBUG] DATA-001.h2::codec::framed_read: received frame=Data { stream_id: StreamId(3) }
2026-09-16T09:14:26.346155700Z [DEBUG] DATA-001.h2::codec::framed_read: received frame=Data { stream_id: StreamId(3) }
2026-09-16T09:14:26.346175400Z [DEBUG] DATA-001.h2::codec::framed_read: received frame=Data { stream_id: StreamId(3) }
2026-09-16T09:14:26.346248600Z [DEBUG] DATA-001.h2::codec::framed_read: received frame=Data { stream_id: StreamId(3) }
2026-09-16T09:14:26.346261600Z [DEBUG] DATA-001.h2::codec::framed_read: received frame=Data { stream_id: StreamId(3) }
2026-09-16T09:14:26.346272400Z [DEBUG] DATA-001.h2::codec::framed_read: received frame=Data { stream_id: StreamId(3) }
2026-09-16T09:14:26.346276800Z [DEBUG] DATA-001.h2::codec::framed_read: received frame=Data { stream_id: StreamId(3) }
2026-09-16T09:14:26.346284900Z [DEBUG] DATA-001.h2::codec::framed_read: received frame=Data { stream_id: StreamId(3) }
2026-09-16T09:14:26.346355700Z [DEBUG] DATA-001.h2::codec::framed_read: received frame=Data { stream_id: StreamId(3) }
2026-09-16T09:14:26.346431800Z [DEBUG] DATA-001.h2::codec::framed_read: received frame=Data { stream_id: StreamId(3) }
2026-09-16T09:14:26.346445200Z [DEBUG] DATA-001.h2::codec::framed_read: received frame=Data { stream_id: StreamId(3) }
2026-09-16T09:14:26.346452400Z [DEBUG] DATA-001.h2::codec::framed_read: received frame=Data { stream_id: StreamId(3) }
2026-09-16T09:14:26.346482800Z [DEBUG] DATA-001.h2::codec::framed_read: received frame=Data { stream_id: StreamId(3) }
2026-09-16T09:14:26.346487000Z [DEBUG] DATA-001.h2::codec::framed_read: received frame=Data { stream_id: StreamId(3) }
2026-09-16T09:14:26.346570000Z [DEBUG] DATA-001.h2::codec::framed_read: received frame=Data { stream_id: StreamId(3) }
2026-09-16T09:14:26.346602300Z [DEBUG] DATA-001.h2::codec::framed_read: received frame=Data { stream_id: StreamId(3) }
2026-09-16T09:14:26.346607300Z [DEBUG] DATA-001.h2::codec::framed_read: received frame=Data { stream_id: StreamId(3) }
2026-09-16T09:14:26.346644900Z [DEBUG] DATA-001.h2::codec::framed_read: received frame=Data { stream_id: StreamId(3) }
2026-09-16T09:14:26.346702200Z [DEBUG] DATA-001.h2::codec::framed_read: received frame=Data { stream_id: StreamId(3) }
2026-09-16T09:14:26.346708900Z [DEBUG] DATA-001.h2::codec::framed_read: received frame=Data { stream_id: StreamId(3) }
2026-09-16T09:14:26.346714300Z [DEBUG] DATA-001.h2::codec::framed_read: received frame=Data { stream_id: StreamId(3) }
2026-09-16T09:14:26.346811700Z [DEBUG] DATA-001.h2::codec::framed_read: received frame=Data { stream_id: StreamId(3) }
2026-09-16T09:14:26.349772700Z [DEBUG] DATA-001.h2::codec::framed_read: received frame=Data { stream_id: StreamId(3) }
2026-09-16T09:14:26.349797200Z [DEBUG] DATA-001.h2::codec::framed_read: received frame=Data { stream_id: StreamId(3) }
2026-09-16T09:14:26.349818800Z [DEBUG] DATA-001.h2::codec::framed_read: received frame=Data { stream_id: StreamId(3) }
2026-09-16T09:14:26.349821900Z [DEBUG] DATA-001.h2::codec::framed_read: received frame=Data { stream_id: StreamId(3) }
2026-09-16T09:14:26.349830900Z [DEBUG] DATA-001.h2::codec::framed_read: received frame=Data { stream_id: StreamId(3) }
2026-09-16T09:14:26.349832100Z [DEBUG] DATA-001.h2::codec::framed_read: received frame=Data { stream_id: StreamId(3) }
2026-09-16T09:14:26.349862900Z [DEBUG] DATA-001.h2::codec::framed_read: received frame=Data { stream_id: StreamId(3) }
2026-09-16T09:14:26.349983900Z [DEBUG] DATA-001.h2::codec::framed_read: received frame=Data { stream_id: StreamId(3) }
2026-09-16T09:14:26.349998700Z [DEBUG] DATA-001.h2::codec::framed_read: received frame=Data { stream_id: StreamId(3) }
2026-09-16T09:14:26.350022700Z [DEBUG] DATA-001.h2::codec::framed_read: received frame=Data { stream_id: StreamId(3) }
2026-09-16T09:14:26.350025100Z [DEBUG] DATA-001.h2::codec::framed_read: received frame=Data { stream_id: StreamId(3) }
2026-09-16T09:14:26.350129800Z [DEBUG] DATA-001.h2::codec::framed_read: received frame=Data { stream_id: StreamId(3) }
2026-09-16T09:14:26.350140300Z [DEBUG] DATA-001.h2::codec::framed_read: received frame=Data { stream_id: StreamId(3) }
2026-09-16T09:14:26.353923800Z [DEBUG] DATA-001.h2::codec::framed_read: received frame=Data { stream_id: StreamId(3) }
2026-09-16T09:14:26.353943900Z [DEBUG] DATA-001.h2::codec::framed_read: received frame=Data { stream_id: StreamId(3) }
2026-09-16T09:14:26.353946200Z [DEBUG] DATA-001.h2::codec::framed_read: received frame=Data { stream_id: StreamId(3) }
2026-09-16T09:14:26.353959200Z [DEBUG] DATA-001.h2::codec::framed_read: received frame=Data { stream_id: StreamId(3) }
2026-09-16T09:14:26.353961800Z [DEBUG] DATA-001.h2::codec::framed_read: received frame=Data { stream_id: StreamId(3) }
2026-09-16T09:14:26.353965900Z [DEBUG] DATA-001.h2::codec::framed_read: received frame=Data { stream_id: StreamId(3) }
2026-09-16T09:14:26.356017800Z [DEBUG] DATA-001.h2::codec::framed_read: received frame=Data { stream_id: StreamId(3) }
2026-09-16T09:14:26.356047700Z [DEBUG] DATA-001.h2::codec::framed_read: received frame=Data { stream_id: StreamId(3) }
2026-09-16T09:14:26.356193100Z [DEBUG] DATA-001.h2::codec::framed_read: received frame=Data { stream_id: StreamId(3) }
2026-09-16T09:14:26.356256000Z [DEBUG] DATA-001.h2::codec::framed_read: received frame=Data { stream_id: StreamId(3) }
2026-09-16T09:14:26.356271800Z [DEBUG] DATA-001.h2::codec::framed_read: received frame=Data { stream_id: StreamId(3) }
2026-09-16T09:14:26.356297400Z [DEBUG] DATA-001.h2::codec::framed_read: received frame=Data { stream_id: StreamId(3) }
2026-09-16T09:14:26.356315800Z [DEBUG] DATA-001.h2::codec::framed_read: received frame=Data { stream_id: StreamId(3) }
2026-09-16T09:14:26.356319700Z [DEBUG] DATA-001.h2::codec::framed_read: received frame=Data { stream_id: StreamId(3) }
2026-09-16T09:14:26.356340300Z [DEBUG] DATA-001.h2::codec::framed_read: received frame=Data { stream_id: StreamId(3) }
2026-09-16T09:14:26.356823100Z [DEBUG] DATA-001.h2::codec::framed_read: received frame=Data { stream_id: StreamId(3) }
2026-09-16T09:14:26.356921200Z [DEBUG] DATA-001.h2::codec::framed_read: received frame=Data { stream_id: StreamId(3) }
2026-09-16T09:14:26.356944800Z [DEBUG] DATA-001.h2::codec::framed_read: received frame=Data { stream_id: StreamId(3) }
2026-09-16T09:14:26.356946600Z [DEBUG] DATA-001.h2::codec::framed_read: received frame=Data { stream_id: StreamId(3) }
2026-09-16T09:14:26.356975400Z [DEBUG] DATA-001.h2::codec::framed_read: received frame=Data { stream_id: StreamId(3) }
2026-09-16T09:14:26.356983000Z [DEBUG] DATA-001.h2::codec::framed_read: received frame=Data { stream_id: StreamId(3) }
2026-09-16T09:14:26.356985500Z [DEBUG] DATA-001.h2::codec::framed_read: received frame=Data { stream_id: StreamId(3) }
2026-09-16T09:14:26.361620000Z [DEBUG] DATA-001.h2::codec::framed_read: received frame=Data { stream_id: StreamId(3) }
2026-09-16T09:14:26.361638300Z [DEBUG] DATA-001.h2::codec::framed_read: received frame=Data { stream_id: StreamId(3) }
2026-09-16T09:14:26.361654400Z [DEBUG] DATA-001.h2::codec::framed_read: received frame=Data { stream_id: StreamId(3) }
2026-09-16T09:14:26.361656600Z [DEBUG] DATA-001.h2::codec::framed_read: received frame=Data { stream_id: StreamId(3) }
2026-09-16T09:14:26.361754200Z [DEBUG] DATA-001.h2::codec::framed_read: received frame=Data { stream_id: StreamId(3) }
2026-09-16T09:14:26.361761000Z [DEBUG] DATA-001.h2::codec::framed_read: received frame=Data { stream_id: StreamId(3) }
2026-09-16T09:14:26.361766700Z [DEBUG] DATA-001.h2::codec::framed_read: received frame=Data { stream_id: StreamId(3) }
2026-09-16T09:14:26.361832900Z [DEBUG] DATA-001.h2::codec::framed_read: received frame=Data { stream_id: StreamId(3) }
2026-09-16T09:14:26.361865100Z [DEBUG] DATA-001.h2::codec::framed_read: received frame=Data { stream_id: StreamId(3) }
2026-09-16T09:14:26.361867400Z [DEBUG] DATA-001.h2::codec::framed_read: received frame=Data { stream_id: StreamId(3) }
2026-09-16T09:14:26.361869900Z [DEBUG] DATA-001.h2::codec::framed_read: received frame=Data { stream_id: StreamId(3) }
2026-09-16T09:14:26.361883800Z [DEBUG] DATA-001.h2::codec::framed_read: received frame=Data { stream_id: StreamId(3) }
2026-09-16T09:14:26.361964000Z [DEBUG] DATA-001.h2::codec::framed_read: received frame=Data { stream_id: StreamId(3) }
2026-09-16T09:14:26.361996800Z [DEBUG] DATA-001.h2::codec::framed_read: received frame=Data { stream_id: StreamId(3) }
2026-09-16T09:14:26.361999200Z [DEBUG] DATA-001.h2::codec::framed_read: received frame=Data { stream_id: StreamId(3) }
2026-09-16T09:14:26.362007600Z [DEBUG] DATA-001.h2::codec::framed_read: received frame=Data { stream_id: StreamId(3) }
2026-09-16T09:14:26.362042800Z [DEBUG] DATA-001.h2::codec::framed_read: received frame=Data { stream_id: StreamId(3) }
2026-09-16T09:14:26.362052300Z [DEBUG] DATA-001.h2::codec::framed_read: received frame=Data { stream_id: StreamId(3) }
2026-09-16T09:14:26.362054400Z [DEBUG] DATA-001.h2::codec::framed_read: received frame=Data { stream_id: StreamId(3) }
2026-09-16T09:14:26.362092800Z [DEBUG] DATA-001.h2::codec::framed_read: received frame=Data { stream_id: StreamId(3) }
2026-09-16T09:14:26.363050900Z [DEBUG] DATA-001.h2::codec::framed_read: received frame=Data { stream_id: StreamId(3) }
2026-09-16T09:14:26.363070800Z [DEBUG] DATA-001.h2::codec::framed_read: received frame=Data { stream_id: StreamId(3) }
2026-09-16T09:14:26.363085800Z [DEBUG] DATA-001.h2::codec::framed_read: received frame=Data { stream_id: StreamId(3) }
2026-09-16T09:14:26.363088700Z [DEBUG] DATA-001.h2::codec::framed_read: received frame=Data { stream_id: StreamId(3) }
2026-09-16T09:14:26.363096100Z [DEBUG] DATA-001.h2::codec::framed_read: received frame=Data { stream_id: StreamId(3) }
2026-09-16T09:14:26.363097300Z [DEBUG] DATA-001.h2::codec::framed_read: received frame=Data { stream_id: StreamId(3) }
2026-09-16T09:14:26.363145200Z [DEBUG] DATA-001.h2::codec::framed_read: received frame=Data { stream_id: StreamId(3) }
2026-09-16T09:14:26.363219900Z [DEBUG] DATA-001.h2::codec::framed_read: received frame=Data { stream_id: StreamId(3) }
2026-09-16T09:14:26.363233700Z [DEBUG] DATA-001.h2::codec::framed_read: received frame=Data { stream_id: StreamId(3) }
2026-09-16T09:14:26.363245100Z [DEBUG] DATA-001.h2::codec::framed_read: received frame=Data { stream_id: StreamId(3) }
2026-09-16T09:14:26.363246900Z [DEBUG] DATA-001.h2::codec::framed_read: received frame=Data { stream_id: StreamId(3) }
2026-09-16T09:14:26.369867100Z [DEBUG] DATA-001.h2::codec::framed_read: received frame=Data { stream_id: StreamId(3) }
2026-09-16T09:14:26.369891000Z [DEBUG] DATA-001.h2::codec::framed_read: received frame=Data { stream_id: StreamId(3) }
2026-09-16T09:14:26.369908300Z [DEBUG] DATA-001.h2::codec::framed_read: received frame=Data { stream_id: StreamId(3) }
2026-09-16T09:14:26.369910600Z [DEBUG] DATA-001.h2::codec::framed_read: received frame=Data { stream_id: StreamId(3) }
2026-09-16T09:14:26.369954100Z [DEBUG] DATA-001.h2::codec::framed_read: received frame=Data { stream_id: StreamId(3) }
2026-09-16T09:14:26.369956000Z [DEBUG] DATA-001.h2::codec::framed_read: received frame=Data { stream_id: StreamId(3) }
2026-09-16T09:14:26.369971800Z [DEBUG] DATA-001.h2::codec::framed_read: received frame=Data { stream_id: StreamId(3) }
2026-09-16T09:14:26.370032900Z [DEBUG] DATA-001.h2::codec::framed_read: received frame=Data { stream_id: StreamId(3) }
2026-09-16T09:14:26.370055900Z [DEBUG] DATA-001.h2::codec::framed_read: received frame=Data { stream_id: StreamId(3) }
2026-09-16T09:14:26.370345800Z [DEBUG] DATA-001.h2::codec::framed_read: received frame=Data { stream_id: StreamId(3) }
2026-09-16T09:14:26.370357000Z [DEBUG] DATA-001.h2::codec::framed_read: received frame=Data { stream_id: StreamId(3) }
2026-09-16T09:14:26.370430100Z [DEBUG] DATA-001.h2::codec::framed_read: received frame=Data { stream_id: StreamId(3) }
2026-09-16T09:14:26.370475100Z [DEBUG] DATA-001.h2::codec::framed_read: received frame=Data { stream_id: StreamId(3) }
2026-09-16T09:14:26.370482300Z [DEBUG] DATA-001.h2::codec::framed_read: received frame=Data { stream_id: StreamId(3) }
2026-09-16T09:14:26.370484500Z [DEBUG] DATA-001.h2::codec::framed_read: received frame=Data { stream_id: StreamId(3) }
2026-09-16T09:14:26.370532200Z [DEBUG] DATA-001.h2::codec::framed_read: received frame=Data { stream_id: StreamId(3) }
2026-09-16T09:14:26.370541700Z [DEBUG] DATA-001.h2::codec::framed_read: received frame=Data { stream_id: StreamId(3) }
2026-09-16T09:14:26.370548800Z [DEBUG] DATA-001.h2::codec::framed_read: received frame=Data { stream_id: StreamId(3) }
2026-09-16T09:14:26.370613000Z [DEBUG] DATA-001.h2::codec::framed_read: received frame=Data { stream_id: StreamId(3) }
2026-09-16T09:14:26.370637300Z [DEBUG] DATA-001.h2::codec::framed_read: received frame=Data { stream_id: StreamId(3) }
2026-09-16T09:14:26.370640500Z [DEBUG] DATA-001.h2::codec::framed_read: received frame=Data { stream_id: StreamId(3) }
2026-09-16T09:14:26.370647500Z [DEBUG] DATA-001.h2::codec::framed_read: received frame=Data { stream_id: StreamId(3) }
2026-09-16T09:14:26.370739000Z [DEBUG] DATA-001.h2::codec::framed_read: received frame=Data { stream_id: StreamId(3) }
2026-09-16T09:14:26.370781400Z [DEBUG] DATA-001.h2::codec::framed_read: received frame=Data { stream_id: StreamId(3) }
2026-09-16T09:14:26.370789400Z [DEBUG] DATA-001.h2::codec::framed_read: received frame=Data { stream_id: StreamId(3) }
2026-09-16T09:14:26.370791100Z [DEBUG] DATA-001.h2::codec::framed_read: received frame=Data { stream_id: StreamId(3) }
2026-09-16T09:14:26.370813100Z [DEBUG] DATA-001.h2::codec::framed_read: received frame=Data { stream_id: StreamId(3) }
2026-09-16T09:14:26.370820200Z [DEBUG] DATA-001.h2::codec::framed_read: received frame=Data { stream_id: StreamId(3) }
2026-09-16T09:14:26.370871100Z [DEBUG] DATA-001.h2::codec::framed_read: received frame=Data { stream_id: StreamId(3) }
2026-09-16T09:14:26.370878200Z [DEBUG] DATA-001.h2::codec::framed_read: received frame=Data { stream_id: StreamId(3) }
2026-09-16T09:14:26.370944700Z [DEBUG] DATA-001.h2::codec::framed_read: received frame=Data { stream_id: StreamId(3) }
2026-09-16T09:14:26.370953900Z [DEBUG] DATA-001.h2::codec::framed_read: received frame=Data { stream_id: StreamId(3) }
2026-09-16T09:14:26.370956400Z [DEBUG] DATA-001.h2::codec::framed_read: received frame=Data { stream_id: StreamId(3) }
2026-09-16T09:14:26.370976900Z [DEBUG] DATA-001.h2::codec::framed_read: received frame=Data { stream_id: StreamId(3) }
2026-09-16T09:14:26.370978600Z [DEBUG] DATA-001.h2::codec::framed_read: received frame=Data { stream_id: StreamId(3) }
2026-09-16T09:14:26.371087200Z [DEBUG] DATA-001.h2::codec::framed_read: received frame=Data { stream_id: StreamId(3) }
2026-09-16T09:14:26.371106300Z [DEBUG] DATA-001.h2::codec::framed_read: received frame=Data { stream_id: StreamId(3) }
2026-09-16T09:14:26.371107600Z [DEBUG] DATA-001.h2::codec::framed_read: received frame=Data { stream_id: StreamId(3) }
2026-09-16T09:14:26.371128400Z [DEBUG] DATA-001.h2::codec::framed_read: received frame=Data { stream_id: StreamId(3) }
2026-09-16T09:14:26.371134200Z [DEBUG] DATA-001.h2::codec::framed_read: received frame=Data { stream_id: StreamId(3) }
2026-09-16T09:14:26.374770800Z [DEBUG] DATA-001.h2::codec::framed_read: received frame=Data { stream_id: StreamId(3) }
2026-09-16T09:14:26.374815600Z [DEBUG] DATA-001.h2::codec::framed_read: received frame=Data { stream_id: StreamId(3) }
2026-09-16T09:14:26.374817800Z [DEBUG] DATA-001.h2::codec::framed_read: received frame=Data { stream_id: StreamId(3) }
2026-09-16T09:14:26.374820500Z [DEBUG] DATA-001.h2::codec::framed_read: received frame=Data { stream_id: StreamId(3) }
2026-09-16T09:14:26.374822900Z [DEBUG] DATA-001.h2::codec::framed_read: received frame=Data { stream_id: StreamId(3) }
2026-09-16T09:14:26.374862600Z [DEBUG] DATA-001.h2::codec::framed_read: received frame=Data { stream_id: StreamId(3) }
2026-09-16T09:14:26.374867300Z [DEBUG] DATA-001.h2::codec::framed_read: received frame=Data { stream_id: StreamId(3) }
2026-09-16T09:14:26.374905200Z [DEBUG] DATA-001.h2::codec::framed_read: received frame=Data { stream_id: StreamId(3) }
2026-09-16T09:14:26.374916800Z [DEBUG] DATA-001.h2::codec::framed_read: received frame=Data { stream_id: StreamId(3) }
2026-09-16T09:14:26.374959100Z [DEBUG] DATA-001.h2::codec::framed_read: received frame=Data { stream_id: StreamId(3) }
2026-09-16T09:14:26.374970000Z [DEBUG] DATA-001.h2::codec::framed_read: received frame=Data { stream_id: StreamId(3) }
2026-09-16T09:14:26.375032300Z [DEBUG] DATA-001.h2::codec::framed_read: received frame=Data { stream_id: StreamId(3) }
2026-09-16T09:14:26.375049500Z [DEBUG] DATA-001.h2::codec::framed_read: received frame=Data { stream_id: StreamId(3) }
2026-09-16T09:14:26.375051400Z [DEBUG] DATA-001.h2::codec::framed_read: received frame=Data { stream_id: StreamId(3) }
2026-09-16T09:14:26.375125200Z [DEBUG] DATA-001.h2::codec::framed_read: received frame=Data { stream_id: StreamId(3) }
2026-09-16T09:14:26.375160400Z [DEBUG] DATA-001.h2::codec::framed_read: received frame=Data { stream_id: StreamId(3) }
2026-09-16T09:14:26.375167300Z [DEBUG] DATA-001.h2::codec::framed_read: received frame=Data { stream_id: StreamId(3) }
2026-09-16T09:14:26.375421400Z [DEBUG] DATA-001.h2::codec::framed_read: received frame=Data { stream_id: StreamId(3) }
2026-09-16T09:14:26.375454300Z [DEBUG] DATA-001.h2::codec::framed_read: received frame=Data { stream_id: StreamId(3) }
2026-09-16T09:14:26.375460800Z [DEBUG] DATA-001.h2::codec::framed_read: received frame=Data { stream_id: StreamId(3) }
2026-09-16T09:14:26.375466500Z [DEBUG] DATA-001.h2::codec::framed_read: received frame=Data { stream_id: StreamId(3) }
2026-09-16T09:14:26.375727700Z [DEBUG] DATA-001.h2::codec::framed_read: received frame=Data { stream_id: StreamId(3) }
2026-09-16T09:14:26.375750400Z [DEBUG] DATA-001.h2::codec::framed_read: received frame=Data { stream_id: StreamId(3) }
2026-09-16T09:14:26.379537300Z [DEBUG] DATA-001.h2::codec::framed_read: received frame=Data { stream_id: StreamId(3) }
2026-09-16T09:14:26.379580200Z [DEBUG] DATA-001.h2::codec::framed_read: received frame=Data { stream_id: StreamId(3) }
2026-09-16T09:14:26.379583900Z [DEBUG] DATA-001.h2::codec::framed_read: received frame=Data { stream_id: StreamId(3) }
2026-09-16T09:14:26.379599600Z [DEBUG] DATA-001.h2::codec::framed_read: received frame=Data { stream_id: StreamId(3) }
2026-09-16T09:14:26.379641800Z [DEBUG] DATA-001.h2::codec::framed_read: received frame=Data { stream_id: StreamId(3) }
2026-09-16T09:14:26.379656800Z [DEBUG] DATA-001.h2::codec::framed_read: received frame=Data { stream_id: StreamId(3) }
2026-09-16T09:14:26.379702000Z [DEBUG] DATA-001.h2::codec::framed_read: received frame=Data { stream_id: StreamId(3) }
2026-09-16T09:14:26.379733100Z [DEBUG] DATA-001.h2::codec::framed_read: received frame=Data { stream_id: StreamId(3) }
2026-09-16T09:14:26.379740700Z [DEBUG] DATA-001.h2::codec::framed_read: received frame=Data { stream_id: StreamId(3) }
2026-09-16T09:14:26.379751100Z [DEBUG] DATA-001.h2::codec::framed_read: received frame=Data { stream_id: StreamId(3) }
2026-09-16T09:14:26.379783300Z [DEBUG] DATA-001.h2::codec::framed_read: received frame=Data { stream_id: StreamId(3) }
2026-09-16T09:14:26.379808000Z [DEBUG] DATA-001.h2::codec::framed_read: received frame=Data { stream_id: StreamId(3) }
2026-09-16T09:14:26.379815700Z [DEBUG] DATA-001.h2::codec::framed_read: received frame=Data { stream_id: StreamId(3) }
2026-09-16T09:14:26.379855900Z [DEBUG] DATA-001.h2::codec::framed_read: received frame=Data { stream_id: StreamId(3) }
2026-09-16T09:14:26.379865500Z [DEBUG] DATA-001.h2::codec::framed_read: received frame=Data { stream_id: StreamId(3) }
2026-09-16T09:14:26.379874800Z [DEBUG] DATA-001.h2::codec::framed_read: received frame=Data { stream_id: StreamId(3) }
2026-09-16T09:14:26.380320400Z [DEBUG] DATA-001.h2::codec::framed_read: received frame=Data { stream_id: StreamId(3) }
2026-09-16T09:14:26.380361600Z [DEBUG] DATA-001.h2::codec::framed_read: received frame=Data { stream_id: StreamId(3) }
2026-09-16T09:14:26.380364000Z [DEBUG] DATA-001.h2::codec::framed_read: received frame=Data { stream_id: StreamId(3) }
2026-09-16T09:14:26.380372800Z [DEBUG] DATA-001.h2::codec::framed_read: received frame=Data { stream_id: StreamId(3) }
2026-09-16T09:14:26.380500200Z [DEBUG] DATA-001.h2::codec::framed_read: received frame=Data { stream_id: StreamId(3) }
2026-09-16T09:14:26.380534400Z [DEBUG] DATA-001.h2::codec::framed_read: received frame=Data { stream_id: StreamId(3) }
2026-09-16T09:14:26.380536400Z [DEBUG] DATA-001.h2::codec::framed_read: received frame=Data { stream_id: StreamId(3) }
2026-09-16T09:14:26.380540200Z [DEBUG] DATA-001.h2::codec::framed_read: received frame=Data { stream_id: StreamId(3) }
2026-09-16T09:14:26.385104000Z [DEBUG] DATA-001.h2::codec::framed_read: received frame=Data { stream_id: StreamId(3) }
2026-09-16T09:14:26.385124000Z [DEBUG] DATA-001.h2::codec::framed_read: received frame=Data { stream_id: StreamId(3) }
2026-09-16T09:14:26.385142300Z [DEBUG] DATA-001.h2::codec::framed_read: received frame=Data { stream_id: StreamId(3) }
2026-09-16T09:14:26.385144500Z [DEBUG] DATA-001.h2::codec::framed_read: received frame=Data { stream_id: StreamId(3) }
2026-09-16T09:14:26.385265600Z [DEBUG] DATA-001.h2::codec::framed_read: received frame=Data { stream_id: StreamId(3) }
2026-09-16T09:14:26.385286000Z [DEBUG] DATA-001.h2::codec::framed_read: received frame=Data { stream_id: StreamId(3) }
2026-09-16T09:14:26.385304800Z [DEBUG] DATA-001.h2::codec::framed_read: received frame=Data { stream_id: StreamId(3) }
2026-09-16T09:14:26.385313400Z [DEBUG] DATA-001.h2::codec::framed_read: received frame=Data { stream_id: StreamId(3) }
2026-09-16T09:14:26.385327400Z [DEBUG] DATA-001.h2::codec::framed_read: received frame=Data { stream_id: StreamId(3) }
2026-09-16T09:14:26.385329000Z [DEBUG] DATA-001.h2::codec::framed_read: received frame=Data { stream_id: StreamId(3) }
2026-09-16T09:14:26.385422000Z [DEBUG] DATA-001.h2::codec::framed_read: received frame=Data { stream_id: StreamId(3) }
2026-09-16T09:14:26.385437400Z [DEBUG] DATA-001.h2::codec::framed_read: received frame=Data { stream_id: StreamId(3) }
2026-09-16T09:14:26.385487200Z [DEBUG] DATA-001.h2::codec::framed_read: received frame=Data { stream_id: StreamId(3) }
2026-09-16T09:14:26.385495500Z [DEBUG] DATA-001.h2::codec::framed_read: received frame=Data { stream_id: StreamId(3) }
2026-09-16T09:14:26.385546800Z [DEBUG] DATA-001.h2::codec::framed_read: received frame=Data { stream_id: StreamId(3) }
2026-09-16T09:14:26.385557300Z [DEBUG] DATA-001.h2::codec::framed_read: received frame=Data { stream_id: StreamId(3) }
2026-09-16T09:14:26.385564300Z [DEBUG] DATA-001.h2::codec::framed_write: send frame=WindowUpdate { stream_id: StreamId(3), size_increment: 1827216 }
2026-09-16T09:14:26.385685700Z [DEBUG] DATA-001.h2::codec::framed_read: received frame=Data { stream_id: StreamId(3) }
2026-09-16T09:14:26.385694700Z [DEBUG] DATA-001.h2::codec::framed_read: received frame=Data { stream_id: StreamId(3) }
2026-09-16T09:14:26.395957800Z [DEBUG] DATA-001.h2::codec::framed_read: received frame=Data { stream_id: StreamId(3) }
2026-09-16T09:14:26.395988200Z [DEBUG] DATA-001.h2::codec::framed_read: received frame=Data { stream_id: StreamId(3) }
2026-09-16T09:14:26.396071200Z [DEBUG] DATA-001.h2::codec::framed_read: received frame=Data { stream_id: StreamId(3) }
2026-09-16T09:14:26.396079600Z [DEBUG] DATA-001.h2::codec::framed_read: received frame=Data { stream_id: StreamId(3) }
2026-09-16T09:14:26.396093500Z [DEBUG] DATA-001.h2::codec::framed_read: received frame=Data { stream_id: StreamId(3) }
2026-09-16T09:14:26.396096100Z [DEBUG] DATA-001.h2::codec::framed_read: received frame=Data { stream_id: StreamId(3) }
2026-09-16T09:14:26.396103500Z [DEBUG] DATA-001.h2::codec::framed_read: received frame=Data { stream_id: StreamId(3) }
2026-09-16T09:14:26.396200700Z [DEBUG] DATA-001.h2::codec::framed_read: received frame=Data { stream_id: StreamId(3) }
2026-09-16T09:14:26.396412900Z [DEBUG] DATA-001.h2::codec::framed_read: received frame=Data { stream_id: StreamId(3) }
2026-09-16T09:14:26.396428800Z [DEBUG] DATA-001.h2::codec::framed_read: received frame=Data { stream_id: StreamId(3) }
2026-09-16T09:14:26.396432200Z [DEBUG] DATA-001.h2::codec::framed_read: received frame=Data { stream_id: StreamId(3) }
2026-09-16T09:14:26.396451300Z [DEBUG] DATA-001.h2::codec::framed_read: received frame=Data { stream_id: StreamId(3) }
2026-09-16T09:14:26.396453400Z [DEBUG] DATA-001.h2::codec::framed_read: received frame=Data { stream_id: StreamId(3) }
2026-09-16T09:14:26.396464300Z [DEBUG] DATA-001.h2::codec::framed_write: send frame=WindowUpdate { stream_id: StreamId(0), size_increment: 1827088 }
2026-09-16T09:14:26.396652900Z [DEBUG] DATA-001.h2::codec::framed_read: received frame=Data { stream_id: StreamId(3) }
2026-09-16T09:14:26.396666400Z [DEBUG] DATA-001.h2::codec::framed_read: received frame=Data { stream_id: StreamId(3) }
2026-09-16T09:14:26.396682300Z [DEBUG] DATA-001.h2::codec::framed_read: received frame=Data { stream_id: StreamId(3) }
2026-09-16T09:14:26.396686800Z [DEBUG] DATA-001.h2::codec::framed_read: received frame=Data { stream_id: StreamId(3) }
2026-09-16T09:14:26.396837200Z [DEBUG] DATA-001.h2::codec::framed_read: received frame=Data { stream_id: StreamId(3) }
2026-09-16T09:14:26.396851000Z [DEBUG] DATA-001.h2::codec::framed_read: received frame=Data { stream_id: StreamId(3) }
2026-09-16T09:14:26.396866800Z [DEBUG] DATA-001.h2::codec::framed_read: received frame=Data { stream_id: StreamId(3) }
2026-09-16T09:14:26.396868800Z [DEBUG] DATA-001.h2::codec::framed_read: received frame=Data { stream_id: StreamId(3) }
2026-09-16T09:14:26.396903600Z [DEBUG] DATA-001.h2::codec::framed_read: received frame=Data { stream_id: StreamId(3) }
2026-09-16T09:14:26.396910300Z [DEBUG] DATA-001.h2::codec::framed_read: received frame=Data { stream_id: StreamId(3) }
2026-09-16T09:14:26.397006400Z [DEBUG] DATA-001.h2::codec::framed_read: received frame=Data { stream_id: StreamId(3) }
2026-09-16T09:14:26.397023800Z [DEBUG] DATA-001.h2::codec::framed_read: received frame=Data { stream_id: StreamId(3) }
2026-09-16T09:14:26.397098200Z [DEBUG] DATA-001.h2::codec::framed_read: received frame=Data { stream_id: StreamId(3) }
2026-09-16T09:14:26.397105400Z [DEBUG] DATA-001.h2::codec::framed_read: received frame=Data { stream_id: StreamId(3) }
2026-09-16T09:14:26.397136700Z [DEBUG] DATA-001.h2::codec::framed_read: received frame=Data { stream_id: StreamId(3) }
2026-09-16T09:14:26.397143300Z [DEBUG] DATA-001.h2::codec::framed_read: received frame=Data { stream_id: StreamId(3) }
2026-09-16T09:14:26.397257900Z [DEBUG] DATA-001.h2::codec::framed_read: received frame=Data { stream_id: StreamId(3) }
2026-09-16T09:14:26.397281200Z [DEBUG] DATA-001.h2::codec::framed_read: received frame=Data { stream_id: StreamId(3) }
2026-09-16T09:14:26.397344300Z [DEBUG] DATA-001.h2::codec::framed_read: received frame=Data { stream_id: StreamId(3) }
2026-09-16T09:14:26.397353300Z [DEBUG] DATA-001.h2::codec::framed_read: received frame=Data { stream_id: StreamId(3) }
2026-09-16T09:14:26.397356500Z [DEBUG] DATA-001.h2::codec::framed_read: received frame=Data { stream_id: StreamId(3) }
2026-09-16T09:14:26.397467200Z [DEBUG] DATA-001.h2::codec::framed_read: received frame=Data { stream_id: StreamId(3) }
2026-09-16T09:14:26.397503900Z [DEBUG] DATA-001.h2::codec::framed_read: received frame=Data { stream_id: StreamId(3) }
2026-09-16T09:14:26.397507700Z [DEBUG] DATA-001.h2::codec::framed_read: received frame=Data { stream_id: StreamId(3) }
2026-09-16T09:14:26.397551300Z [DEBUG] DATA-001.h2::codec::framed_read: received frame=Data { stream_id: StreamId(3) }
2026-09-16T09:14:26.397557800Z [DEBUG] DATA-001.h2::codec::framed_read: received frame=Data { stream_id: StreamId(3) }
2026-09-16T09:14:26.397562000Z [DEBUG] DATA-001.h2::codec::framed_read: received frame=Data { stream_id: StreamId(3) }
2026-09-16T09:14:26.397562900Z [DEBUG] DATA-001.h2::codec::framed_read: received frame=Data { stream_id: StreamId(3) }
2026-09-16T09:14:26.526578900Z [DEBUG] DATA-001.h2::codec::framed_read: received frame=Ping { ack: true, payload: [59, 124, 219, 122, 11, 135, 22, 180] }
2026-09-16T09:14:26.536226100Z [DEBUG] DATA-001.h2::codec::framed_read: received frame=Data { stream_id: StreamId(3) }
2026-09-16T09:14:26.536255600Z [DEBUG] DATA-001.h2::codec::framed_read: received frame=Data { stream_id: StreamId(3) }
2026-09-16T09:14:26.536374900Z [DEBUG] DATA-001.h2::codec::framed_read: received frame=Data { stream_id: StreamId(3) }
2026-09-16T09:14:26.536474700Z [DEBUG] DATA-001.h2::codec::framed_read: received frame=Data { stream_id: StreamId(3) }
2026-09-16T09:14:26.536493500Z [DEBUG] DATA-001.h2::codec::framed_read: received frame=Data { stream_id: StreamId(3) }
2026-09-16T09:14:26.538167400Z [DEBUG] DATA-001.h2::codec::framed_read: received frame=Data { stream_id: StreamId(3) }
2026-09-16T09:14:26.538187500Z [DEBUG] DATA-001.h2::codec::framed_read: received frame=Data { stream_id: StreamId(3) }
2026-09-16T09:14:26.538189300Z [DEBUG] DATA-001.h2::codec::framed_read: received frame=Data { stream_id: StreamId(3) }
2026-09-16T09:14:26.538230100Z [DEBUG] DATA-001.h2::codec::framed_read: received frame=Data { stream_id: StreamId(3) }
2026-09-16T09:14:26.538301200Z [DEBUG] DATA-001.h2::codec::framed_read: received frame=Data { stream_id: StreamId(3) }
2026-09-16T09:14:26.538312300Z [DEBUG] DATA-001.h2::codec::framed_read: received frame=Data { stream_id: StreamId(3) }
2026-09-16T09:14:26.538425600Z [DEBUG] DATA-001.h2::codec::framed_read: received frame=Data { stream_id: StreamId(3) }
2026-09-16T09:14:26.538463700Z [DEBUG] DATA-001.h2::codec::framed_read: received frame=Data { stream_id: StreamId(3) }
2026-09-16T09:14:26.538472000Z [DEBUG] DATA-001.h2::codec::framed_read: received frame=Data { stream_id: StreamId(3) }
2026-09-16T09:14:26.540552500Z [DEBUG] DATA-001.h2::codec::framed_read: received frame=Data { stream_id: StreamId(3) }
2026-09-16T09:14:26.540578400Z [DEBUG] DATA-001.h2::codec::framed_read: received frame=Data { stream_id: StreamId(3) }
2026-09-16T09:14:26.540598200Z [DEBUG] DATA-001.h2::codec::framed_read: received frame=Data { stream_id: StreamId(3) }
2026-09-16T09:14:26.540600400Z [DEBUG] DATA-001.h2::codec::framed_read: received frame=Data { stream_id: StreamId(3) }
2026-09-16T09:14:26.540642000Z [DEBUG] DATA-001.h2::codec::framed_read: received frame=Data { stream_id: StreamId(3) }
2026-09-16T09:14:26.540648500Z [DEBUG] DATA-001.h2::codec::framed_read: received frame=Data { stream_id: StreamId(3) }
2026-09-16T09:14:26.540650700Z [DEBUG] DATA-001.h2::codec::framed_read: received frame=Data { stream_id: StreamId(3) }
2026-09-16T09:14:26.540741800Z [DEBUG] DATA-001.h2::codec::framed_read: received frame=Data { stream_id: StreamId(3) }
2026-09-16T09:14:26.540767900Z [DEBUG] DATA-001.h2::codec::framed_read: received frame=Data { stream_id: StreamId(3) }
2026-09-16T09:14:26.540905700Z [DEBUG] DATA-001.h2::codec::framed_write: send frame=Ping { ack: false, payload: [59, 124, 219, 122, 11, 135, 22, 180] }
2026-09-16T09:14:26.541494400Z [DEBUG] DATA-001.h2::codec::framed_read: received frame=Data { stream_id: StreamId(3) }
2026-09-16T09:14:26.541515000Z [DEBUG] DATA-001.h2::codec::framed_read: received frame=Data { stream_id: StreamId(3) }
2026-09-16T09:14:26.541527700Z [DEBUG] DATA-001.h2::codec::framed_read: received frame=Data { stream_id: StreamId(3) }
2026-09-16T09:14:26.541529900Z [DEBUG] DATA-001.h2::codec::framed_read: received frame=Data { stream_id: StreamId(3) }
2026-09-16T09:14:26.541568800Z [DEBUG] DATA-001.h2::codec::framed_read: received frame=Data { stream_id: StreamId(3) }
2026-09-16T09:14:26.541574800Z [DEBUG] DATA-001.h2::codec::framed_read: received frame=Data { stream_id: StreamId(3) }
2026-09-16T09:14:26.541581800Z [DEBUG] DATA-001.h2::codec::framed_read: received frame=Data { stream_id: StreamId(3) }
2026-09-16T09:14:26.543082200Z [DEBUG] DATA-001.h2::codec::framed_read: received frame=Data { stream_id: StreamId(3) }
2026-09-16T09:14:26.543114600Z [DEBUG] DATA-001.h2::codec::framed_read: received frame=Data { stream_id: StreamId(3) }
2026-09-16T09:14:26.543124300Z [DEBUG] DATA-001.h2::codec::framed_read: received frame=Data { stream_id: StreamId(3) }
2026-09-16T09:14:26.543171500Z [DEBUG] DATA-001.h2::codec::framed_read: received frame=Data { stream_id: StreamId(3) }
2026-09-16T09:14:26.543177000Z [DEBUG] DATA-001.h2::codec::framed_read: received frame=Data { stream_id: StreamId(3) }
2026-09-16T09:14:26.543179200Z [DEBUG] DATA-001.h2::codec::framed_read: received frame=Data { stream_id: StreamId(3) }
2026-09-16T09:14:26.543184000Z [DEBUG] DATA-001.h2::codec::framed_read: received frame=Data { stream_id: StreamId(3) }
2026-09-16T09:14:26.543239400Z [DEBUG] DATA-001.h2::codec::framed_read: received frame=Data { stream_id: StreamId(3) }
2026-09-16T09:14:26.546223100Z [DEBUG] DATA-001.h2::codec::framed_read: received frame=Data { stream_id: StreamId(3) }
2026-09-16T09:14:26.546251200Z [DEBUG] DATA-001.h2::codec::framed_read: received frame=Data { stream_id: StreamId(3) }
2026-09-16T09:14:26.546271000Z [DEBUG] DATA-001.h2::codec::framed_read: received frame=Data { stream_id: StreamId(3) }
2026-09-16T09:14:26.546274100Z [DEBUG] DATA-001.h2::codec::framed_read: received frame=Data { stream_id: StreamId(3) }
2026-09-16T09:14:26.546290000Z [DEBUG] DATA-001.h2::codec::framed_read: received frame=Data { stream_id: StreamId(3) }
2026-09-16T09:14:26.546292900Z [DEBUG] DATA-001.h2::codec::framed_read: received frame=Data { stream_id: StreamId(3) }
2026-09-16T09:14:26.546354500Z [DEBUG] DATA-001.h2::codec::framed_read: received frame=Data { stream_id: StreamId(3) }
2026-09-16T09:14:26.546381300Z [DEBUG] DATA-001.h2::codec::framed_read: received frame=Data { stream_id: StreamId(3) }
2026-09-16T09:14:26.546384500Z [DEBUG] DATA-001.h2::codec::framed_read: received frame=Data { stream_id: StreamId(3) }
2026-09-16T09:14:26.546396600Z [DEBUG] DATA-001.h2::codec::framed_read: received frame=Data { stream_id: StreamId(3) }
2026-09-16T09:14:26.549573900Z [DEBUG] DATA-001.h2::codec::framed_read: received frame=Data { stream_id: StreamId(3) }
2026-09-16T09:14:26.549595100Z [DEBUG] DATA-001.h2::codec::framed_read: received frame=Data { stream_id: StreamId(3) }
2026-09-16T09:14:26.549611100Z [DEBUG] DATA-001.h2::codec::framed_read: received frame=Data { stream_id: StreamId(3) }
2026-09-16T09:14:26.549613000Z [DEBUG] DATA-001.h2::codec::framed_read: received frame=Data { stream_id: StreamId(3) }
2026-09-16T09:14:26.549655800Z [DEBUG] DATA-001.h2::codec::framed_read: received frame=Data { stream_id: StreamId(3) }
2026-09-16T09:14:26.549662600Z [DEBUG] DATA-001.h2::codec::framed_read: received frame=Data { stream_id: StreamId(3) }
2026-09-16T09:14:26.549667900Z [DEBUG] DATA-001.h2::codec::framed_read: received frame=Data { stream_id: StreamId(3) }
2026-09-16T09:14:26.549690300Z [DEBUG] DATA-001.h2::codec::framed_read: received frame=Data { stream_id: StreamId(3) }
2026-09-16T09:14:26.549696600Z [DEBUG] DATA-001.h2::codec::framed_read: received frame=Data { stream_id: StreamId(3) }
2026-09-16T09:14:26.549728100Z [DEBUG] DATA-001.h2::codec::framed_read: received frame=Data { stream_id: StreamId(3) }
2026-09-16T09:14:26.549731000Z [DEBUG] DATA-001.h2::codec::framed_read: received frame=Data { stream_id: StreamId(3) }
2026-09-16T09:14:26.549768600Z [DEBUG] DATA-001.h2::codec::framed_read: received frame=Data { stream_id: StreamId(3) }
2026-09-16T09:14:26.549840800Z [DEBUG] DATA-001.h2::codec::framed_read: received frame=Data { stream_id: StreamId(3) }
2026-09-16T09:14:26.549873500Z [DEBUG] DATA-001.h2::codec::framed_read: received frame=Data { stream_id: StreamId(3) }
2026-09-16T09:14:26.549884700Z [DEBUG] DATA-001.h2::codec::framed_read: received frame=Data { stream_id: StreamId(3) }
2026-09-16T09:14:26.549901500Z [DEBUG] DATA-001.h2::codec::framed_read: received frame=Data { stream_id: StreamId(3) }
2026-09-16T09:14:26.549906200Z [DEBUG] DATA-001.h2::codec::framed_read: received frame=Data { stream_id: StreamId(3) }
2026-09-16T09:14:26.549919200Z [DEBUG] DATA-001.h2::codec::framed_read: received frame=Data { stream_id: StreamId(3) }
2026-09-16T09:14:26.550009700Z [DEBUG] DATA-001.h2::codec::framed_read: received frame=Data { stream_id: StreamId(3) }
2026-09-16T09:14:26.550032700Z [DEBUG] DATA-001.h2::codec::framed_read: received frame=Data { stream_id: StreamId(3) }
2026-09-16T09:14:26.550051900Z [DEBUG] DATA-001.h2::codec::framed_read: received frame=Data { stream_id: StreamId(3) }
2026-09-16T09:14:26.550059500Z [DEBUG] DATA-001.h2::codec::framed_read: received frame=Data { stream_id: StreamId(3) }
2026-09-16T09:14:26.550070700Z [DEBUG] DATA-001.h2::codec::framed_read: received frame=Data { stream_id: StreamId(3) }
2026-09-16T09:14:26.550106400Z [DEBUG] DATA-001.h2::codec::framed_read: received frame=Data { stream_id: StreamId(3) }
2026-09-16T09:14:26.550127400Z [DEBUG] DATA-001.h2::codec::framed_read: received frame=Data { stream_id: StreamId(3) }
2026-09-16T09:14:26.550129600Z [DEBUG] DATA-001.h2::codec::framed_read: received frame=Data { stream_id: StreamId(3) }
2026-09-16T09:14:26.550131700Z [DEBUG] DATA-001.h2::codec::framed_read: received frame=Data { stream_id: StreamId(3) }
2026-09-16T09:14:26.550133300Z [DEBUG] DATA-001.h2::codec::framed_read: received frame=Data { stream_id: StreamId(3) }
2026-09-16T09:14:26.550140600Z [DEBUG] DATA-001.h2::codec::framed_read: received frame=Data { stream_id: StreamId(3) }
2026-09-16T09:14:26.550165800Z [DEBUG] DATA-001.h2::codec::framed_read: received frame=Data { stream_id: StreamId(3) }
2026-09-16T09:14:26.550177300Z [DEBUG] DATA-001.h2::codec::framed_read: received frame=Data { stream_id: StreamId(3) }
2026-09-16T09:14:26.553118300Z [DEBUG] DATA-001.h2::codec::framed_read: received frame=Data { stream_id: StreamId(3) }
2026-09-16T09:14:26.553139600Z [DEBUG] DATA-001.h2::codec::framed_read: received frame=Data { stream_id: StreamId(3) }
2026-09-16T09:14:26.553156100Z [DEBUG] DATA-001.h2::codec::framed_read: received frame=Data { stream_id: StreamId(3) }
2026-09-16T09:14:26.553158700Z [DEBUG] DATA-001.h2::codec::framed_read: received frame=Data { stream_id: StreamId(3) }
2026-09-16T09:14:26.553166300Z [DEBUG] DATA-001.h2::codec::framed_read: received frame=Data { stream_id: StreamId(3) }
2026-09-16T09:14:26.553195400Z [DEBUG] DATA-001.h2::codec::framed_read: received frame=Data { stream_id: StreamId(3) }
2026-09-16T09:14:26.553217000Z [DEBUG] DATA-001.h2::codec::framed_read: received frame=Data { stream_id: StreamId(3) }
2026-09-16T09:14:26.553218900Z [DEBUG] DATA-001.h2::codec::framed_read: received frame=Data { stream_id: StreamId(3) }
2026-09-16T09:14:26.553224000Z [DEBUG] DATA-001.h2::codec::framed_read: received frame=Data { stream_id: StreamId(3) }
2026-09-16T09:14:26.553542200Z [DEBUG] DATA-001.h2::codec::framed_read: received frame=Data { stream_id: StreamId(3) }
2026-09-16T09:14:26.553561300Z [DEBUG] DATA-001.h2::codec::framed_read: received frame=Data { stream_id: StreamId(3) }
2026-09-16T09:14:26.553578000Z [DEBUG] DATA-001.h2::codec::framed_read: received frame=Data { stream_id: StreamId(3) }
2026-09-16T09:14:26.553580100Z [DEBUG] DATA-001.h2::codec::framed_read: received frame=Data { stream_id: StreamId(3) }
2026-09-16T09:14:26.553591700Z [DEBUG] DATA-001.h2::codec::framed_read: received frame=Data { stream_id: StreamId(3) }
2026-09-16T09:14:26.553593700Z [DEBUG] DATA-001.h2::codec::framed_read: received frame=Data { stream_id: StreamId(3) }
2026-09-16T09:14:26.553628500Z [DEBUG] DATA-001.h2::codec::framed_read: received frame=Data { stream_id: StreamId(3) }
2026-09-16T09:14:26.553639400Z [DEBUG] DATA-001.h2::codec::framed_read: received frame=Data { stream_id: StreamId(3) }
2026-09-16T09:14:26.555466800Z [DEBUG] DATA-001.h2::codec::framed_read: received frame=Data { stream_id: StreamId(3) }
2026-09-16T09:14:26.555486600Z [DEBUG] DATA-001.h2::codec::framed_read: received frame=Data { stream_id: StreamId(3) }
2026-09-16T09:14:26.555506200Z [DEBUG] DATA-001.h2::codec::framed_read: received frame=Data { stream_id: StreamId(3) }
2026-09-16T09:14:26.555507900Z [DEBUG] DATA-001.h2::codec::framed_read: received frame=Data { stream_id: StreamId(3) }
2026-09-16T09:14:26.555687600Z [DEBUG] DATA-001.h2::codec::framed_read: received frame=Data { stream_id: StreamId(3) }
2026-09-16T09:14:26.555720800Z [DEBUG] DATA-001.h2::codec::framed_read: received frame=Data { stream_id: StreamId(3) }
2026-09-16T09:14:26.555726700Z [DEBUG] DATA-001.h2::codec::framed_read: received frame=Data { stream_id: StreamId(3) }
2026-09-16T09:14:26.555762300Z [DEBUG] DATA-001.h2::codec::framed_read: received frame=Data { stream_id: StreamId(3) }
2026-09-16T09:14:26.555779100Z [DEBUG] DATA-001.h2::codec::framed_read: received frame=Data { stream_id: StreamId(3) }
2026-09-16T09:14:26.555780100Z [DEBUG] DATA-001.h2::codec::framed_read: received frame=Data { stream_id: StreamId(3) }
2026-09-16T09:14:26.557113700Z [DEBUG] DATA-001.h2::codec::framed_read: received frame=Data { stream_id: StreamId(3) }
2026-09-16T09:14:26.557248700Z [DEBUG] DATA-001.h2::codec::framed_read: received frame=Data { stream_id: StreamId(3) }
2026-09-16T09:14:26.557265700Z [DEBUG] DATA-001.h2::codec::framed_read: received frame=Data { stream_id: StreamId(3) }
2026-09-16T09:14:26.557272700Z [DEBUG] DATA-001.h2::codec::framed_read: received frame=Data { stream_id: StreamId(3) }
2026-09-16T09:14:26.557291700Z [DEBUG] DATA-001.h2::codec::framed_read: received frame=Data { stream_id: StreamId(3) }
2026-09-16T09:14:26.557295900Z [DEBUG] DATA-001.h2::codec::framed_read: received frame=Data { stream_id: StreamId(3) }
2026-09-16T09:14:26.561850200Z [DEBUG] DATA-001.h2::codec::framed_read: received frame=Data { stream_id: StreamId(3) }
2026-09-16T09:14:26.561871200Z [DEBUG] DATA-001.h2::codec::framed_read: received frame=Data { stream_id: StreamId(3) }
2026-09-16T09:14:26.561890400Z [DEBUG] DATA-001.h2::codec::framed_read: received frame=Data { stream_id: StreamId(3) }
2026-09-16T09:14:26.561892500Z [DEBUG] DATA-001.h2::codec::framed_read: received frame=Data { stream_id: StreamId(3) }
2026-09-16T09:14:26.561904400Z [DEBUG] DATA-001.h2::codec::framed_read: received frame=Data { stream_id: StreamId(3) }
2026-09-16T09:14:26.561906800Z [DEBUG] DATA-001.h2::codec::framed_read: received frame=Data { stream_id: StreamId(3) }
2026-09-16T09:14:26.561965800Z [DEBUG] DATA-001.h2::codec::framed_read: received frame=Data { stream_id: StreamId(3) }
2026-09-16T09:14:26.561972500Z [DEBUG] DATA-001.h2::codec::framed_read: received frame=Data { stream_id: StreamId(3) }
2026-09-16T09:14:26.562084300Z [DEBUG] DATA-001.h2::codec::framed_read: received frame=Data { stream_id: StreamId(3) }
2026-09-16T09:14:26.562096700Z [DEBUG] DATA-001.h2::codec::framed_read: received frame=Data { stream_id: StreamId(3) }
2026-09-16T09:14:26.562116100Z [DEBUG] DATA-001.h2::codec::framed_read: received frame=Data { stream_id: StreamId(3) }
2026-09-16T09:14:26.562117300Z [DEBUG] DATA-001.h2::codec::framed_read: received frame=Data { stream_id: StreamId(3) }
2026-09-16T09:14:26.562119300Z [DEBUG] DATA-001.h2::codec::framed_read: received frame=Data { stream_id: StreamId(3) }
2026-09-16T09:14:26.562203100Z [DEBUG] DATA-001.h2::codec::framed_read: received frame=Data { stream_id: StreamId(3) }
2026-09-16T09:14:26.562218600Z [DEBUG] DATA-001.h2::codec::framed_read: received frame=Data { stream_id: StreamId(3) }
2026-09-16T09:14:26.562235800Z [DEBUG] DATA-001.h2::codec::framed_read: received frame=Data { stream_id: StreamId(3) }
2026-09-16T09:14:26.562245800Z [DEBUG] DATA-001.h2::codec::framed_read: received frame=Data { stream_id: StreamId(3) }
2026-09-16T09:14:26.562283900Z [DEBUG] DATA-001.h2::codec::framed_read: received frame=Data { stream_id: StreamId(3) }
2026-09-16T09:14:26.562294000Z [DEBUG] DATA-001.h2::codec::framed_read: received frame=Data { stream_id: StreamId(3) }
2026-09-16T09:14:26.562840200Z [DEBUG] DATA-001.h2::codec::framed_read: received frame=Data { stream_id: StreamId(3) }
2026-09-16T09:14:26.562863500Z [DEBUG] DATA-001.h2::codec::framed_read: received frame=Data { stream_id: StreamId(3) }
2026-09-16T09:14:26.562869000Z [DEBUG] DATA-001.h2::codec::framed_read: received frame=Data { stream_id: StreamId(3) }
2026-09-16T09:14:26.562886600Z [DEBUG] DATA-001.h2::codec::framed_read: received frame=Data { stream_id: StreamId(3) }
2026-09-16T09:14:26.562892100Z [DEBUG] DATA-001.h2::codec::framed_read: received frame=Data { stream_id: StreamId(3) }
2026-09-16T09:14:26.562901900Z [DEBUG] DATA-001.h2::codec::framed_read: received frame=Data { stream_id: StreamId(3) }
2026-09-16T09:14:26.563010400Z [DEBUG] DATA-001.h2::codec::framed_read: received frame=Data { stream_id: StreamId(3) }
2026-09-16T09:14:26.563046200Z [DEBUG] DATA-001.h2::codec::framed_read: received frame=Data { stream_id: StreamId(3) }
2026-09-16T09:14:26.563052100Z [DEBUG] DATA-001.h2::codec::framed_read: received frame=Data { stream_id: StreamId(3) }
2026-09-16T09:14:26.565111700Z [DEBUG] DATA-001.h2::codec::framed_read: received frame=Data { stream_id: StreamId(3) }
2026-09-16T09:14:26.565135400Z [DEBUG] DATA-001.h2::codec::framed_read: received frame=Data { stream_id: StreamId(3) }
2026-09-16T09:14:26.565152500Z [DEBUG] DATA-001.h2::codec::framed_read: received frame=Data { stream_id: StreamId(3) }
2026-09-16T09:14:26.565154600Z [DEBUG] DATA-001.h2::codec::framed_read: received frame=Data { stream_id: StreamId(3) }
2026-09-16T09:14:26.565162000Z [DEBUG] DATA-001.h2::codec::framed_read: received frame=Data { stream_id: StreamId(3) }
2026-09-16T09:14:26.565261300Z [DEBUG] DATA-001.h2::codec::framed_read: received frame=Data { stream_id: StreamId(3) }
2026-09-16T09:14:26.565290300Z [DEBUG] DATA-001.h2::codec::framed_read: received frame=Data { stream_id: StreamId(3) }
2026-09-16T09:14:26.565292000Z [DEBUG] DATA-001.h2::codec::framed_read: received frame=Data { stream_id: StreamId(3) }
2026-09-16T09:14:26.565294300Z [DEBUG] DATA-001.h2::codec::framed_read: received frame=Data { stream_id: StreamId(3) }
2026-09-16T09:14:26.567790400Z [DEBUG] DATA-001.h2::codec::framed_read: received frame=Data { stream_id: StreamId(3) }
2026-09-16T09:14:26.567812700Z [DEBUG] DATA-001.h2::codec::framed_read: received frame=Data { stream_id: StreamId(3) }
2026-09-16T09:14:26.567830700Z [DEBUG] DATA-001.h2::codec::framed_read: received frame=Data { stream_id: StreamId(3) }
2026-09-16T09:14:26.567832600Z [DEBUG] DATA-001.h2::codec::framed_read: received frame=Data { stream_id: StreamId(3) }
2026-09-16T09:14:26.567841700Z [DEBUG] DATA-001.h2::codec::framed_read: received frame=Data { stream_id: StreamId(3) }
2026-09-16T09:14:26.567847000Z [DEBUG] DATA-001.h2::codec::framed_read: received frame=Data { stream_id: StreamId(3) }
2026-09-16T09:14:26.567883900Z [DEBUG] DATA-001.h2::codec::framed_read: received frame=Data { stream_id: StreamId(3) }
2026-09-16T09:14:26.567893100Z [DEBUG] DATA-001.h2::codec::framed_read: received frame=Data { stream_id: StreamId(3) }
2026-09-16T09:14:26.567893900Z [DEBUG] DATA-001.h2::codec::framed_read: received frame=Data { stream_id: StreamId(3) }
2026-09-16T09:14:26.567914500Z [DEBUG] DATA-001.h2::codec::framed_read: received frame=Data { stream_id: StreamId(3) }
2026-09-16T09:14:26.567921800Z [DEBUG] DATA-001.h2::codec::framed_read: received frame=Data { stream_id: StreamId(3) }
2026-09-16T09:14:26.567971700Z [DEBUG] DATA-001.h2::codec::framed_read: received frame=Data { stream_id: StreamId(3) }
2026-09-16T09:14:26.567978100Z [DEBUG] DATA-001.h2::codec::framed_read: received frame=Data { stream_id: StreamId(3) }
2026-09-16T09:14:26.568001000Z [DEBUG] DATA-001.h2::codec::framed_read: received frame=Data { stream_id: StreamId(3) }
2026-09-16T09:14:26.568010900Z [DEBUG] DATA-001.h2::codec::framed_read: received frame=Data { stream_id: StreamId(3) }
2026-09-16T09:14:26.568047500Z [DEBUG] DATA-001.h2::codec::framed_read: received frame=Data { stream_id: StreamId(3) }
2026-09-16T09:14:26.568052700Z [DEBUG] DATA-001.h2::codec::framed_read: received frame=Data { stream_id: StreamId(3) }
2026-09-16T09:14:26.568154700Z [DEBUG] DATA-001.h2::codec::framed_read: received frame=Data { stream_id: StreamId(3) }
2026-09-16T09:14:26.568214000Z [DEBUG] DATA-001.h2::codec::framed_read: received frame=Data { stream_id: StreamId(3) }
2026-09-16T09:14:26.569917300Z [DEBUG] DATA-001.h2::codec::framed_read: received frame=Data { stream_id: StreamId(3) }
2026-09-16T09:14:26.569933800Z [DEBUG] DATA-001.h2::codec::framed_read: received frame=Data { stream_id: StreamId(3) }
2026-09-16T09:14:26.570050100Z [DEBUG] DATA-001.h2::codec::framed_read: received frame=Data { stream_id: StreamId(3) }
2026-09-16T09:14:26.570073400Z [DEBUG] DATA-001.h2::codec::framed_read: received frame=Data { stream_id: StreamId(3) }
2026-09-16T09:14:26.570075100Z [DEBUG] DATA-001.h2::codec::framed_read: received frame=Data { stream_id: StreamId(3) }
2026-09-16T09:14:26.570141700Z [DEBUG] DATA-001.h2::codec::framed_read: received frame=Data { stream_id: StreamId(3) }
2026-09-16T09:14:26.570178700Z [DEBUG] DATA-001.h2::codec::framed_read: received frame=Data { stream_id: StreamId(3) }
2026-09-16T09:14:26.570182400Z [DEBUG] DATA-001.h2::codec::framed_read: received frame=Data { stream_id: StreamId(3) }
2026-09-16T09:14:26.570189300Z [DEBUG] DATA-001.h2::codec::framed_read: received frame=Data { stream_id: StreamId(3) }
2026-09-16T09:14:26.572619400Z [DEBUG] DATA-001.h2::codec::framed_read: received frame=Data { stream_id: StreamId(3) }
2026-09-16T09:14:26.572641700Z [DEBUG] DATA-001.h2::codec::framed_read: received frame=Data { stream_id: StreamId(3) }
2026-09-16T09:14:26.572660300Z [DEBUG] DATA-001.h2::codec::framed_read: received frame=Data { stream_id: StreamId(3) }
2026-09-16T09:14:26.572762500Z [DEBUG] DATA-001.h2::codec::framed_read: received frame=Data { stream_id: StreamId(3) }
2026-09-16T09:14:26.572795200Z [DEBUG] DATA-001.h2::codec::framed_read: received frame=Data { stream_id: StreamId(3) }
2026-09-16T09:14:26.572796900Z [DEBUG] DATA-001.h2::codec::framed_read: received frame=Data { stream_id: StreamId(3) }
2026-09-16T09:14:26.572800500Z [DEBUG] DATA-001.h2::codec::framed_read: received frame=Data { stream_id: StreamId(3) }
2026-09-16T09:14:26.572810100Z [DEBUG] DATA-001.h2::codec::framed_read: received frame=Data { stream_id: StreamId(3) }
2026-09-16T09:14:26.572811700Z [DEBUG] DATA-001.h2::codec::framed_read: received frame=Data { stream_id: StreamId(3) }
2026-09-16T09:14:26.572886200Z [DEBUG] DATA-001.h2::codec::framed_read: received frame=Data { stream_id: StreamId(3) }
2026-09-16T09:14:26.572915700Z [DEBUG] DATA-001.h2::codec::framed_read: received frame=Data { stream_id: StreamId(3) }
2026-09-16T09:14:26.572923700Z [DEBUG] DATA-001.h2::codec::framed_read: received frame=Data { stream_id: StreamId(3) }
2026-09-16T09:14:26.573008100Z [DEBUG] DATA-001.h2::codec::framed_read: received frame=Data { stream_id: StreamId(3) }
2026-09-16T09:14:26.573020600Z [DEBUG] DATA-001.h2::codec::framed_read: received frame=Data { stream_id: StreamId(3) }
2026-09-16T09:14:26.573043600Z [DEBUG] DATA-001.h2::codec::framed_read: received frame=Data { stream_id: StreamId(3) }
2026-09-16T09:14:26.573044700Z [DEBUG] DATA-001.h2::codec::framed_read: received frame=Data { stream_id: StreamId(3) }
2026-09-16T09:14:26.574738500Z [DEBUG] DATA-001.h2::codec::framed_read: received frame=Data { stream_id: StreamId(3) }
2026-09-16T09:14:26.574769500Z [DEBUG] DATA-001.h2::codec::framed_read: received frame=Data { stream_id: StreamId(3) }
2026-09-16T09:14:26.574779500Z [DEBUG] DATA-001.h2::codec::framed_read: received frame=Data { stream_id: StreamId(3) }
2026-09-16T09:14:26.574814100Z [DEBUG] DATA-001.h2::codec::framed_read: received frame=Data { stream_id: StreamId(3) }
2026-09-16T09:14:26.574823400Z [DEBUG] DATA-001.h2::codec::framed_read: received frame=Data { stream_id: StreamId(3) }
2026-09-16T09:14:26.574948400Z [DEBUG] DATA-001.h2::codec::framed_read: received frame=Data { stream_id: StreamId(3) }
2026-09-16T09:14:26.574958700Z [DEBUG] DATA-001.h2::codec::framed_read: received frame=Data { stream_id: StreamId(3) }
2026-09-16T09:14:26.576533300Z [DEBUG] DATA-001.h2::codec::framed_read: received frame=Data { stream_id: StreamId(3) }
2026-09-16T09:14:26.576570700Z [DEBUG] DATA-001.h2::codec::framed_read: received frame=Data { stream_id: StreamId(3) }
2026-09-16T09:14:26.576574200Z [DEBUG] DATA-001.h2::codec::framed_read: received frame=Data { stream_id: StreamId(3) }
2026-09-16T09:14:26.576584000Z [DEBUG] DATA-001.h2::codec::framed_read: received frame=Data { stream_id: StreamId(3) }
2026-09-16T09:14:26.576619700Z [DEBUG] DATA-001.h2::codec::framed_read: received frame=Data { stream_id: StreamId(3) }
2026-09-16T09:14:26.576630300Z [DEBUG] DATA-001.h2::codec::framed_read: received frame=Data { stream_id: StreamId(3) }
2026-09-16T09:14:26.576631300Z [DEBUG] DATA-001.h2::codec::framed_read: received frame=Data { stream_id: StreamId(3) }
2026-09-16T09:14:26.576690900Z [DEBUG] DATA-001.h2::codec::framed_read: received frame=Data { stream_id: StreamId(3) }
2026-09-16T09:14:26.576837600Z [DEBUG] DATA-001.h2::codec::framed_write: send frame=WindowUpdate { stream_id: StreamId(3), size_increment: 1852368 }
2026-09-16T09:14:26.577949400Z [DEBUG] DATA-001.h2::codec::framed_read: received frame=Data { stream_id: StreamId(3) }
2026-09-16T09:14:26.577972800Z [DEBUG] DATA-001.h2::codec::framed_read: received frame=Data { stream_id: StreamId(3) }
2026-09-16T09:14:26.577998800Z [DEBUG] DATA-001.h2::codec::framed_read: received frame=Data { stream_id: StreamId(3) }
2026-09-16T09:14:26.578001900Z [DEBUG] DATA-001.h2::codec::framed_read: received frame=Data { stream_id: StreamId(3) }
2026-09-16T09:14:26.578046000Z [DEBUG] DATA-001.h2::codec::framed_read: received frame=Data { stream_id: StreamId(3) }
2026-09-16T09:14:26.578049300Z [DEBUG] DATA-001.h2::codec::framed_read: received frame=Data { stream_id: StreamId(3) }
2026-09-16T09:14:26.578223100Z [DEBUG] DATA-001.h2::codec::framed_read: received frame=Data { stream_id: StreamId(3) }
2026-09-16T09:14:26.578231900Z [DEBUG] DATA-001.h2::codec::framed_read: received frame=Data { stream_id: StreamId(3) }
2026-09-16T09:14:26.578246500Z [DEBUG] DATA-001.h2::codec::framed_read: received frame=Data { stream_id: StreamId(3) }
2026-09-16T09:14:26.578248400Z [DEBUG] DATA-001.h2::codec::framed_read: received frame=Data { stream_id: StreamId(3) }
2026-09-16T09:14:26.578253000Z [DEBUG] DATA-001.h2::codec::framed_write: send frame=WindowUpdate { stream_id: StreamId(0), size_increment: 1832172 }
2026-09-16T09:14:26.580176200Z [DEBUG] DATA-001.h2::codec::framed_read: received frame=Data { stream_id: StreamId(3) }
2026-09-16T09:14:26.580192400Z [DEBUG] DATA-001.h2::codec::framed_read: received frame=Data { stream_id: StreamId(3) }
2026-09-16T09:14:26.580213200Z [DEBUG] DATA-001.h2::codec::framed_read: received frame=Data { stream_id: StreamId(3) }
2026-09-16T09:14:26.580218900Z [DEBUG] DATA-001.h2::codec::framed_read: received frame=Data { stream_id: StreamId(3) }
2026-09-16T09:14:26.580360000Z [DEBUG] DATA-001.h2::codec::framed_read: received frame=Data { stream_id: StreamId(3) }
2026-09-16T09:14:26.580369300Z [DEBUG] DATA-001.h2::codec::framed_read: received frame=Data { stream_id: StreamId(3) }
2026-09-16T09:14:26.580384500Z [DEBUG] DATA-001.h2::codec::framed_read: received frame=Data { stream_id: StreamId(3) }
2026-09-16T09:14:26.581933600Z [DEBUG] DATA-001.h2::codec::framed_read: received frame=Data { stream_id: StreamId(3) }
2026-09-16T09:14:26.581969400Z [DEBUG] DATA-001.h2::codec::framed_read: received frame=Data { stream_id: StreamId(3) }
2026-09-16T09:14:26.581975300Z [DEBUG] DATA-001.h2::codec::framed_read: received frame=Data { stream_id: StreamId(3) }
2026-09-16T09:14:26.582026900Z [DEBUG] DATA-001.h2::codec::framed_read: received frame=Data { stream_id: StreamId(3) }
2026-09-16T09:14:26.582035100Z [DEBUG] DATA-001.h2::codec::framed_read: received frame=Data { stream_id: StreamId(3) }
2026-09-16T09:14:26.582164500Z [DEBUG] DATA-001.h2::codec::framed_read: received frame=Data { stream_id: StreamId(3) }
2026-09-16T09:14:26.582189600Z [DEBUG] DATA-001.h2::codec::framed_read: received frame=Data { stream_id: StreamId(3) }
2026-09-16T09:14:26.585103500Z [DEBUG] DATA-001.h2::codec::framed_read: received frame=Data { stream_id: StreamId(3) }
2026-09-16T09:14:26.585140500Z [DEBUG] DATA-001.h2::codec::framed_read: received frame=Data { stream_id: StreamId(3) }
2026-09-16T09:14:26.585143400Z [DEBUG] DATA-001.h2::codec::framed_read: received frame=Data { stream_id: StreamId(3) }
2026-09-16T09:14:26.585151900Z [DEBUG] DATA-001.h2::codec::framed_read: received frame=Data { stream_id: StreamId(3) }
2026-09-16T09:14:26.585261700Z [DEBUG] DATA-001.h2::codec::framed_read: received frame=Data { stream_id: StreamId(3) }
2026-09-16T09:14:26.585302300Z [DEBUG] DATA-001.h2::codec::framed_read: received frame=Data { stream_id: StreamId(3) }
2026-09-16T09:14:26.585306400Z [DEBUG] DATA-001.h2::codec::framed_read: received frame=Data { stream_id: StreamId(3) }
2026-09-16T09:14:26.585331200Z [DEBUG] DATA-001.h2::codec::framed_read: received frame=Data { stream_id: StreamId(3) }
2026-09-16T09:14:26.585336200Z [DEBUG] DATA-001.h2::codec::framed_read: received frame=Data { stream_id: StreamId(3) }
2026-09-16T09:14:26.585349300Z [DEBUG] DATA-001.h2::codec::framed_read: received frame=Data { stream_id: StreamId(3) }
2026-09-16T09:14:26.585402300Z [DEBUG] DATA-001.h2::codec::framed_read: received frame=Data { stream_id: StreamId(3) }
2026-09-16T09:14:26.585432700Z [DEBUG] DATA-001.h2::codec::framed_read: received frame=Data { stream_id: StreamId(3) }
2026-09-16T09:14:26.585436300Z [DEBUG] DATA-001.h2::codec::framed_read: received frame=Data { stream_id: StreamId(3) }
2026-09-16T09:14:26.585446200Z [DEBUG] DATA-001.h2::codec::framed_read: received frame=Data { stream_id: StreamId(3) }
2026-09-16T09:14:26.585526900Z [DEBUG] DATA-001.h2::codec::framed_read: received frame=Data { stream_id: StreamId(3) }
2026-09-16T09:14:26.585549100Z [DEBUG] DATA-001.h2::codec::framed_read: received frame=Data { stream_id: StreamId(3) }
2026-09-16T09:14:26.587348600Z [DEBUG] DATA-001.h2::codec::framed_read: received frame=Data { stream_id: StreamId(3) }
2026-09-16T09:14:26.587382700Z [DEBUG] DATA-001.h2::codec::framed_read: received frame=Data { stream_id: StreamId(3) }
2026-09-16T09:14:26.587568700Z [DEBUG] DATA-001.h2::codec::framed_read: received frame=Data { stream_id: StreamId(3) }
2026-09-16T09:14:26.587605900Z [DEBUG] DATA-001.h2::codec::framed_read: received frame=Data { stream_id: StreamId(3) }
2026-09-16T09:14:26.587609600Z [DEBUG] DATA-001.h2::codec::framed_read: received frame=Data { stream_id: StreamId(3) }
2026-09-16T09:14:26.587621400Z [DEBUG] DATA-001.h2::codec::framed_read: received frame=Data { stream_id: StreamId(3) }
2026-09-16T09:14:26.587624900Z [DEBUG] DATA-001.h2::codec::framed_read: received frame=Data { stream_id: StreamId(3) }
2026-09-16T09:14:26.587629500Z [DEBUG] DATA-001.h2::codec::framed_read: received frame=Data { stream_id: StreamId(3) }
2026-09-16T09:14:26.587691600Z [DEBUG] DATA-001.h2::codec::framed_read: received frame=Data { stream_id: StreamId(3) }
2026-09-16T09:14:26.590169600Z [DEBUG] DATA-001.h2::codec::framed_read: received frame=Data { stream_id: StreamId(3) }
2026-09-16T09:14:26.590195000Z [DEBUG] DATA-001.h2::codec::framed_read: received frame=Data { stream_id: StreamId(3) }
2026-09-16T09:14:26.591087000Z [DEBUG] DATA-001.h2::codec::framed_read: received frame=Data { stream_id: StreamId(3) }
2026-09-16T09:14:26.591128600Z [DEBUG] DATA-001.h2::codec::framed_read: received frame=Data { stream_id: StreamId(3) }
2026-09-16T09:14:26.591163900Z [DEBUG] DATA-001.h2::codec::framed_read: received frame=Data { stream_id: StreamId(3) }
2026-09-16T09:14:26.591179400Z [DEBUG] DATA-001.h2::codec::framed_read: received frame=Data { stream_id: StreamId(3) }
2026-09-16T09:14:26.591232000Z [DEBUG] DATA-001.h2::codec::framed_read: received frame=Data { stream_id: StreamId(3) }
2026-09-16T09:14:26.591246900Z [DEBUG] DATA-001.h2::codec::framed_read: received frame=Data { stream_id: StreamId(3) }
2026-09-16T09:14:26.591362800Z [DEBUG] DATA-001.h2::codec::framed_read: received frame=Data { stream_id: StreamId(3) }
2026-09-16T09:14:26.591396900Z [DEBUG] DATA-001.h2::codec::framed_read: received frame=Data { stream_id: StreamId(3) }
2026-09-16T09:14:26.591409600Z [DEBUG] DATA-001.h2::codec::framed_read: received frame=Data { stream_id: StreamId(3) }
2026-09-16T09:14:26.591423800Z [DEBUG] DATA-001.h2::codec::framed_read: received frame=Data { stream_id: StreamId(3) }
2026-09-16T09:14:26.591425700Z [DEBUG] DATA-001.h2::codec::framed_read: received frame=Data { stream_id: StreamId(3) }
2026-09-16T09:14:26.591430200Z [DEBUG] DATA-001.h2::codec::framed_read: received frame=Data { stream_id: StreamId(3) }
2026-09-16T09:14:26.591472900Z [DEBUG] DATA-001.h2::codec::framed_read: received frame=Data { stream_id: StreamId(3) }
2026-09-16T09:14:26.591479400Z [DEBUG] DATA-001.h2::codec::framed_read: received frame=Data { stream_id: StreamId(3) }
2026-09-16T09:14:26.591567300Z [DEBUG] DATA-001.h2::codec::framed_read: received frame=Data { stream_id: StreamId(3) }
2026-09-16T09:14:26.591590800Z [DEBUG] DATA-001.h2::codec::framed_read: received frame=Data { stream_id: StreamId(3) }
2026-09-16T09:14:26.593181100Z [DEBUG] DATA-001.h2::codec::framed_read: received frame=Data { stream_id: StreamId(3) }
2026-09-16T09:14:26.593216400Z [DEBUG] DATA-001.h2::codec::framed_read: received frame=Data { stream_id: StreamId(3) }
2026-09-16T09:14:26.593219200Z [DEBUG] DATA-001.h2::codec::framed_read: received frame=Data { stream_id: StreamId(3) }
2026-09-16T09:14:26.593233100Z [DEBUG] DATA-001.h2::codec::framed_read: received frame=Data { stream_id: StreamId(3) }
2026-09-16T09:14:26.593237400Z [DEBUG] DATA-001.h2::codec::framed_read: received frame=Data { stream_id: StreamId(3) }
2026-09-16T09:14:26.593239300Z [DEBUG] DATA-001.h2::codec::framed_read: received frame=Data { stream_id: StreamId(3) }
2026-09-16T09:14:26.594841100Z [DEBUG] DATA-001.h2::codec::framed_read: received frame=Data { stream_id: StreamId(3) }
2026-09-16T09:14:26.594857600Z [DEBUG] DATA-001.h2::codec::framed_read: received frame=Data { stream_id: StreamId(3) }
2026-09-16T09:14:26.594876300Z [DEBUG] DATA-001.h2::codec::framed_read: received frame=Data { stream_id: StreamId(3) }
2026-09-16T09:14:26.594877800Z [DEBUG] DATA-001.h2::codec::framed_read: received frame=Data { stream_id: StreamId(3) }
2026-09-16T09:14:26.594917600Z [DEBUG] DATA-001.h2::codec::framed_read: received frame=Data { stream_id: StreamId(3) }
2026-09-16T09:14:26.594920900Z [DEBUG] DATA-001.h2::codec::framed_read: received frame=Data { stream_id: StreamId(3) }
2026-09-16T09:14:26.594996200Z [DEBUG] DATA-001.h2::codec::framed_read: received frame=Data { stream_id: StreamId(3) }
2026-09-16T09:14:26.595012600Z [DEBUG] DATA-001.h2::codec::framed_read: received frame=Data { stream_id: StreamId(3) }
2026-09-16T09:14:26.595025900Z [DEBUG] DATA-001.h2::codec::framed_read: received frame=Data { stream_id: StreamId(3) }
2026-09-16T09:14:26.595027800Z [DEBUG] DATA-001.h2::codec::framed_read: received frame=Data { stream_id: StreamId(3) }
2026-09-16T09:14:26.595105700Z [DEBUG] DATA-001.h2::codec::framed_read: received frame=Data { stream_id: StreamId(3) }
2026-09-16T09:14:26.595117400Z [DEBUG] DATA-001.h2::codec::framed_read: received frame=Data { stream_id: StreamId(3) }
2026-09-16T09:14:26.597155500Z [DEBUG] DATA-001.h2::codec::framed_read: received frame=Data { stream_id: StreamId(3) }
2026-09-16T09:14:26.597173200Z [DEBUG] DATA-001.h2::codec::framed_read: received frame=Data { stream_id: StreamId(3) }
2026-09-16T09:14:26.597187100Z [DEBUG] DATA-001.h2::codec::framed_read: received frame=Data { stream_id: StreamId(3) }
2026-09-16T09:14:26.597188900Z [DEBUG] DATA-001.h2::codec::framed_read: received frame=Data { stream_id: StreamId(3) }
2026-09-16T09:14:26.597252700Z [DEBUG] DATA-001.h2::codec::framed_read: received frame=Data { stream_id: StreamId(3) }
2026-09-16T09:14:26.597258400Z [DEBUG] DATA-001.h2::codec::framed_read: received frame=Data { stream_id: StreamId(3) }
2026-09-16T09:14:26.597341100Z [DEBUG] DATA-001.h2::codec::framed_read: received frame=Data { stream_id: StreamId(3) }
2026-09-16T09:14:26.597355100Z [DEBUG] DATA-001.h2::codec::framed_read: received frame=Data { stream_id: StreamId(3) }
2026-09-16T09:14:26.598425500Z [DEBUG] DATA-001.h2::codec::framed_read: received frame=Data { stream_id: StreamId(3) }
2026-09-16T09:14:26.598450900Z [DEBUG] DATA-001.h2::codec::framed_read: received frame=Data { stream_id: StreamId(3) }
2026-09-16T09:14:26.599394100Z [DEBUG] DATA-001.h2::codec::framed_read: received frame=Data { stream_id: StreamId(3) }
2026-09-16T09:14:26.599412400Z [DEBUG] DATA-001.h2::codec::framed_read: received frame=Data { stream_id: StreamId(3) }
2026-09-16T09:14:26.599486700Z [DEBUG] DATA-001.h2::codec::framed_read: received frame=Data { stream_id: StreamId(3) }
2026-09-16T09:14:26.599499900Z [DEBUG] DATA-001.h2::codec::framed_read: received frame=Data { stream_id: StreamId(3) }
2026-09-16T09:14:26.599543200Z [DEBUG] DATA-001.h2::codec::framed_read: received frame=Data { stream_id: StreamId(3) }
2026-09-16T09:14:26.599550000Z [DEBUG] DATA-001.h2::codec::framed_read: received frame=Data { stream_id: StreamId(3) }
2026-09-16T09:14:26.599562900Z [DEBUG] DATA-001.h2::codec::framed_read: received frame=Data { stream_id: StreamId(3) }
2026-09-16T09:14:26.599564200Z [DEBUG] DATA-001.h2::codec::framed_read: received frame=Data { stream_id: StreamId(3) }
2026-09-16T09:14:26.599566600Z [DEBUG] DATA-001.h2::codec::framed_read: received frame=Data { stream_id: StreamId(3) }
2026-09-16T09:14:26.599637900Z [DEBUG] DATA-001.h2::codec::framed_read: received frame=Data { stream_id: StreamId(3) }
2026-09-16T09:14:26.599669900Z [DEBUG] DATA-001.h2::codec::framed_read: received frame=Data { stream_id: StreamId(3) }
2026-09-16T09:14:26.599679900Z [DEBUG] DATA-001.h2::codec::framed_read: received frame=Data { stream_id: StreamId(3) }
2026-09-16T09:14:26.601533900Z [DEBUG] DATA-001.h2::codec::framed_read: received frame=Data { stream_id: StreamId(3) }
2026-09-16T09:14:26.601557200Z [DEBUG] DATA-001.h2::codec::framed_read: received frame=Data { stream_id: StreamId(3) }
2026-09-16T09:14:26.601579800Z [DEBUG] DATA-001.h2::codec::framed_read: received frame=Data { stream_id: StreamId(3) }
2026-09-16T09:14:26.601582400Z [DEBUG] DATA-001.h2::codec::framed_read: received frame=Data { stream_id: StreamId(3) }
2026-09-16T09:14:26.601624000Z [DEBUG] DATA-001.h2::codec::framed_read: received frame=Data { stream_id: StreamId(3) }
2026-09-16T09:14:26.601631300Z [DEBUG] DATA-001.h2::codec::framed_read: received frame=Data { stream_id: StreamId(3) }
2026-09-16T09:14:26.601707000Z [DEBUG] DATA-001.h2::codec::framed_read: received frame=Data { stream_id: StreamId(3) }
2026-09-16T09:14:26.601719000Z [DEBUG] DATA-001.h2::codec::framed_read: received frame=Data { stream_id: StreamId(3) }
2026-09-16T09:14:26.601749700Z [DEBUG] DATA-001.h2::codec::framed_read: received frame=Data { stream_id: StreamId(3) }
2026-09-16T09:14:26.601752300Z [DEBUG] DATA-001.h2::codec::framed_read: received frame=Data { stream_id: StreamId(3) }
2026-09-16T09:14:26.603654400Z [DEBUG] DATA-001.h2::codec::framed_read: received frame=Data { stream_id: StreamId(3) }
2026-09-16T09:14:26.603672300Z [DEBUG] DATA-001.h2::codec::framed_read: received frame=Data { stream_id: StreamId(3) }
2026-09-16T09:14:26.603684200Z [DEBUG] DATA-001.h2::codec::framed_read: received frame=Data { stream_id: StreamId(3) }
2026-09-16T09:14:26.603686500Z [DEBUG] DATA-001.h2::codec::framed_read: received frame=Data { stream_id: StreamId(3) }
2026-09-16T09:14:26.603835700Z [DEBUG] DATA-001.h2::codec::framed_read: received frame=Data { stream_id: StreamId(3) }
2026-09-16T09:14:26.603850000Z [DEBUG] DATA-001.h2::codec::framed_read: received frame=Data { stream_id: StreamId(3) }
2026-09-16T09:14:26.603867200Z [DEBUG] DATA-001.h2::codec::framed_read: received frame=Data { stream_id: StreamId(3) }
2026-09-16T09:14:26.603868900Z [DEBUG] DATA-001.h2::codec::framed_read: received frame=Data { stream_id: StreamId(3) }
2026-09-16T09:14:26.605265500Z [DEBUG] DATA-001.h2::codec::framed_read: received frame=Data { stream_id: StreamId(3) }
2026-09-16T09:14:26.605283500Z [DEBUG] DATA-001.h2::codec::framed_read: received frame=Data { stream_id: StreamId(3) }
2026-09-16T09:14:26.605288200Z [DEBUG] DATA-001.h2::codec::framed_read: received frame=Data { stream_id: StreamId(3) }
2026-09-16T09:14:26.605314600Z [DEBUG] DATA-001.h2::codec::framed_read: received frame=Data { stream_id: StreamId(3) }
2026-09-16T09:14:26.605448800Z [DEBUG] DATA-001.h2::codec::framed_read: received frame=Data { stream_id: StreamId(3) }
2026-09-16T09:14:26.605462000Z [DEBUG] DATA-001.h2::codec::framed_read: received frame=Data { stream_id: StreamId(3) }
2026-09-16T09:14:26.605483400Z [DEBUG] DATA-001.h2::codec::framed_read: received frame=Data { stream_id: StreamId(3) }
2026-09-16T09:14:26.605486000Z [DEBUG] DATA-001.h2::codec::framed_read: received frame=Data { stream_id: StreamId(3) }
2026-09-16T09:14:26.606805100Z [DEBUG] DATA-001.h2::codec::framed_read: received frame=Data { stream_id: StreamId(3) }
2026-09-16T09:14:26.606824500Z [DEBUG] DATA-001.h2::codec::framed_read: received frame=Data { stream_id: StreamId(3) }
2026-09-16T09:14:26.606836700Z [DEBUG] DATA-001.h2::codec::framed_read: received frame=Data { stream_id: StreamId(3) }
2026-09-16T09:14:26.606838600Z [DEBUG] DATA-001.h2::codec::framed_read: received frame=Data { stream_id: StreamId(3) }
2026-09-16T09:14:26.606919200Z [DEBUG] DATA-001.h2::codec::framed_read: received frame=Data { stream_id: StreamId(3) }
2026-09-16T09:14:26.606932100Z [DEBUG] DATA-001.h2::codec::framed_read: received frame=Data { stream_id: StreamId(3) }
2026-09-16T09:14:26.606968800Z [DEBUG] DATA-001.h2::codec::framed_read: received frame=Data { stream_id: StreamId(3) }
2026-09-16T09:14:26.606975800Z [DEBUG] DATA-001.h2::codec::framed_read: received frame=Data { stream_id: StreamId(3) }
2026-09-16T09:14:26.607043200Z [DEBUG] DATA-001.h2::codec::framed_read: received frame=Data { stream_id: StreamId(3) }
2026-09-16T09:14:26.607050600Z [DEBUG] DATA-001.h2::codec::framed_read: received frame=Data { stream_id: StreamId(3) }
2026-09-16T09:14:26.607053000Z [DEBUG] DATA-001.h2::codec::framed_read: received frame=Data { stream_id: StreamId(3) }
2026-09-16T09:14:26.612751000Z [DEBUG] DATA-001.h2::codec::framed_read: received frame=Data { stream_id: StreamId(3) }
2026-09-16T09:14:26.612794700Z [DEBUG] DATA-001.h2::codec::framed_read: received frame=Data { stream_id: StreamId(3) }
2026-09-16T09:14:26.612805200Z [DEBUG] DATA-001.h2::codec::framed_read: received frame=Data { stream_id: StreamId(3) }
2026-09-16T09:14:26.612929500Z [DEBUG] DATA-001.h2::codec::framed_read: received frame=Data { stream_id: StreamId(3) }
2026-09-16T09:14:26.612972200Z [DEBUG] DATA-001.h2::codec::framed_read: received frame=Data { stream_id: StreamId(3) }
2026-09-16T09:14:26.612986000Z [DEBUG] DATA-001.h2::codec::framed_read: received frame=Data { stream_id: StreamId(3) }
2026-09-16T09:14:26.613002000Z [DEBUG] DATA-001.h2::codec::framed_read: received frame=Data { stream_id: StreamId(3) }
2026-09-16T09:14:26.613009600Z [DEBUG] DATA-001.h2::codec::framed_read: received frame=Data { stream_id: StreamId(3) }
2026-09-16T09:14:26.613131900Z [DEBUG] DATA-001.h2::codec::framed_read: received frame=Data { stream_id: StreamId(3) }
2026-09-16T09:14:26.613172000Z [DEBUG] DATA-001.h2::codec::framed_read: received frame=Data { stream_id: StreamId(3) }
2026-09-16T09:14:26.613182000Z [DEBUG] DATA-001.h2::codec::framed_read: received frame=Data { stream_id: StreamId(3) }
2026-09-16T09:14:26.613218400Z [DEBUG] DATA-001.h2::codec::framed_read: received frame=Data { stream_id: StreamId(3) }
2026-09-16T09:14:26.613231700Z [DEBUG] DATA-001.h2::codec::framed_read: received frame=Data { stream_id: StreamId(3) }
2026-09-16T09:14:26.613332800Z [DEBUG] DATA-001.h2::codec::framed_read: received frame=Data { stream_id: StreamId(3) }
2026-09-16T09:14:26.613366300Z [DEBUG] DATA-001.h2::codec::framed_read: received frame=Data { stream_id: StreamId(3) }
2026-09-16T09:14:26.613371900Z [DEBUG] DATA-001.h2::codec::framed_read: received frame=Data { stream_id: StreamId(3) }
2026-09-16T09:14:26.613378000Z [DEBUG] DATA-001.h2::codec::framed_read: received frame=Data { stream_id: StreamId(3) }
2026-09-16T09:14:26.613429700Z [DEBUG] DATA-001.h2::codec::framed_read: received frame=Data { stream_id: StreamId(3) }
2026-09-16T09:14:26.613440600Z [DEBUG] DATA-001.h2::codec::framed_read: received frame=Data { stream_id: StreamId(3) }
2026-09-16T09:14:26.613523200Z [DEBUG] DATA-001.h2::codec::framed_read: received frame=Data { stream_id: StreamId(3) }
2026-09-16T09:14:26.613536900Z [DEBUG] DATA-001.h2::codec::framed_read: received frame=Data { stream_id: StreamId(3) }
2026-09-16T09:14:26.613560800Z [DEBUG] DATA-001.h2::codec::framed_read: received frame=Data { stream_id: StreamId(3) }
2026-09-16T09:14:26.613567900Z [DEBUG] DATA-001.h2::codec::framed_read: received frame=Data { stream_id: StreamId(3) }
2026-09-16T09:14:26.613571400Z [DEBUG] DATA-001.h2::codec::framed_read: received frame=Data { stream_id: StreamId(3) }
2026-09-16T09:14:26.613631900Z [DEBUG] DATA-001.h2::codec::framed_read: received frame=Data { stream_id: StreamId(3) }
2026-09-16T09:14:26.613639100Z [DEBUG] DATA-001.h2::codec::framed_read: received frame=Data { stream_id: StreamId(3) }
2026-09-16T09:14:26.613694600Z [DEBUG] DATA-001.h2::codec::framed_read: received frame=Data { stream_id: StreamId(3) }
2026-09-16T09:14:26.613702800Z [DEBUG] DATA-001.h2::codec::framed_read: received frame=Data { stream_id: StreamId(3) }
2026-09-16T09:14:26.614820200Z [DEBUG] DATA-001.h2::codec::framed_read: received frame=Data { stream_id: StreamId(3) }
2026-09-16T09:14:26.614845500Z [DEBUG] DATA-001.h2::codec::framed_read: received frame=Data { stream_id: StreamId(3) }
2026-09-16T09:14:26.615049900Z [DEBUG] DATA-001.h2::codec::framed_read: received frame=Data { stream_id: StreamId(3) }
2026-09-16T09:14:26.615061300Z [DEBUG] DATA-001.h2::codec::framed_read: received frame=Data { stream_id: StreamId(3) }
2026-09-16T09:14:26.615078700Z [DEBUG] DATA-001.h2::codec::framed_read: received frame=Data { stream_id: StreamId(3) }
2026-09-16T09:14:26.615085100Z [DEBUG] DATA-001.h2::codec::framed_read: received frame=Data { stream_id: StreamId(3) }
2026-09-16T09:14:26.615126800Z [DEBUG] DATA-001.h2::codec::framed_read: received frame=Data { stream_id: StreamId(3) }
2026-09-16T09:14:26.615139800Z [DEBUG] DATA-001.h2::codec::framed_read: received frame=Data { stream_id: StreamId(3) }
2026-09-16T09:14:26.616642100Z [DEBUG] DATA-001.h2::codec::framed_read: received frame=Data { stream_id: StreamId(3) }
2026-09-16T09:14:26.616661700Z [DEBUG] DATA-001.h2::codec::framed_read: received frame=Data { stream_id: StreamId(3) }
2026-09-16T09:14:26.616805600Z [DEBUG] DATA-001.h2::codec::framed_read: received frame=Data { stream_id: StreamId(3) }
2026-09-16T09:14:26.616812700Z [DEBUG] DATA-001.h2::codec::framed_read: received frame=Data { stream_id: StreamId(3) }
2026-09-16T09:14:26.616842000Z [DEBUG] DATA-001.h2::codec::framed_read: received frame=Data { stream_id: StreamId(3) }
2026-09-16T09:14:26.616853100Z [DEBUG] DATA-001.h2::codec::framed_read: received frame=Data { stream_id: StreamId(3) }
2026-09-16T09:14:26.616969600Z [DEBUG] DATA-001.h2::codec::framed_read: received frame=Data { stream_id: StreamId(3) }
2026-09-16T09:14:26.616992800Z [DEBUG] DATA-001.h2::codec::framed_read: received frame=Data { stream_id: StreamId(3) }
2026-09-16T09:14:26.619037100Z [DEBUG] DATA-001.h2::codec::framed_read: received frame=Data { stream_id: StreamId(3) }
2026-09-16T09:14:26.619074500Z [DEBUG] DATA-001.h2::codec::framed_read: received frame=Data { stream_id: StreamId(3) }
2026-09-16T09:14:26.619220300Z [DEBUG] DATA-001.h2::codec::framed_read: received frame=Data { stream_id: StreamId(3) }
2026-09-16T09:14:26.619244300Z [DEBUG] DATA-001.h2::codec::framed_read: received frame=Data { stream_id: StreamId(3) }
2026-09-16T09:14:26.619267800Z [DEBUG] DATA-001.h2::codec::framed_read: received frame=Data { stream_id: StreamId(3) }
2026-09-16T09:14:26.620953100Z [DEBUG] DATA-001.h2::codec::framed_read: received frame=Data { stream_id: StreamId(3) }
2026-09-16T09:14:26.620991300Z [DEBUG] DATA-001.h2::codec::framed_read: received frame=Data { stream_id: StreamId(3) }
2026-09-16T09:14:26.621004000Z [DEBUG] DATA-001.h2::codec::framed_read: received frame=Data { stream_id: StreamId(3) }
2026-09-16T09:14:26.621071300Z [DEBUG] DATA-001.h2::codec::framed_read: received frame=Data { stream_id: StreamId(3) }
2026-09-16T09:14:26.621083800Z [DEBUG] DATA-001.h2::codec::framed_read: received frame=Data { stream_id: StreamId(3) }
2026-09-16T09:14:26.621152600Z [DEBUG] DATA-001.h2::codec::framed_read: received frame=Data { stream_id: StreamId(3) }
2026-09-16T09:14:26.621178200Z [DEBUG] DATA-001.h2::codec::framed_read: received frame=Data { stream_id: StreamId(3) }
2026-09-16T09:14:26.621215700Z [DEBUG] DATA-001.h2::codec::framed_read: received frame=Data { stream_id: StreamId(3) }
2026-09-16T09:14:26.621229200Z [DEBUG] DATA-001.h2::codec::framed_read: received frame=Data { stream_id: StreamId(3) }
2026-09-16T09:14:26.622656600Z [DEBUG] DATA-001.h2::codec::framed_read: received frame=Data { stream_id: StreamId(3) }
2026-09-16T09:14:26.622689300Z [DEBUG] DATA-001.h2::codec::framed_read: received frame=Data { stream_id: StreamId(3) }
2026-09-16T09:14:26.622691800Z [DEBUG] DATA-001.h2::codec::framed_read: received frame=Data { stream_id: StreamId(3) }
2026-09-16T09:14:26.622701700Z [DEBUG] DATA-001.h2::codec::framed_read: received frame=Data { stream_id: StreamId(3) }
2026-09-16T09:14:26.622746400Z [DEBUG] DATA-001.h2::codec::framed_read: received frame=Data { stream_id: StreamId(3) }
2026-09-16T09:14:26.622756100Z [DEBUG] DATA-001.h2::codec::framed_read: received frame=Data { stream_id: StreamId(3) }
2026-09-16T09:14:26.622844400Z [DEBUG] DATA-001.h2::codec::framed_read: received frame=Data { stream_id: StreamId(3) }
2026-09-16T09:14:26.622873400Z [DEBUG] DATA-001.h2::codec::framed_read: received frame=Data { stream_id: StreamId(3) }
2026-09-16T09:14:26.630422900Z [DEBUG] DATA-001.h2::codec::framed_read: received frame=Data { stream_id: StreamId(3) }
2026-09-16T09:14:26.630462300Z [DEBUG] DATA-001.h2::codec::framed_read: received frame=Data { stream_id: StreamId(3) }
2026-09-16T09:14:26.630464900Z [DEBUG] DATA-001.h2::codec::framed_read: received frame=Data { stream_id: StreamId(3) }
2026-09-16T09:14:26.630476900Z [DEBUG] DATA-001.h2::codec::framed_read: received frame=Data { stream_id: StreamId(3) }
2026-09-16T09:14:26.630479300Z [DEBUG] DATA-001.h2::codec::framed_read: received frame=Data { stream_id: StreamId(3) }
2026-09-16T09:14:26.630485100Z [DEBUG] DATA-001.h2::codec::framed_read: received frame=Data { stream_id: StreamId(3) }
2026-09-16T09:14:26.630486300Z [DEBUG] DATA-001.h2::codec::framed_read: received frame=Data { stream_id: StreamId(3) }
2026-09-16T09:14:26.630649300Z [DEBUG] DATA-001.h2::codec::framed_read: received frame=Data { stream_id: StreamId(3) }
2026-09-16T09:14:26.630754500Z [DEBUG] DATA-001.h2::codec::framed_read: received frame=Data { stream_id: StreamId(3) }
2026-09-16T09:14:26.630775500Z [DEBUG] DATA-001.h2::codec::framed_read: received frame=Data { stream_id: StreamId(3) }
2026-09-16T09:14:26.630819900Z [DEBUG] DATA-001.h2::codec::framed_read: received frame=Data { stream_id: StreamId(3) }
2026-09-16T09:14:26.630823900Z [DEBUG] DATA-001.h2::codec::framed_read: received frame=Data { stream_id: StreamId(3) }
2026-09-16T09:14:26.630908600Z [DEBUG] DATA-001.h2::codec::framed_read: received frame=Data { stream_id: StreamId(3) }
2026-09-16T09:14:26.630923600Z [DEBUG] DATA-001.h2::codec::framed_read: received frame=Data { stream_id: StreamId(3) }
2026-09-16T09:14:26.630942400Z [DEBUG] DATA-001.h2::codec::framed_read: received frame=Data { stream_id: StreamId(3) }
2026-09-16T09:14:26.630944000Z [DEBUG] DATA-001.h2::codec::framed_read: received frame=Data { stream_id: StreamId(3) }
2026-09-16T09:14:26.631029900Z [DEBUG] DATA-001.h2::codec::framed_read: received frame=Data { stream_id: StreamId(3) }
2026-09-16T09:14:26.631052000Z [DEBUG] DATA-001.h2::codec::framed_read: received frame=Data { stream_id: StreamId(3) }
2026-09-16T09:14:26.631054200Z [DEBUG] DATA-001.h2::codec::framed_read: received frame=Data { stream_id: StreamId(3) }
2026-09-16T09:14:26.631076000Z [DEBUG] DATA-001.h2::codec::framed_write: send frame=WindowUpdate { stream_id: StreamId(3), size_increment: 1823224 }
2026-09-16T09:14:26.631219800Z [DEBUG] DATA-001.h2::codec::framed_read: received frame=Data { stream_id: StreamId(3) }
2026-09-16T09:14:26.631298000Z [DEBUG] DATA-001.h2::codec::framed_read: received frame=Data { stream_id: StreamId(3) }
2026-09-16T09:14:26.631313800Z [DEBUG] DATA-001.h2::codec::framed_read: received frame=Data { stream_id: StreamId(3) }
2026-09-16T09:14:26.631424800Z [DEBUG] DATA-001.h2::codec::framed_read: received frame=Data { stream_id: StreamId(3) }
2026-09-16T09:14:26.631455100Z [DEBUG] DATA-001.h2::codec::framed_read: received frame=Data { stream_id: StreamId(3) }
2026-09-16T09:14:26.631463100Z [DEBUG] DATA-001.h2::codec::framed_read: received frame=Data { stream_id: StreamId(3) }
2026-09-16T09:14:26.631470800Z [DEBUG] DATA-001.h2::codec::framed_read: received frame=Data { stream_id: StreamId(3) }
2026-09-16T09:14:26.631474600Z [DEBUG] DATA-001.h2::codec::framed_write: send frame=WindowUpdate { stream_id: StreamId(0), size_increment: 1818972 }
2026-09-16T09:14:26.631582600Z [DEBUG] DATA-001.h2::codec::framed_read: received frame=Data { stream_id: StreamId(3) }
2026-09-16T09:14:26.631608500Z [DEBUG] DATA-001.h2::codec::framed_read: received frame=Data { stream_id: StreamId(3) }
2026-09-16T09:14:26.631610400Z [DEBUG] DATA-001.h2::codec::framed_read: received frame=Data { stream_id: StreamId(3) }
2026-09-16T09:14:26.631614700Z [DEBUG] DATA-001.h2::codec::framed_read: received frame=Data { stream_id: StreamId(3) }
2026-09-16T09:14:26.631721200Z [DEBUG] DATA-001.h2::codec::framed_read: received frame=Data { stream_id: StreamId(3) }
2026-09-16T09:14:26.631767300Z [DEBUG] DATA-001.h2::codec::framed_read: received frame=Data { stream_id: StreamId(3) }
2026-09-16T09:14:26.631770500Z [DEBUG] DATA-001.h2::codec::framed_read: received frame=Data { stream_id: StreamId(3) }
2026-09-16T09:14:26.631785100Z [DEBUG] DATA-001.h2::codec::framed_read: received frame=Data { stream_id: StreamId(3) }
2026-09-16T09:14:26.631793400Z [DEBUG] DATA-001.h2::codec::framed_read: received frame=Data { stream_id: StreamId(3) }
2026-09-16T09:14:26.631801300Z [DEBUG] DATA-001.h2::codec::framed_read: received frame=Data { stream_id: StreamId(3) }
2026-09-16T09:14:26.631835200Z [DEBUG] DATA-001.h2::codec::framed_read: received frame=Data { stream_id: StreamId(3) }
2026-09-16T09:14:26.631846300Z [DEBUG] DATA-001.h2::codec::framed_read: received frame=Data { stream_id: StreamId(3) }
2026-09-16T09:14:26.631899400Z [DEBUG] DATA-001.h2::codec::framed_read: received frame=Data { stream_id: StreamId(3) }
2026-09-16T09:14:26.631926100Z [DEBUG] DATA-001.h2::codec::framed_read: received frame=Data { stream_id: StreamId(3) }
2026-09-16T09:14:26.631928600Z [DEBUG] DATA-001.h2::codec::framed_read: received frame=Data { stream_id: StreamId(3) }
2026-09-16T09:14:26.631937100Z [DEBUG] DATA-001.h2::codec::framed_read: received frame=Data { stream_id: StreamId(3) }
2026-09-16T09:14:26.633340900Z [DEBUG] DATA-001.h2::codec::framed_read: received frame=Data { stream_id: StreamId(3) }
2026-09-16T09:14:26.633379000Z [DEBUG] DATA-001.h2::codec::framed_read: received frame=Data { stream_id: StreamId(3) }
2026-09-16T09:14:26.633476300Z [DEBUG] DATA-001.h2::codec::framed_read: received frame=Data { stream_id: StreamId(3) }
2026-09-16T09:14:26.635574700Z [DEBUG] DATA-001.h2::codec::framed_read: received frame=Data { stream_id: StreamId(3) }
2026-09-16T09:14:26.635588700Z [DEBUG] DATA-001.h2::codec::framed_read: received frame=Data { stream_id: StreamId(3) }
2026-09-16T09:14:26.635602300Z [DEBUG] DATA-001.h2::codec::framed_read: received frame=Data { stream_id: StreamId(3) }
2026-09-16T09:14:26.635603900Z [DEBUG] DATA-001.h2::codec::framed_read: received frame=Data { stream_id: StreamId(3) }
2026-09-16T09:14:26.635605600Z [DEBUG] DATA-001.h2::codec::framed_read: received frame=Data { stream_id: StreamId(3) }
2026-09-16T09:14:26.635621200Z [DEBUG] DATA-001.h2::codec::framed_read: received frame=Data { stream_id: StreamId(3) }
2026-09-16T09:14:26.635623000Z [DEBUG] DATA-001.h2::codec::framed_read: received frame=Data { stream_id: StreamId(3) }
2026-09-16T09:14:26.635639000Z [DEBUG] DATA-001.h2::codec::framed_read: received frame=Data { stream_id: StreamId(3) }
2026-09-16T09:14:26.635640500Z [DEBUG] DATA-001.h2::codec::framed_read: received frame=Data { stream_id: StreamId(3) }
2026-09-16T09:14:26.635653700Z [DEBUG] DATA-001.h2::codec::framed_read: received frame=Data { stream_id: StreamId(3) }
2026-09-16T09:14:26.635655500Z [DEBUG] DATA-001.h2::codec::framed_read: received frame=Data { stream_id: StreamId(3) }
2026-09-16T09:14:26.635666800Z [DEBUG] DATA-001.h2::codec::framed_read: received frame=Data { stream_id: StreamId(3) }
2026-09-16T09:14:26.635668400Z [DEBUG] DATA-001.h2::codec::framed_read: received frame=Data { stream_id: StreamId(3) }
2026-09-16T09:14:26.636679600Z [DEBUG] DATA-001.h2::codec::framed_read: received frame=Data { stream_id: StreamId(3) }
2026-09-16T09:14:26.636699300Z [DEBUG] DATA-001.h2::codec::framed_read: received frame=Data { stream_id: StreamId(3) }
2026-09-16T09:14:26.636806700Z [DEBUG] DATA-001.h2::codec::framed_read: received frame=Data { stream_id: StreamId(3) }
2026-09-16T09:14:26.636820800Z [DEBUG] DATA-001.h2::codec::framed_read: received frame=Data { stream_id: StreamId(3) }
2026-09-16T09:14:26.636835900Z [DEBUG] DATA-001.h2::codec::framed_read: received frame=Data { stream_id: StreamId(3) }
2026-09-16T09:14:26.636837900Z [DEBUG] DATA-001.h2::codec::framed_read: received frame=Data { stream_id: StreamId(3) }
2026-09-16T09:14:26.637835000Z [DEBUG] DATA-001.h2::codec::framed_read: received frame=Data { stream_id: StreamId(3) }
2026-09-16T09:14:26.637846000Z [DEBUG] DATA-001.h2::codec::framed_read: received frame=Data { stream_id: StreamId(3) }
2026-09-16T09:14:26.637876600Z [DEBUG] DATA-001.h2::codec::framed_read: received frame=Data { stream_id: StreamId(3) }
2026-09-16T09:14:26.637878300Z [DEBUG] DATA-001.h2::codec::framed_read: received frame=Data { stream_id: StreamId(3) }
2026-09-16T09:14:26.637971200Z [DEBUG] DATA-001.h2::codec::framed_read: received frame=Data { stream_id: StreamId(3) }
2026-09-16T09:14:26.637988100Z [DEBUG] DATA-001.h2::codec::framed_read: received frame=Data { stream_id: StreamId(3) }
2026-09-16T09:14:26.638009800Z [DEBUG] DATA-001.h2::codec::framed_read: received frame=Data { stream_id: StreamId(3) }
2026-09-16T09:14:26.638016200Z [DEBUG] DATA-001.h2::codec::framed_read: received frame=Data { stream_id: StreamId(3) }
2026-09-16T09:14:26.638032200Z [DEBUG] DATA-001.h2::codec::framed_read: received frame=Data { stream_id: StreamId(3) }
2026-09-16T09:14:26.638038900Z [DEBUG] DATA-001.h2::codec::framed_read: received frame=Data { stream_id: StreamId(3) }
2026-09-16T09:14:26.639943600Z [DEBUG] DATA-001.h2::codec::framed_read: received frame=Data { stream_id: StreamId(3) }
2026-09-16T09:14:26.639964400Z [DEBUG] DATA-001.h2::codec::framed_read: received frame=Data { stream_id: StreamId(3) }
2026-09-16T09:14:26.640015100Z [DEBUG] DATA-001.h2::codec::framed_read: received frame=Data { stream_id: StreamId(3) }
2026-09-16T09:14:26.640024400Z [DEBUG] DATA-001.h2::codec::framed_read: received frame=Data { stream_id: StreamId(3) }
2026-09-16T09:14:26.640086300Z [DEBUG] DATA-001.h2::codec::framed_read: received frame=Data { stream_id: StreamId(3) }
2026-09-16T09:14:26.640093600Z [DEBUG] DATA-001.h2::codec::framed_read: received frame=Data { stream_id: StreamId(3) }
2026-09-16T09:14:26.640098800Z [DEBUG] DATA-001.h2::codec::framed_read: received frame=Data { stream_id: StreamId(3) }
2026-09-16T09:14:26.640166200Z [DEBUG] DATA-001.h2::codec::framed_read: received frame=Data { stream_id: StreamId(3) }
2026-09-16T09:14:26.641230700Z [DEBUG] DATA-001.h2::codec::framed_read: received frame=Data { stream_id: StreamId(3) }
2026-09-16T09:14:26.641253100Z [DEBUG] DATA-001.h2::codec::framed_read: received frame=Data { stream_id: StreamId(3) }
2026-09-16T09:14:26.641314000Z [DEBUG] DATA-001.h2::codec::framed_read: received frame=Data { stream_id: StreamId(3) }
2026-09-16T09:14:26.641321200Z [DEBUG] DATA-001.h2::codec::framed_read: received frame=Data { stream_id: StreamId(3) }
2026-09-16T09:14:26.641404300Z [DEBUG] DATA-001.h2::codec::framed_read: received frame=Data { stream_id: StreamId(3) }
2026-09-16T09:14:26.641419800Z [DEBUG] DATA-001.h2::codec::framed_read: received frame=Data { stream_id: StreamId(3) }
2026-09-16T09:14:26.642890400Z [DEBUG] DATA-001.h2::codec::framed_read: received frame=Data { stream_id: StreamId(3) }
2026-09-16T09:14:26.642902900Z [DEBUG] DATA-001.h2::codec::framed_read: received frame=Data { stream_id: StreamId(3) }
2026-09-16T09:14:26.642991500Z [DEBUG] DATA-001.h2::codec::framed_read: received frame=Data { stream_id: StreamId(3) }
2026-09-16T09:14:26.643013400Z [DEBUG] DATA-001.h2::codec::framed_read: received frame=Data { stream_id: StreamId(3) }
2026-09-16T09:14:26.643032900Z [DEBUG] DATA-001.h2::codec::framed_read: received frame=Data { stream_id: StreamId(3) }
2026-09-16T09:14:26.643035200Z [DEBUG] DATA-001.h2::codec::framed_read: received frame=Data { stream_id: StreamId(3) }
2026-09-16T09:14:26.643103900Z [DEBUG] DATA-001.h2::codec::framed_read: received frame=Data { stream_id: StreamId(3) }
2026-09-16T09:14:26.643112000Z [DEBUG] DATA-001.h2::codec::framed_read: received frame=Data { stream_id: StreamId(3) }
2026-09-16T09:14:26.643168300Z [DEBUG] DATA-001.h2::codec::framed_read: received frame=Data { stream_id: StreamId(3) }
2026-09-16T09:14:26.643183000Z [DEBUG] DATA-001.h2::codec::framed_read: received frame=Data { stream_id: StreamId(3) }
2026-09-16T09:14:26.644793300Z [DEBUG] DATA-001.h2::codec::framed_read: received frame=Data { stream_id: StreamId(3) }
2026-09-16T09:14:26.644816300Z [DEBUG] DATA-001.h2::codec::framed_read: received frame=Data { stream_id: StreamId(3) }
2026-09-16T09:14:26.644946600Z [DEBUG] DATA-001.h2::codec::framed_read: received frame=Data { stream_id: StreamId(3) }
2026-09-16T09:14:26.644969200Z [DEBUG] DATA-001.h2::codec::framed_read: received frame=Data { stream_id: StreamId(3) }
2026-09-16T09:14:26.644986500Z [DEBUG] DATA-001.h2::codec::framed_read: received frame=Data { stream_id: StreamId(3) }
2026-09-16T09:14:26.644989100Z [DEBUG] DATA-001.h2::codec::framed_read: received frame=Data { stream_id: StreamId(3) }
2026-09-16T09:14:26.645034400Z [DEBUG] DATA-001.h2::codec::framed_read: received frame=Data { stream_id: StreamId(3) }
2026-09-16T09:14:26.645042500Z [DEBUG] DATA-001.h2::codec::framed_read: received frame=Data { stream_id: StreamId(3) }
2026-09-16T09:14:26.646738100Z [DEBUG] DATA-001.h2::codec::framed_read: received frame=Data { stream_id: StreamId(3) }
2026-09-16T09:14:26.646758600Z [DEBUG] DATA-001.h2::codec::framed_read: received frame=Data { stream_id: StreamId(3) }
2026-09-16T09:14:26.646775400Z [DEBUG] DATA-001.h2::codec::framed_read: received frame=Data { stream_id: StreamId(3) }
2026-09-16T09:14:26.646777200Z [DEBUG] DATA-001.h2::codec::framed_read: received frame=Data { stream_id: StreamId(3) }
2026-09-16T09:14:26.646816900Z [DEBUG] DATA-001.h2::codec::framed_read: received frame=Data { stream_id: StreamId(3) }
2026-09-16T09:14:26.646905400Z [DEBUG] DATA-001.h2::codec::framed_read: received frame=Data { stream_id: StreamId(3) }
2026-09-16T09:14:26.646919600Z [DEBUG] DATA-001.h2::codec::framed_read: received frame=Data { stream_id: StreamId(3) }
2026-09-16T09:14:26.646960900Z [DEBUG] DATA-001.h2::codec::framed_read: received frame=Data { stream_id: StreamId(3) }
2026-09-16T09:14:26.646971200Z [DEBUG] DATA-001.h2::codec::framed_read: received frame=Data { stream_id: StreamId(3) }
2026-09-16T09:14:26.648519300Z [DEBUG] DATA-001.h2::codec::framed_read: received frame=Data { stream_id: StreamId(3) }
2026-09-16T09:14:26.648545000Z [DEBUG] DATA-001.h2::codec::framed_read: received frame=Data { stream_id: StreamId(3) }
2026-09-16T09:14:26.648573400Z [DEBUG] DATA-001.h2::codec::framed_read: received frame=Data { stream_id: StreamId(3) }
2026-09-16T09:14:26.648578100Z [DEBUG] DATA-001.h2::codec::framed_read: received frame=Data { stream_id: StreamId(3) }
2026-09-16T09:14:26.648596200Z [DEBUG] DATA-001.h2::codec::framed_read: received frame=Data { stream_id: StreamId(3) }
2026-09-16T09:14:26.648604900Z [DEBUG] DATA-001.h2::codec::framed_read: received frame=Data { stream_id: StreamId(3) }
2026-09-16T09:14:26.648676600Z [DEBUG] DATA-001.h2::codec::framed_read: received frame=Data { stream_id: StreamId(3) }
2026-09-16T09:14:26.648683200Z [DEBUG] DATA-001.h2::codec::framed_read: received frame=Data { stream_id: StreamId(3) }
2026-09-16T09:14:26.650512100Z [DEBUG] DATA-001.h2::codec::framed_read: received frame=Data { stream_id: StreamId(3) }
2026-09-16T09:14:26.650533100Z [DEBUG] DATA-001.h2::codec::framed_read: received frame=Data { stream_id: StreamId(3) }
2026-09-16T09:14:26.650575300Z [DEBUG] DATA-001.h2::codec::framed_read: received frame=Data { stream_id: StreamId(3) }
2026-09-16T09:14:26.650581000Z [DEBUG] DATA-001.h2::codec::framed_read: received frame=Data { stream_id: StreamId(3) }
2026-09-16T09:14:26.650639400Z [DEBUG] DATA-001.h2::codec::framed_read: received frame=Data { stream_id: StreamId(3) }
2026-09-16T09:14:26.650646000Z [DEBUG] DATA-001.h2::codec::framed_read: received frame=Data { stream_id: StreamId(3) }
2026-09-16T09:14:26.650700800Z [DEBUG] DATA-001.h2::codec::framed_read: received frame=Data { stream_id: StreamId(3) }
2026-09-16T09:14:26.650707700Z [DEBUG] DATA-001.h2::codec::framed_read: received frame=Data { stream_id: StreamId(3) }
2026-09-16T09:14:26.652573500Z [DEBUG] DATA-001.h2::codec::framed_read: received frame=Data { stream_id: StreamId(3) }
2026-09-16T09:14:26.652593400Z [DEBUG] DATA-001.h2::codec::framed_read: received frame=Data { stream_id: StreamId(3) }
2026-09-16T09:14:26.652613500Z [DEBUG] DATA-001.h2::codec::framed_read: received frame=Data { stream_id: StreamId(3) }
2026-09-16T09:14:26.652615300Z [DEBUG] DATA-001.h2::codec::framed_read: received frame=Data { stream_id: StreamId(3) }
2026-09-16T09:14:26.652734700Z [DEBUG] DATA-001.h2::codec::framed_read: received frame=Data { stream_id: StreamId(3) }
2026-09-16T09:14:26.652741900Z [DEBUG] DATA-001.h2::codec::framed_read: received frame=Data { stream_id: StreamId(3) }
2026-09-16T09:14:26.652753100Z [DEBUG] DATA-001.h2::codec::framed_read: received frame=Data { stream_id: StreamId(3) }
2026-09-16T09:14:26.652755200Z [DEBUG] DATA-001.h2::codec::framed_read: received frame=Data { stream_id: StreamId(3) }
2026-09-16T09:14:26.652757700Z [DEBUG] DATA-001.h2::codec::framed_read: received frame=Data { stream_id: StreamId(3) }
2026-09-16T09:14:26.653138000Z [DEBUG] DATA-001.h2::codec::framed_read: received frame=Data { stream_id: StreamId(3) }
2026-09-16T09:14:26.653389700Z [DEBUG] DATA-001.h2::codec::framed_read: received frame=Data { stream_id: StreamId(3) }
2026-09-16T09:14:26.653418500Z [DEBUG] DATA-001.h2::codec::framed_read: received frame=Data { stream_id: StreamId(3) }
2026-09-16T09:14:26.653426300Z [DEBUG] DATA-001.h2::codec::framed_read: received frame=Data { stream_id: StreamId(3) }
2026-09-16T09:14:26.653435800Z [DEBUG] DATA-001.h2::codec::framed_read: received frame=Data { stream_id: StreamId(3) }
2026-09-16T09:14:26.653491500Z [DEBUG] DATA-001.h2::codec::framed_read: received frame=Data { stream_id: StreamId(3) }
2026-09-16T09:14:26.653506200Z [DEBUG] DATA-001.h2::codec::framed_read: received frame=Data { stream_id: StreamId(3) }
2026-09-16T09:14:26.655333200Z [DEBUG] DATA-001.h2::codec::framed_read: received frame=Data { stream_id: StreamId(3) }
2026-09-16T09:14:26.655368200Z [DEBUG] DATA-001.h2::codec::framed_read: received frame=Data { stream_id: StreamId(3) }
2026-09-16T09:14:26.655370800Z [DEBUG] DATA-001.h2::codec::framed_read: received frame=Data { stream_id: StreamId(3) }
2026-09-16T09:14:26.655375600Z [DEBUG] DATA-001.h2::codec::framed_read: received frame=Data { stream_id: StreamId(3) }
2026-09-16T09:14:26.655413600Z [DEBUG] DATA-001.h2::codec::framed_read: received frame=Data { stream_id: StreamId(3) }
2026-09-16T09:14:26.655421700Z [DEBUG] DATA-001.h2::codec::framed_read: received frame=Data { stream_id: StreamId(3) }
2026-09-16T09:14:26.655507800Z [DEBUG] DATA-001.h2::codec::framed_read: received frame=Data { stream_id: StreamId(3) }
2026-09-16T09:14:26.655529700Z [DEBUG] DATA-001.h2::codec::framed_read: received frame=Data { stream_id: StreamId(3) }
2026-09-16T09:14:26.657047300Z [DEBUG] DATA-001.h2::codec::framed_read: received frame=Data { stream_id: StreamId(3) }
2026-09-16T09:14:26.657082200Z [DEBUG] DATA-001.h2::codec::framed_read: received frame=Data { stream_id: StreamId(3) }
2026-09-16T09:14:26.657084700Z [DEBUG] DATA-001.h2::codec::framed_read: received frame=Data { stream_id: StreamId(3) }
2026-09-16T09:14:26.657089200Z [DEBUG] DATA-001.h2::codec::framed_read: received frame=Data { stream_id: StreamId(3) }
2026-09-16T09:14:26.657129200Z [DEBUG] DATA-001.h2::codec::framed_read: received frame=Data { stream_id: StreamId(3) }
2026-09-16T09:14:26.657136300Z [DEBUG] DATA-001.h2::codec::framed_read: received frame=Data { stream_id: StreamId(3) }
2026-09-16T09:14:26.657232900Z [DEBUG] DATA-001.h2::codec::framed_read: received frame=Data { stream_id: StreamId(3) }
2026-09-16T09:14:26.657251500Z [DEBUG] DATA-001.h2::codec::framed_read: received frame=Data { stream_id: StreamId(3) }
2026-09-16T09:14:26.658652000Z [DEBUG] DATA-001.h2::codec::framed_read: received frame=Data { stream_id: StreamId(3) }
2026-09-16T09:14:26.658682800Z [DEBUG] DATA-001.h2::codec::framed_read: received frame=Data { stream_id: StreamId(3) }
2026-09-16T09:14:26.658685200Z [DEBUG] DATA-001.h2::codec::framed_read: received frame=Data { stream_id: StreamId(3) }
2026-09-16T09:14:26.658693000Z [DEBUG] DATA-001.h2::codec::framed_read: received frame=Data { stream_id: StreamId(3) }
2026-09-16T09:14:26.658770700Z [DEBUG] DATA-001.h2::codec::framed_read: received frame=Data { stream_id: StreamId(3) }
2026-09-16T09:14:26.658797500Z [DEBUG] DATA-001.h2::codec::framed_read: received frame=Data { stream_id: StreamId(3) }
2026-09-16T09:14:26.661663400Z [DEBUG] DATA-001.h2::codec::framed_read: received frame=Data { stream_id: StreamId(3) }
2026-09-16T09:14:26.661701500Z [DEBUG] DATA-001.h2::codec::framed_read: received frame=Data { stream_id: StreamId(3) }
2026-09-16T09:14:26.661703700Z [DEBUG] DATA-001.h2::codec::framed_read: received frame=Data { stream_id: StreamId(3) }
2026-09-16T09:14:26.661705300Z [DEBUG] DATA-001.h2::codec::framed_read: received frame=Data { stream_id: StreamId(3) }
2026-09-16T09:14:26.661745700Z [DEBUG] DATA-001.h2::codec::framed_read: received frame=Data { stream_id: StreamId(3) }
2026-09-16T09:14:26.661751400Z [DEBUG] DATA-001.h2::codec::framed_read: received frame=Data { stream_id: StreamId(3) }
2026-09-16T09:14:26.661832100Z [DEBUG] DATA-001.h2::codec::framed_read: received frame=Data { stream_id: StreamId(3) }
2026-09-16T09:14:26.661846800Z [DEBUG] DATA-001.h2::codec::framed_read: received frame=Data { stream_id: StreamId(3) }
2026-09-16T09:14:26.661861300Z [DEBUG] DATA-001.h2::codec::framed_read: received frame=Data { stream_id: StreamId(3) }
2026-09-16T09:14:26.661864200Z [DEBUG] DATA-001.h2::codec::framed_read: received frame=Data { stream_id: StreamId(3) }
2026-09-16T09:14:26.661947600Z [DEBUG] DATA-001.h2::codec::framed_read: received frame=Data { stream_id: StreamId(3) }
2026-09-16T09:14:26.661965800Z [DEBUG] DATA-001.h2::codec::framed_read: received frame=Data { stream_id: StreamId(3) }
2026-09-16T09:14:26.663191500Z [DEBUG] DATA-001.h2::codec::framed_read: received frame=Data { stream_id: StreamId(3) }
2026-09-16T09:14:26.663213400Z [DEBUG] DATA-001.h2::codec::framed_read: received frame=Data { stream_id: StreamId(3) }
2026-09-16T09:14:26.663228600Z [DEBUG] DATA-001.h2::codec::framed_read: received frame=Data { stream_id: StreamId(3) }
2026-09-16T09:14:26.663230700Z [DEBUG] DATA-001.h2::codec::framed_read: received frame=Data { stream_id: StreamId(3) }
2026-09-16T09:14:26.663350600Z [DEBUG] DATA-001.h2::codec::framed_read: received frame=Data { stream_id: StreamId(3) }
2026-09-16T09:14:26.663365200Z [DEBUG] DATA-001.h2::codec::framed_read: received frame=Data { stream_id: StreamId(3) }
2026-09-16T09:14:26.665203900Z [DEBUG] DATA-001.h2::codec::framed_read: received frame=Data { stream_id: StreamId(3) }
2026-09-16T09:14:26.665226100Z [DEBUG] DATA-001.h2::codec::framed_read: received frame=Data { stream_id: StreamId(3) }
2026-09-16T09:14:26.665244800Z [DEBUG] DATA-001.h2::codec::framed_read: received frame=Data { stream_id: StreamId(3) }
2026-09-16T09:14:26.665246500Z [DEBUG] DATA-001.h2::codec::framed_read: received frame=Data { stream_id: StreamId(3) }
2026-09-16T09:14:26.665341200Z [DEBUG] DATA-001.h2::codec::framed_read: received frame=Data { stream_id: StreamId(3) }
2026-09-16T09:14:26.665347100Z [DEBUG] DATA-001.h2::codec::framed_read: received frame=Data { stream_id: StreamId(3) }
2026-09-16T09:14:26.665407900Z [DEBUG] DATA-001.h2::codec::framed_read: received frame=Data { stream_id: StreamId(3) }
2026-09-16T09:14:26.665416700Z [DEBUG] DATA-001.h2::codec::framed_read: received frame=Data { stream_id: StreamId(3) }
2026-09-16T09:14:26.665459000Z [DEBUG] DATA-001.h2::codec::framed_read: received frame=Data { stream_id: StreamId(3) }
2026-09-16T09:14:26.665464100Z [DEBUG] DATA-001.h2::codec::framed_read: received frame=Data { stream_id: StreamId(3) }
2026-09-16T09:14:26.665466700Z [DEBUG] DATA-001.h2::codec::framed_read: received frame=Data { stream_id: StreamId(3) }
2026-09-16T09:14:26.665470800Z [DEBUG] DATA-001.h2::codec::framed_read: received frame=Data { stream_id: StreamId(3) }
2026-09-16T09:14:26.665471700Z [DEBUG] DATA-001.h2::codec::framed_read: received frame=Data { stream_id: StreamId(3) }
2026-09-16T09:14:26.665472500Z [DEBUG] DATA-001.h2::codec::framed_read: received frame=Data { stream_id: StreamId(3), flags: (0x1: END_STREAM) }
2026-09-16T09:14:26.698686200Z [INFO] DATA-001.nautilus_binance::spot::data: Connecting to Binance Spot public JSON WebSocket...
2026-09-16T09:14:26.698725000Z [DEBUG] DATA-001.nautilus_network::websocket::client: Connecting
2026-09-16T09:14:26.758542900Z [DEBUG] DATA-001.h2::codec::framed_read: received frame=Ping { ack: true, payload: [59, 124, 219, 122, 11, 135, 22, 180] }
2026-09-16T09:14:26.758581700Z [DEBUG] DATA-001.h2::codec::framed_write: send frame=Settings { flags: (0x0), initial_window_size: 9389896 }
2026-09-16T09:14:26.758587200Z [DEBUG] DATA-001.h2::codec::framed_write: send frame=WindowUpdate { stream_id: StreamId(0), size_increment: 5364796 }
2026-09-16T09:14:26.971972600Z [DEBUG] DATA-001.h2::codec::framed_read: received frame=Settings { flags: (0x1: ACK) }
2026-09-16T09:14:26.971995300Z [DEBUG] DATA-001.h2::proto::settings: received settings ACK; applying Settings { flags: (0x0), initial_window_size: 9389896 }
2026-09-16T09:14:30.045680000Z [DEBUG] DATA-001.nautilus_binance::futures::websocket::streams::client: Disconnected from Binance Futures stream pool
2026-09-16T09:14:30.045687800Z [DEBUG] DATA-001.nautilus_binance::futures::websocket::streams::client: Disconnected from Binance Futures stream pool
2026-09-16T09:14:30.045209000Z [ERROR] DATA-001.nautilus_binance::futures::data: Binance Futures market WebSocket connection failed: NetworkError("I/O error: connection timed out after 5s")
2026-09-16T09:14:31.712168500Z [ERROR] DATA-001.nautilus_binance::spot::data: Binance Spot public JSON WebSocket connection failed: Failed to connect Spot public JSON WS: I/O error: connection timed out after 5s
2026-09-16T09:14:31.712205400Z [DEBUG] DATA-001.nautilus_binance::spot::websocket::public_json::client: Disconnected from Binance Spot public JSON stream pool
2026-09-16T09:14:31.712224700Z [DEBUG] DATA-001.nautilus_live::node: Draining 2 data events/commands into cache (data_evts=2, data_cmds=0)
2026-09-16T09:14:31.712240700Z [DEBUG] DATA-001.nautilus_data::engine: Handling instrument: BTCUSDT-PERP.BINANCE
2026-09-16T09:14:31.712258400Z [DEBUG] DATA-001.nautilus_common::cache: Adding `Instrument` BTCUSDT-PERP.BINANCE
2026-09-16T09:14:31.712263600Z [DEBUG] DATA-001.nautilus_common::cache: Adding `Currency` BTC
2026-09-16T09:14:31.712266200Z [DEBUG] DATA-001.nautilus_common::cache: Adding `Currency` USDT
2026-09-16T09:14:31.712284100Z [DEBUG] DATA-001.nautilus_data::engine: Publishing instrument to topic: data.instrument.BINANCE.BTCUSDT-PERP
2026-09-16T09:14:31.712304200Z [DEBUG] DATA-001.nautilus_data::engine: Handling instrument: BTCUSDT.BINANCE
2026-09-16T09:14:31.712309500Z [DEBUG] DATA-001.nautilus_common::cache: Adding `Instrument` BTCUSDT.BINANCE
2026-09-16T09:14:31.712312000Z [DEBUG] DATA-001.nautilus_data::engine: Publishing instrument to topic: data.instrument.BINANCE.BTCUSDT
2026-09-16T09:14:31.712319200Z [INFO] DATA-001.nautilus_system::kernel: Connecting execution clients...
2026-09-16T09:14:31.712325900Z [INFO] DATA-001.nautilus_live::node: Awaiting engine connections (60s timeout)...
2026-09-16T09:14:31.712219000Z [ERROR] DATA-001.nautilus_data::engine: Failed to connect data client: failed to connect Binance Spot public JSON WebSocket: Failed to connect Spot public JSON WS: I/O error: connection timed out after 5s
2026-09-16T09:14:31.712220900Z [ERROR] DATA-001.nautilus_data::engine: Failed to connect data client: failed to connect Binance Futures market WebSocket: Network error: I/O error: connection timed out after 5s
2026-09-16T09:14:32.260927700Z [WARN] DATA-001.nautilus_live::node: Stop signal received, aborting connection wait
2026-09-16T09:14:32.260967200Z [INFO] DATA-001.nautilus_live::node: Stop signal received during startup, aborting startup
2026-09-16T09:14:32.260971900Z [INFO] DATA-001.nautilus_system::kernel: Disconnecting clients...
2026-09-16T09:14:32.260988200Z [DEBUG] DATA-001.nautilus_binance::spot::websocket::public_json::client: Disconnected from Binance Spot public JSON stream pool
2026-09-16T09:14:32.261001500Z [INFO] DATA-001.nautilus_binance::spot::data: Disconnected: client_id=BINANCE_SPOT
2026-09-16T09:14:32.261017200Z [DEBUG] DATA-001.nautilus_binance::futures::websocket::streams::client: Disconnected from Binance Futures stream pool
2026-09-16T09:14:32.261018500Z [DEBUG] DATA-001.nautilus_binance::futures::websocket::streams::client: Disconnected from Binance Futures stream pool
2026-09-16T09:14:32.261031600Z [INFO] DATA-001.nautilus_binance::futures::data: Disconnected: client_id=BINANCE_USD_M
2026-09-16T09:14:32.261045500Z [INFO] DATA-001.nautilus_live::node: Awaiting engine disconnections (10s timeout)...
2026-09-16T09:14:32.261050600Z [INFO] DATA-001.nautilus_live::node: All engine clients disconnected
2026-09-16T09:14:32.261059100Z [INFO] DATA-001.nautilus_binance::spot::data: Stopping BINANCE_SPOT
2026-09-16T09:14:32.261060300Z [INFO] DATA-001.nautilus_binance::futures::data: Stopping BINANCE_USD_M
2026-09-16T09:14:32.261068300Z [INFO] DATA-001.nautilus_execution::engine: Stopped
2026-09-16T09:14:32.261069500Z [INFO] DATA-001.nautilus_risk::engine: Stopped
2026-09-16T09:14:32.261070700Z [INFO] DATA-001.nautilus_execution::order_emulator::emulator: Stopped
2026-09-16T09:14:32.261076900Z [INFO] DATA-001.nautilus_system::kernel: Stopped
2026-09-16T09:14:32.261080200Z [INFO] DATA-001.nautilus_live::node: Event loop stopped
2026-09-16T09:14:32.269128700Z [INFO] DATA-001.nautilus_system::kernel: Disposing
2026-09-16T09:14:32.269142500Z [INFO] DATA-001.nautilus_system::trader: Disposing
2026-09-16T09:14:32.269144100Z [DEBUG] DATA-001.nautilus_system::trader: Disposing actor Recorder
2026-09-16T09:14:32.269158500Z [INFO] DATA-001.Recorder: Disposing
2026-09-16T09:14:32.269191300Z [INFO] DATA-001.Recorder: Disposed
2026-09-16T09:14:32.269215100Z [INFO] DATA-001.nautilus_system::trader: Disposed
2026-09-16T09:14:32.269219700Z [INFO] DATA-001.nautilus_binance::spot::data: Stopping BINANCE_SPOT
2026-09-16T09:14:32.269223300Z [INFO] DATA-001.nautilus_binance::futures::data: Stopping BINANCE_USD_M
2026-09-16T09:14:32.269226300Z [INFO] DATA-001.nautilus_execution::engine: Stopped
2026-09-16T09:14:32.269226700Z [INFO] DATA-001.nautilus_risk::engine: Stopped
2026-09-16T09:14:32.269227000Z [INFO] DATA-001.nautilus_execution::order_emulator::emulator: Stopped
2026-09-16T09:14:32.269229500Z [DEBUG] DATA-001.nautilus_portfolio::portfolio: RESETTING
2026-09-16T09:14:32.269232900Z [DEBUG] DATA-001.nautilus_portfolio::portfolio: RESETTING
2026-09-16T09:14:32.269237200Z [DEBUG] DATA-001.nautilus_portfolio::portfolio: READY
2026-09-16T09:14:32.269237500Z [DEBUG] DATA-001.nautilus_portfolio::portfolio: READY
2026-09-16T09:14:32.269239500Z [DEBUG] DATA-001.nautilus_binance::spot::data: Disposing BINANCE_SPOT
2026-09-16T09:14:32.269240100Z [INFO] DATA-001.nautilus_binance::spot::data: Stopping BINANCE_SPOT
2026-09-16T09:14:32.269240700Z [DEBUG] DATA-001.nautilus_binance::futures::data: Disposing BINANCE_USD_M
2026-09-16T09:14:32.269241000Z [INFO] DATA-001.nautilus_binance::futures::data: Stopping BINANCE_USD_M
2026-09-16T09:14:32.269244000Z [INFO] DATA-001.nautilus_execution::engine: Disposed
2026-09-16T09:14:32.269244200Z [INFO] DATA-001.nautilus_risk::engine: Disposed
2026-09-16T09:14:32.269250600Z [INFO] DATA-001.nautilus_execution::order_emulator::emulator: Disposed
2026-09-16T09:14:32.269252800Z [DEBUG] DATA-001.nautilus_common::cache: Resetting cache
2026-09-16T09:14:32.269264800Z [DEBUG] DATA-001.nautilus_common::cache: Cleared index
2026-09-16T09:14:32.269265100Z [INFO] DATA-001.nautilus_common::cache: Reset cache
2026-09-16T09:14:32.269281800Z [INFO] DATA-001.nautilus_system::kernel: Disposed
2026-09-16T09:14:32.270850500Z [DEBUG] DATA-001.h2::codec::framed_write: send frame=GoAway { error_code: NO_ERROR, last_stream_id: StreamId(0) }
2026-09-16T09:14:32.270871100Z [DEBUG] DATA-001.h2::codec::framed_write: send frame=GoAway { error_code: NO_ERROR, last_stream_id: StreamId(0) }
2026-09-16T09:14:32.270878400Z [DEBUG] DATA-001.h2::proto::connection: Connection::poll; connection error error=GoAway(b"", NO_ERROR, Library)
2026-09-16T09:14:32.270872000Z [DEBUG] DATA-001.h2::proto::connection: Connection::poll; connection error error=GoAway(b"", NO_ERROR, Library)
data\execution\probe\forward\binance_BTC_1789550059\coverage.json
2026-09-16T09:14:32.272742500Z [DEBUG] DATA-001.rustls::common_state: Sending warning alert CloseNotify
2026-09-16T09:14:32.272743900Z [DEBUG] DATA-001.rustls::common_state: Sending warning alert CloseNotify
